11.2641449,0.875762939,4.645004272,-0.408035278,-3.769561768,2.569168091
11.68289185,-0.978683472,4.111404419,-0.924835205,-2.206954956,2.477539063
13.10900879,-2.938400269,3.599349976,-2.312713623,-1.37008667,3.126266479
14.82466125,-3.010192871,3.441421509,-2.569290161,-1.80380249,3.544113159
15.71479797,-2.388061523,3.695053101,-1.459960938,-2.668777466,3.381607056
16.31300354,-0.859039307,4.910614014,-0.585205078,-2.702987671,3.099395752
14.66195679,-0.390045166,5.176223755,-0.12828064,-1.284576416,2.047485352
12.97502136,-2.05305481,2.390975952,-0.211349487,0.461257935,1.788482666
12.86494446,-2.127243042,0.641815186,-0.757476807,0.987823486,1.933868408
12.73094177,-2.936004639,0.321182251,-0.298095703,0.626205444,1.704177856
12.48927307,-3.507888794,-0.128677368,-0.226028442,0.166824341,1.849563599
12.63523865,-3.163330078,0.579605103,-0.594970703,-0.013977051,2.049926758
13.65936279,-2.134414673,0.249389648,-0.244354248,0.054428101,2.196533203
14.02786255,-1.646286011,0.103439331,0.098953247,0.119171143,1.775039673
10.97460938,-0.46661377,0.768630981,-0.062301636,0.89251709,1.224060059
9.787780762,-0.557540894,-0.107131958,0.237014771,1.38243103,0.648605347
8.423873901,-3.046081543,-1.305938721,0.935821533,0.880310059,-0.68548584
7.658157349,-5.144592285,-1.73425293,0.629180908,0.409957886,-0.98236084
6.990570068,-4.503311157,-1.040328979,0.213775635,0.348861694,-0.796676636
5.873123169,-4.199417114,-1.179122925,0.196685791,0.269454956,-0.808883667
6.5574646,-3.952957153,-0.439743042,0.158813477,0.027557373,-0.604858398
6.430648804,-3.388259888,-0.241134644,0.191802979,0.131393433,-0.62928772
6.844604492,-3.541397095,-1.200653076,0.261428833,0.022674561,-0.435028076
8.572219849,-3.007797241,-0.425384521,0.354293823,-0.517318726,-0.201690674
10.22087097,-3.589248657,0.254180908,0.233337402,-0.640716553,-0.318969727
12.50363159,-4.024749756,0.677703857,0.152709961,-0.812988281,-0.265228271
14.05418396,-3.778289795,0.457565308,0.657272339,-1.026794434,-0.41305542
15.25776672,-4.881378174,0.084289551,0.537536621,-0.900939941,-0.846755981
15.05198669,-4.309494019,0.000549316,0.444702148,-0.767776489,-1.008026123
11.42446899,-5.470016479,-2.162567139,1.678634644,-1.126968384,-1.952423096
11.46035767,-3.756744385,0.369033813,2.505752563,-2.605239868,-1.829025269
11.60871887,-4.065429688,0.455184937,1.947418213,-1.503265381,-1.959747314
9.385787964,-3.412185669,0.483886719,0.658508301,-0.257095337,-1.929214478
7.543304443,-2.414382935,0.141723633,0.097717285,0.276779175,-1.593231201
6.665145874,-2.017166138,0.493469238,0.375061035,-0.143478394,-1.48815918
6.045394897,-2.120056152,0.572433472,0.849090576,-0.536880493,-1.357437134
6.021469116,-2.132019043,0.414505005,0.978591919,-0.651702881,-1.093551636
6.131546021,-2.435913086,0.0675354,0.547317505,-0.530761719,-0.858978271
6.959457397,-2.9790802,0.0675354,-0.039093018,-0.433013916,-0.536437988
8.507614136,-4.761734009,0.110610962,-0.703704834,-0.159347534,-0.273757935
10.00552368,-6.216567993,0.2996521,-1.610229492,0.15461731,0.161132813
10.44102478,-7.424942017,-0.174133301,-2.182006836,0.505233765,0.803771973
10.9889679,-6.664031982,-0.231567383,-2.646240234,0.403839111,1.647994995
11.87910461,-3.929031372,-0.3775177,-1.776382446,0.209594727,2.481201172
11.2593689,-2.787658691,-2.696166992,0.375061035,0.342758179,2.553283691
11.15885925,-2.572296143,-3.215408325,0.636505127,-0.045730591,2.377365112
11.5728302,-1.988449097,-1.305938721,-0.10017395,0.050765991,2.329711914
9.390563965,-0.679580688,-0.468444824,-0.405593872,0.78868103,2.045043945
9.127365112,-0.253662109,-0.466064453,-0.60597229,1.033035278,1.735946655
8.706222534,-0.241699219,-0.556991577,-0.420272827,0.847335815,1.08354187
8.043411255,-1.450073242,-0.509124756,-0.53755188,0.760574341,0.560653687
8.447799683,-1.658248901,-0.434951782,-0.950485229,0.904754639,0.636398315
9.548492432,-1.61277771,-0.511520386,-0.867416382,0.781356812,0.715820313
11.18518066,-2.031524658,-0.631164551,-0.476455688,0.466140747,0.648605347
13.78857422,-2.617767334,-0.590484619,0.161254883,-0.020080566,0.542327881
15.21469116,-2.601013184,-1.133651733,1.017684937,-0.247329712,0.119598389
15.86553955,-3.519851685,-2.279815674,1.183837891,-0.252212524,-0.285995483
13.81010437,-1.62953186,-2.452102661,1.08366394,-0.220443726,-0.742904663
11.91738892,-2.768508911,-2.289382935,1.180160522,-0.745773315,-1.615219116
11.16365051,-4.723449707,-1.327468872,0.794113159,-1.181945801,-1.847351074
10.30941772,-4.249664307,-0.032958984,0.750137329,-1.315109253,-1.603012085
9.723175049,-2.696731567,0.438430786,1.037231445,-1.422607422,-1.599334717
9.436035156,-2.517272949,0.579605103,0.829544067,-1.355422974,-1.901092529
9.203933716,-3.20161438,0.483886719,0.40071106,-1.207595825,-2.145462036
9.101043701,-3.448074341,0.895462036,-0.007339478,-1.130630493,-2.177230835
8.912002563,-3.993637085,1.412307739,-0.398269653,-0.926605225,-2.309158325
8.411911011,-4.962738037,1.235244751,-0.546112061,-0.56741333,-2.314056396
7.691665649,-5.965332031,1.129959106,-0.707382202,-0.199676514,-2.040390015
6.485687256,-6.984664917,1.182601929,-0.979812622,0.317092896,-1.380645752
5.641021729,-7.599624634,-0.233947754,-0.643844604,0.627410889,-0.221221924
7.524169922,-7.824554443,-2.095565796,0.050079346,0.225479126,1.156845093
9.201538086,-6.424743652,-1.801254272,-0.243118286,0.011672974,2.27961731
11.42926025,-5.594436646,-1.607437134,-0.54977417,0.131393433,3.051757813
13.40333557,-4.79284668,-2.145812988,-0.025650024,-0.016418457,3.365722656
12.66633606,-2.651260376,-2.229568481,0.955383301,-0.045730591,3.13482666
10.79037476,-1.232315063,-1.810821533,0.756225586,0.25479126,2.482437134
9.692062378,-0.887756348,-1.497360229,-0.146606445,0.920639038,2.09513855
8.935928345,-0.564727783,-1.813217163,-0.388504028,1.064788818,1.766494751
8.969436646,-0.959533691,-1.454299927,-0.679260254,0.852218628,1.409744263
9.878707886,-1.363922119,-0.631164551,-0.860092163,0.695831299,1.161727905
10.48648071,-1.993240356,-0.798660278,-0.609634399,0.734924316,0.910064697
11.58000183,-2.323440552,-1.334655762,-0.598632813,0.681182861,0.841644287
12.8170929,-2.206207275,-1.195861816,0.081848145,0.199798584,0.6144104
13.17123413,-1.787460327,-1.762969971,0.41293335,0.275558472,0.133041382
14.09963989,-3.594039917,-2.621994019,-0.270004272,0.528457642,-0.399612427
14.04222107,-3.318862915,-2.057281494,-0.300537109,0.277999878,-0.580429077
12.05856323,-2.670410156,-1.772537231,0.603515625,-0.244888306,-1.138748169
12.03463745,-4.156356812,-1.73425293,0.857635498,-0.790985107,-1.478393555
11.97242737,-4.242492676,-1.131256104,1.106872559,-1.323669434,-1.590789795
10.72337341,-3.091537476,-0.288986206,0.977355957,-1.464172363,-1.820480347
9.677703857,-2.74458313,0.452789307,0.587631226,-1.214920044,-2.122238159
8.873718262,-3.072402954,0.785385132,0.339630127,-0.844741821,-2.339706421
7.682098389,-4.175491333,0.505432129,0.322525024,-0.595504761,-2.450897217
7.339920044,-4.78326416,0.151290894,0.324966431,-0.519760132,-2.072143555
7.167633057,-4.694732666,0.000549316,0.290756226,-0.508758545,-1.634780884
7.4715271,-5.307296753,0.036437988,-0.245559692,-0.303512573,-1.31590271
7.880691528,-6.439102173,0.424072266,-0.715911865,-0.064056396,-0.960388184
7.945297241,-7.058837891,0.622680664,-0.923629761,0.133850098,-0.425262451
8.904830933,-7.618759155,-0.858474731,-0.604751587,0.191268921,0.316299438
9.543701172,-7.783874512,-0.509124756,-1.260818481,0.480819702,1.148284912
9.895446777,-5.319259644,-0.214813232,-1.556472778,0.682388306,2.015731812
11.11100769,-3.988845825,-1.430358887,-0.555877686,0.418487549,2.398132324
11.31439209,-3.290145874,-1.081008911,0.215011597,-0.188674927,2.11958313
9.830841064,-2.601013184,-0.279418945,0.420257568,-0.051849365,1.783599854
8.706222534,-1.856842041,-0.679016113,0.153915405,0.631088257,1.778717041
8.311401367,-1.435714722,-1.463867188,-0.014663696,0.924285889,1.655319214
8.129547119,-1.366317749,-1.581115723,-0.114837646,0.752044678,1.453720093
8.59614563,-1.643890381,-1.262863159,-0.507019043,0.552886963,1.296127319
9.440811157,-1.926239014,-0.590484619,-0.868637085,0.616409302,1.198379517
10.8573761,-2.383270264,-0.578521729,-0.689056396,0.501586914,1.165405273
12.92237854,-2.864227295,-0.918304443,-0.184463501,0.121612549,1.204498291
13.98478699,-1.634307861,-0.705337524,0.448348999,-0.122711182,0.972366333
13.89625549,-1.873596191,-1.418395996,0.550979614,0.202270508,0.3175354
14.14271545,-2.361740112,-2.495178223,0.245544434,0.315872192,-0.036758423
13.33633423,-1.301712036,-2.313323975,0.447143555,-0.059173584,-0.499801636
12.37202454,-2.74458313,-1.607437134,0.759902954,-0.634613037,-1.291473389
12.99415588,-4.010391235,-1.698364258,1.084884644,-1.153839111,-1.565139771
13.06594849,-3.43850708,-1.078613281,1.164276123,-1.508148193,-1.794815063
10.71858215,-2.708694458,-0.310531616,0.533889771,-1.114746094,-2.256622314
9.634628296,-3.081970215,0.357070923,-0.256561279,-0.775100708,-2.626815796
9.577209473,-3.775894165,0.97203064,-0.054977417,-0.847183228,-2.84916687
8.907211304,-4.237701416,0.945709229,0.470352173,-0.880172729,-3.037307739
7.323165894,-5.223556519,0.175216675,0.285873413,-0.506317139,-2.955459595
6.638824463,-5.843292236,0.232650757,-0.323745728,-0.294967651,-2.215087891
7.064743042,-6.027542114,0.680099487,-0.355514526,-0.348724365,-1.413650513
7.122177124,-6.274002075,0.928955078,-0.122161865,-0.378036499,-0.828430176
8.438217163,-7.104309082,0.230255127,-0.219909668,-0.095825195,-0.045303345
9.701629639,-7.922653198,-0.576126099,-0.447158813,0.163146973,0.917388916
10.38119507,-4.931625366,-0.880020142,-0.711029053,0.464935303,2.02671814
11.77381897,-3.500717163,-3.155593872,-0.138046265,0.633529663,2.466552734
12.16384888,-2.172698975,-3.311126709,0.279754639,0.067871094,2.20753479
10.54629517,-1.741989136,-1.772537231,0.080627441,0.018997192,1.542922974
8.127151489,-1.438110352,-1.784500122,-0.392166138,0.75692749,1.255813599
7.335128784,-1.538604736,-1.920898438,-0.761123657,0.974380493,1.331558228
7.971618652,-1.186859131,-1.550003052,-0.412948608,0.466140747,1.712738037
9.117782593,-0.540802002,-0.442123413,-0.166137695,0.050765991,1.757949829
9.995956421,-0.727432251,-0.336853027,-0.474014282,0.392837524,1.632110596
11.10621643,-1.373504639,-0.690979004,-0.758682251,0.634735107,1.500167847
12.49884033,-1.945388794,-0.60244751,-0.744033813,0.488143921,1.33644104
13.61151123,-1.363922119,-0.018600464,-0.414154053,0.358627319,1.093322754
14.61410522,-0.323043823,-1.305938721,0.20401001,0.358627319,0.454360962
15.10462952,-1.773101807,-1.944824219,0.041534424,0.285339355,-0.404495239
13.62107849,0.002380371,-1.96875,-0.047637939,0.346420288,-0.337295532
12.04180908,-0.614974976,-2.509521484,0.679275513,-0.026199341,-0.984802246
11.36943054,-2.091339111,-1.801254272,0.78678894,-0.468460083,-1.347671509
11.03204346,-2.333023071,-1.243728638,0.882080078,-0.64805603,-1.309799194
9.50541687,-1.541000366,-0.987686157,1.076324463,-0.784881592,-1.431976318
9.261352539,-1.600814819,-0.360778809,1.016464233,-0.914382935,-1.622543335
9.73991394,-2.30909729,-0.126281738,1.022567749,-0.771453857,-1.84979248
10.89326477,-2.048278809,0.790176392,0.698806763,-1.031677246,-1.607894897
9.737533569,-3.20161438,1.711410522,0.238220215,-0.678588867,-2.11857605
9.139328003,-4.299926758,0.979202271,0.153915405,-0.283981323,-2.047714233
9.366638184,-4.122848511,0.105819702,0.207687378,-0.462341309,-1.766708374
9.237426758,-5.407791138,0.464752197,-0.206466675,-0.518554688,-1.68119812
8.593765259,-5.946182251,0.421676636,-0.740356445,-0.095825195,-1.115539551
9.51020813,-7.391448975,-0.925476074,-0.797775269,0.109405518,-0.371505737
8.658370972,-6.245285034,-0.750808716,-1.197296143,0.149719238,0.591186523
9.313995361,-4.661239624,-0.846511841,-1.356109619,0.214477539,1.490371704
10.27830505,-3.108291626,-1.573928833,-0.298095703,-0.028640747,1.898452759
9.443206787,-2.08656311,-1.497360229,0.527770996,-0.160583496,1.687088013
7.981201172,-2.05305481,-1.322692871,0.050079346,0.308547974,1.629669189
8.136734009,-1.328033447,-1.688796997,-0.136825562,0.580993652,1.828796387
7.579208374,-0.854248047,-2.772735596,-0.04397583,0.754486084,1.709060669
8.122375488,-0.904510498,-1.798858643,-1.117874146,0.550445557,1.683410645
9.469528198,-1.514678955,-0.504348755,-1.803268433,0.544342041,1.684646606
10.44340515,-2.060241699,0.117797852,-1.596786499,0.47593689,1.606445313
12.06095886,-2.385665894,0.139328003,-0.900390625,0.229125977,1.709060669
13.78857422,-1.741989136,-0.030563354,0.074508667,0.043441772,1.731063843
14.20013428,-0.311080933,-1.28918457,0.675598145,0.216918945,1.314453125
14.90124512,-0.763320923,-2.042922974,0.552215576,0.221801758,0.622955322
15.22904968,-0.890151978,-1.925674438,0.299316406,0.199798584,0.157485962
13.51818848,-0.251266479,-2.270248413,0.632843018,0.185150146,-0.433822632
12.3433075,-1.095932007,-2.272644043,1.01524353,-0.412246704,-1.116760254
12.53234863,-2.009994507,-2.143432617,1.189956665,-0.916824341,-1.519927979
11.09425354,-1.983673096,-1.246124268,0.838088989,-0.999908447,-1.833908081
9.773422241,-1.469207764,-0.291381836,0.602294922,-1.027999878,-2.063598633
9.787780762,-1.526641846,0.412109375,0.836868286,-1.263809204,-2.279846191
9.811706543,-2.380874634,0.598754883,1.188720703,-1.381072998,-2.536407471
9.30921936,-3.153762817,0.675323486,0.948059082,-1.179504395,-2.571838379
9.017288208,-3.692138672,0.943313599,0.317642212,-0.871627808,-2.388565063
8.672714233,-4.228134155,0.814102173,-0.140487671,-0.544204712,-2.103912354
8.330551147,-4.993835449,0.617889404,-0.46913147,-0.37437439,-1.75328064
7.907012939,-5.965332031,0.761459351,-0.866195679,-0.134918213,-1.194961548
9.002929688,-6.666427612,-0.171737671,-0.758682251,0.168060303,-0.295761108
9.560455322,-6.618560791,-0.824981689,-0.805114746,0.25112915,0.687698364
9.993560791,-4.216171265,-2.030960083,-0.426361084,0.238922119,1.602783203
10.28070068,-2.933624268,-2.906738281,-0.070846558,-0.007888794,1.788482666
10.35487366,-3.292541504,-2.129074097,-0.366500854,-0.007888794,1.649200439
8.797149658,-2.98387146,-2.217605591,-0.654846191,0.516235352,1.739624023
7.959655762,-1.560134888,-2.172134399,-0.968811035,0.791122437,2.042602539
7.890274048,-1.002609253,-2.102752686,-0.809997559,0.660415649,2.096359253
8.387969971,-1.452453613,-1.411224365,-0.796554565,0.441726685,2.091461182
9.761459351,-1.088745117,-0.851303101,-0.72203064,0.277999878,2.27961731
11.03923035,-0.813583374,-0.585693359,-0.569320679,0.148498535,2.109786987
11.98916626,-1.311279297,-0.248306274,-0.609634399,0.259689331,1.859344482
12.93673706,-1.272994995,-0.793869019,-0.337188721,0.315872192,1.775039673
14.00631714,-0.100509644,-1.841934204,0.704925537,-0.082382202,1.53314209
14.7265625,-0.567123413,-2.894775391,1.108093262,-0.106826782,0.721908569
15.51858521,-1.476394653,-2.554992676,-0.393386841,0.299987793,0.448242188
14.36524963,1.205963135,-1.832366943,-0.632843018,0.533340454,0.079284668
13.39614868,-0.670013428,-1.849105835,1.033569336,-0.429367065,-1.168075562
12.71659851,-1.493133545,-1.51411438,2.091583252,-1.327331543,-1.811920166
12.18537903,-1.15335083,-0.724487305,2.054931641,-1.524032593,-2.200439453
10.75926208,-1.462036133,-0.317703247,1.671310425,-1.288223267,-2.648788452
10.3453064,-2.239700317,0.005325317,1.346328735,-1.222244263,-2.901687622
9.675308228,-3.333221436,0.096252441,1.001800537,-1.070770264,-2.961578369
9.024459839,-3.902709961,-0.028167725,0.426376343,-0.792221069,-2.667144775
8.787582397,-4.185058594,0.07232666,0.017089844,-0.745773315,-2.277404785
9.103424072,-4.409988403,0.519790649,-0.290771484,-0.753128052,-1.875442505
9.648986816,-5.108688354,0.558074951,-0.464248657,-0.599182129,-1.63722229
8.691864014,-5.656646729,0.570037842,-0.789230347,-0.258331299,-1.342773438
9.07472229,-6.474990845,-0.267456055,-0.80267334,0.062973022,-0.745346069
8.636825562,-7.415374756,-0.516311646,-1.004257202,0.281661987,-0.051422119
8.789962769,-4.692337036,-0.877624512,-1.028686523,0.463699341,1.255813599
10.17541504,-3.634719849,-2.952194214,-0.241897583,0.370849609,1.804367065
10.47691345,-3.960144043,-2.803848267,-0.268768311,0.143615723,1.920425415
9.376205444,-2.598617554,-1.191085815,-0.828323364,0.385513306,2.159881592
8.325759888,-1.450073242,-1.51411438,-0.801452637,0.794784546,2.205093384
7.717987061,-1.371109009,-1.884994507,-0.654846191,0.660415649,2.108581543
8.306625366,-1.519454956,-1.179122925,-0.472808838,0.243804932,2.100021362
9.366638184,-1.478775024,-0.889587402,-0.636520386,0.296325684,2.111022949
10.7353363,-1.031326294,-0.561767578,-1.12399292,0.419723511,2.124465942
12.08009338,-1.091140747,0.120178223,-1.277923584,0.494247437,1.969314575
13.4487915,-0.92364502,-0.39906311,-0.928512573,0.480819702,1.904541016
14.35806274,-0.220153809,-1.069046021,-0.470367432,0.29510498,1.775039673
16.12875366,-0.299118042,-1.648117065,0.130706787,-0.048171997,1.259475708
16.63842773,-0.134017944,-1.784500122,0.438583374,-0.182556152,0.715820313
15.12138367,2.076950073,-2.20803833,0.861297607,-0.153244019,-0.062408447
13.79814148,-1.275390625,-1.889785767,0.695159912,-0.276657104,-1.505279541
12.3768158,-2.806793213,-1.636154175,1.101974487,-0.470901489,-1.976867676
10.06533813,-3.003005981,-1.186294556,1.362213135,-0.717681885,-2.156433105
9.05317688,-2.474197388,-0.645523071,1.525924683,-1.130630493,-2.008621216
9.610702515,-2.239700317,-0.006637573,1.715286255,-1.46661377,-2.140579224
9.593963623,-2.933624268,0.349899292,1.610214233,-1.580230713,-2.384918213
8.952682495,-4.012786865,0.158462524,0.926055908,-1.14894104,-2.408126831
8.651184082,-4.421951294,0.282897949,-0.114837646,-0.651702881,-2.072143555
8.555465698,-5.539398193,0.476715088,-0.78678894,-0.303512573,-1.877883911
9.081893921,-6.238113403,0.914596558,-1.076339722,-0.143478394,-1.577346802
8.531539917,-7.006195068,0.761459351,-0.992034912,0.146057129,-1.345230103
9.237426758,-7.824554443,-0.432556152,-0.608413696,0.231567383,-0.663497925
7.988372803,-7.546981812,-0.16696167,-0.723266602,0.234008789,0.134277344
8.019485474,-6.290740967,-1.150405884,-0.741592407,0.567550659,1.302246094
10.29026794,-5.01776123,-2.547821045,-0.239440918,0.374511719,1.985183716
10.79994202,-4.034317017,-1.595474243,0.013427734,0.009231567,2.001068115
9.452789307,-2.909683228,-0.566558838,-0.302978516,0.467376709,2.029159546
8.256362915,-2.110488892,-1.51171875,-0.213790894,0.953613281,2.169677734
8.962249756,-1.263427734,-1.947219849,0.102615356,0.671386719,2.240524292
8.883285522,-0.710678101,-1.595474243,0.333526611,0.308547974,1.914306641
9.658569336,-1.191650391,-1.011627197,-0.228469849,0.354980469,1.759155273
10.60133362,-1.363922119,-0.887191772,-0.676818848,0.62008667,1.72984314
11.91738892,-1.067214966,-0.975723267,-0.520446777,0.452697754,1.651641846
13.31958008,-1.191650391,-0.935058594,0.004898071,0.15461731,1.381652832
14.16903687,-1.021759033,-1.925674438,0.342071533,0.216918945,1.079879761
14.92037964,-2.007598877,-2.696166992,0.280990601,0.012878418,0.620513916
15.31520081,-2.98626709,-2.545425415,0.346954346,-0.299865723,0.442153931
13.2454071,-0.648468018,-2.839736938,0.999359131,-0.345062256,0.032867432
11.90063477,-2.388061523,-2.748809814,0.87840271,-0.701797485,-0.98236084
11.46754456,-4.017562866,-2.468856812,0.711044312,-1.118408203,-1.391647339
10.46972656,-3.950561523,-1.710327148,0.520446777,-1.240600586,-1.609115601
9.73034668,-2.679977417,-1.009231567,0.370162964,-1.267456055,-1.699523926
10.10124207,-2.222946167,0.048400879,0.449584961,-1.522796631,-2.053817749
10.16584778,-3.050872803,0.634643555,0.561981201,-1.477584839,-2.520523071
9.543701172,-3.89074707,0.73274231,0.210128784,-1.007232666,-2.730651855
8.81867981,-4.675598145,0.407318115,-0.40071106,-0.461135864,-2.620697021
7.863952637,-5.383865356,0.103439331,-0.689056396,-0.160583496,-2.293289185
7.72038269,-6.235717773,0.180007935,-0.941955566,-0.079940796,-1.774047852
7.24899292,-6.345779419,0.840423584,-1.08732605,-0.007888794,-1.223052979
7.811309814,-7.05645752,0.151290894,-0.632843018,0.171707153,-0.475357056
8.38079834,-7.386657715,-0.958984375,-0.53755188,0.247451782,0.307754517
8.847396851,-5.426940918,-1.06187439,-0.886978149,0.229125977,1.342559814
10.00073242,-4.364532471,-2.052505493,-0.171020508,0.092300415,1.964401245
11.24740601,-4.240097046,-2.724884033,0.547317505,-0.222885132,2.24786377
10.82865906,-2.634521484,-1.810821533,0.833206177,-0.244888306,2.117126465
8.706222534,-1.579284668,-1.916107178,0.536331177,0.557769775,1.849563599
7.904632568,-1.179672241,-2.143432617,-0.317642212,1.134429932,1.755508423
7.895050049,-1.409393311,-1.621795654,-0.70614624,1.0574646,1.575897217
8.088867188,-1.572097778,-0.791488647,-0.539993286,0.769134521,1.413421631
9.084289551,-2.402404785,-0.872833252,-0.452041626,0.74836731,1.335220337
9.933746338,-2.837905884,-1.119293213,-0.544876099,0.77645874,1.345001221
11.74749756,-3.285369873,-1.207839966,-0.543670654,0.580993652,1.492828369
13.67132568,-2.624938965,-1.552398682,-0.026870728,0.289001465,1.53314209
14.63323975,-1.938201904,-2.176925659,0.360397339,0.122848511,1.118988037
15.41329956,-2.818756104,-2.801452637,0.107498169,0.24256897,0.64251709
13.85317993,-0.830322266,-3.409225464,0.241897583,0.363525391,0.190460205
12.06813049,-1.84487915,-3.753799438,0.599853516,-0.307189941,-0.565765381
12.09684753,-2.823547363,-2.105148315,0.585189819,-1.10496521,-0.988479614
11.76185608,-2.440689087,-0.623977661,0.90284729,-1.337097168,-1.287796021
9.845199585,-1.622344971,-0.260269165,0.827087402,-1.012115479,-1.624984741
9.443206787,-1.686950684,0.098648071,0.733016968,-0.965698242,-1.951187134
9.342712402,-2.189453125,0.268539429,0.862518311,-1.06098938,-2.336044312
8.990966797,-3.381072998,0.376220703,0.690246582,-1.036560059,-2.604812622
8.749298096,-4.292739868,0.251785278,0.234573364,-0.856964111,-2.373916626
8.761260986,-4.352554321,0.122573853,-0.084289551,-0.798309326,-1.935302734
9.503036499,-5.001022339,0.641815186,-0.557098389,-0.761657715,-1.640869141
9.412109375,-5.809783936,1.043807983,-1.036026001,-0.368270874,-1.330566406
9.316390991,-6.384063721,1.110809326,-1.240036011,0.001907349,-0.8699646
9.660949707,-7.546981812,0.96963501,-0.957839966,0.22303772,-0.196807861
9.330749512,-5.548965454,1.113204956,-0.751358032,0.440490723,0.783004761
9.407318115,-3.716064453,-1.466262817,0.518005371,0.501586914,1.255813599
9.797348022,-4.199417114,-3.425979614,1.154510498,0.209594727,1.158081055
9.416885376,-3.512680054,-1.880218506,0.289535522,0.132614136,1.19593811
7.907012939,-2.646484375,-1.789291382,-0.356735229,0.908401489,1.202056885
6.519180298,-2.251663208,-2.971343994,-0.570541382,1.289596558,1.158081055
6.430648804,-2.366516113,-2.476028442,-0.873535156,0.880310059,1.233825684
7.193954468,-2.328231812,-0.748413086,-0.588867188,0.253570557,1.40486145
8.498046875,-1.416564941,-0.200454712,-0.221115112,0.0703125,1.503814697
10.04380798,-1.741989136,-0.456481934,0.207687378,-0.050613403,1.49772644
12.16145325,-1.825744629,-1.365753174,0.31640625,0.053207397,1.635757446
13.50862122,-1.119857788,-2.026184082,0.068405151,0.279220581,1.662643433
15.15727234,-0.495330811,-2.138641357,-0.383621216,0.330535889,1.362091064
16.71260071,-2.373703003,-1.707931519,-0.819778442,0.329315186,0.806213379
16.03782654,-0.251266479,-1.047515869,-0.252883911,0.29510498,0.578979492
13.98478699,-0.375686646,-1.27482605,0.847869873,0.231567383,-0.446029663
11.67810059,-2.663223267,-2.552597046,1.258377075,-0.050613403,-1.23526001
9.9815979,-3.553359985,-2.590881348,1.219284058,-0.584518433,-1.333007813
8.37361145,-2.97668457,-1.27482605,0.580307007,-0.771453857,-1.298797607
6.921173096,-3.273391724,-0.293777466,0.81854248,-1.152618408,-1.424621582
5.43522644,-6.546783447,1.589370728,2.692672729,-2.584472656,-2.402008057
10.31898499,-1.251464844,0.27571106,4.823364258,-3.054840088,0.225906372
9.782989502,-1.914276123,-1.832366943,0.149032593,-0.275421143,-0.794235229
8.555465698,-2.847473145,-0.664657593,-1.844802856,0.044647217,-1.493041992
9.235031128,-4.735412598,0.498245239,-1.871688843,-0.380493164,-1.640869141
8.634429932,-5.977294922,0.931350708,-1.689651489,-0.396362305,-1.601776123
8.81867981,-6.250076294,1.070129395,-1.924224854,-0.092163086,-1.138748169
10.15148926,-8.231323242,0.76625061,-1.940109253,0.219360352,-0.477798462
8.579406738,-7.831726074,0.75428772,-2.131912231,0.725158691,0.396942139
9.620285034,-5.723648071,0.436035156,-1.628555298,0.789901733,1.674850464
11.44599915,-3.591644287,-0.83215332,0.22845459,0.339096069,1.971755981
9.737533569,-3.65385437,-1.937637329,1.524703979,0.291442871,1.261917114
7.988372803,-2.97668457,-1.73425293,0.819763184,0.594436646,1.342559814
7.344711304,-2.361740112,-1.755783081,0.097717285,1.135650635,1.509933472
7.016891479,-2.282775879,-2.401855469,-0.041534424,1.171096802,1.48916626
7.225067139,-2.273193359,-2.095565796,-0.204025269,0.808227539,1.408538818
8.548294067,-2.579483032,-1.322692871,-0.50213623,0.557769775,1.443954468
9.993560791,-2.263626099,-0.700561523,-0.68170166,0.501586914,1.475723267
11.51539612,-2.409591675,-0.774734497,-0.544876099,0.456375122,1.397537231
13.40093994,-2.215774536,-1.088195801,-0.12828064,0.353744507,1.268035889
14.1211853,-1.356750488,-1.540435791,0.057418823,0.397720337,0.891738892
14.89645386,-2.708694458,-1.954391479,-0.299316406,0.394073486,0.217346191
14.52555847,-2.672805786,-1.2915802,-0.46913147,0.249893188,-0.040420532
13.12097168,-1.899917603,-1.186294556,0.4324646,-0.318191528,-0.479034424
11.92695618,-2.490951538,-1.100158691,1.285232544,-1.051208496,-1.070327759
12.21888733,-2.74697876,-1.349014282,1.252258301,-1.222244263,-1.302459717
10.76165771,-1.820953369,-1.06427002,0.883285522,-1.181945801,-1.722732544
9.479095459,-2.134414673,-0.119094849,0.129486084,-1.019439697,-2.174789429
8.718185425,-2.579483032,0.739929199,-0.018310547,-0.962020874,-2.426452637
8.926361084,-3.273391724,1.309417725,0.267547607,-1.128173828,-2.417892456
8.734939575,-3.933822632,1.060562134,0.293197632,-0.849624634,-2.373916626
8.466934204,-4.682769775,0.574813843,0.13192749,-0.710357666,-2.099029541
8.739715576,-5.388656616,0.395355225,-0.279769897,-0.560089111,-1.655548096
8.543502808,-5.68296814,0.799743652,-0.577865601,-0.444015503,-1.258483887
8.409515381,-6.247680664,0.704025269,-0.816101074,-0.139816284,-0.845535278
9.660949707,-8.054260254,-0.39666748,-0.904067993,0.034881592,-0.303085327
8.909606934,-8.020751953,0.52935791,-1.695739746,0.201034546,0.497131348
9.596343994,-5.309692383,0.897857666,-1.491729736,0.431930542,1.632110596
10.79275513,-4.407592773,-1.329864502,-0.075744629,0.51991272,1.9790802
10.39794922,-3.275787354,-1.73664856,0.751342773,0.175384521,1.838577271
8.428649902,-2.081771851,-1.05708313,0.467910767,0.414840698,1.716415405
7.758666992,-1.727630615,-1.571548462,0.227218628,0.864425659,1.788482666
7.368637085,-1.555358887,-2.294174194,-0.061080933,0.880310059,1.734741211
7.997940063,-2.08895874,-1.884994507,-0.44960022,0.613967896,1.74206543
9.139328003,-2.021957397,-1.035552979,-0.741592407,0.510131836,1.864242554
10.63961792,-1.868804932,-0.451705933,-0.940719604,0.57611084,1.831237793
12.06813049,-1.794631958,-0.537841797,-0.684173584,0.517471313,1.651641846
13.80293274,-1.385467529,-0.707733154,-0.307861328,0.39163208,1.397537231
14.23124695,-1.103103638,-1.006835938,-0.062301636,0.395278931,0.881973267
14.58778381,-1.299316406,-1.72946167,-0.228469849,0.389190674,0.394500732
15.72915649,-2.404800415,-1.884994507,-0.379943848,0.169265747,0.330963135
14.82705688,0.342163086,-1.248504639,0.438583374,-0.128814697,-0.431381226
13.10183716,-0.619750977,-1.427978516,0.9712677,-0.62361145,-1.425857544
12.02507019,-2.694335938,-1.169540405,1.255935669,-1.069534302,-1.764266968
11.83602905,-2.916870117,-0.535446167,1.255935669,-1.069534302,-1.764266968
10.74250793,-2.06980896,-0.056884766,1.561355591,-1.287017822,-1.853469849
9.828460693,-2.033920288,0.026870728,1.607772827,-1.360305786,-2.121017456
9.440811157,-2.340194702,0.187179565,1.718963623,-1.460494995,-2.273742676
8.902435303,-3.132217407,0.175216675,0.200363159,-0.656600952,-2.191879272
8.450195313,-3.744781494,0.220687866,0.068405151,-0.728683472,-2.013504028
8.232437134,-3.845275879,0.491073608,-0.177139282,-0.845962524,-1.802154541
9.086685181,-4.855056763,0.794952393,-0.177139282,-0.845962524,-1.802154541
9.041213989,-5.470016479,1.584594727,-0.610855103,-0.744567871,-1.522369385
9.089065552,-6.168716431,1.531951904,-0.95904541,-0.400039673,-1.19128418
10.146698,-7.386657715,0.325973511,-0.976165771,-0.038406372,-0.674484253
9.220672607,-6.250076294,0.921783447,-1.230270386,0.143615723,-0.315307617
9.778198242,-4.524841309,-0.15020752,-1.415985107,0.444168091,0.791564941
10.07969666,-4.120452881,-2.368347168,0.541213989,0.286560059,1.599105835
9.168029785,-2.813980103,-1.698364258,0.541213989,0.286560059,1.599105835
8.105621338,-2.108093262,-1.329864502,-0.017105103,0.379394531,1.723739624
7.25378418,-1.316070557,-2.382705688,-0.300537109,0.953613281,1.903335571
7.677307129,-1.299316406,-2.018997192,-0.290771484,0.738601685,1.916778564
9.05557251,-1.241897583,-0.482803345,-0.581542969,0.168060303,2.18309021
10.47930908,-1.100708008,-0.174133301,-0.327423096,0.304885864,2.052383423
11.4172821,-1.150970459,-0.741226196,-0.324966431,0.31098938,1.869125366
12.96305847,-1.359146118,-0.647918701,-0.324966431,0.31098938,1.869125366
13.95846558,-0.930831909,-0.824981689,0.299316406,0.246246338,1.365768433
14.27432251,-0.105300903,-1.643325806,0.193008423,0.256011963,0.725585938
15.7219696,-0.868606567,-2.337249756,0.193008423,0.256011963,0.725585938
14.97062683,0.669967651,-3.081420898,-0.118499756,0.312210083,0.213668823
13.63064575,0.131591797,-2.961776733,0.14414978,0.203475952,-0.446029663
12.51080322,-2.160736084,-2.162567139,0.430023193,-0.695678711,-1.74961853
12.38398743,-3.058044434,-1.485397339,0.430023193,-0.695678711,-1.74961853
11.16604614,-1.311279297,-0.38230896,0.608413696,-1.008468628,-1.734954834
10.2950592,-0.966720581,0.436035156,0.724456787,-1.151397705,-2.026947021
10.03663635,-1.978881836,0.383392334,0.729370117,-1.147735596,-2.438659668
9.419281006,-3.060440063,0.237426758,0.503326416,-0.804428101,-2.553512573
8.639221191,-3.361938477,0.124969482,0.251663208,-0.728683472,-2.178436279
8.533935547,-3.340393066,0.242218018,-0.105056763,-0.571075439,-1.897445679
8.928756714,-4.194641113,0.376220703,-0.539993286,-0.444015503,-1.613998413
8.667938232,-5.206802368,0.818893433,-0.539993286,-0.444015503,-1.613998413
8.387969971,-6.190246582,0.780609131,-0.857650757,0.25479126,-0.658599854
8.483688354,-8.298324585,-0.138244629,-0.857650757,0.25479126,-0.658599854
8.502838135,-6.407989502,0.493469238,-1.392745972,0.513793945,1.755508423
10.24002075,-3.754348755,-1.404037476,-1.392745972,0.513793945,1.755508423
10.90283203,-3.67539978,-2.834945679,0.404373169,0.240127563,1.981521606
9.907424927,-3.165725708,-0.937438965,0.293197632,-0.066497803,1.788482666
8.813903809,-2.318664551,-1.207839966,-0.174697876,0.739807129,2.020614624
7.914199829,-1.493133545,-1.954391479,-0.256561279,0.529678345,1.987625122
8.476516724,-1.713272095,-1.346618652,-0.486251831,0.354980469,2.120788574
9.30682373,-2.005203247,-0.475631714,-0.486251831,0.354980469,2.120788574
10.35247803,-1.655853271,-0.772338867,-0.399505615,0.478378296,2.213653564
11.67810059,-1.239501953,-0.84173584,-0.001220703,0.139938354,2.13911438
13.75028992,-0.868606567,-0.781906128,-0.001220703,0.139938354,2.13911438
14.2527771,-0.48576355,-2.088394165,0.59375,0.169265747,1.70173645
14.54231262,0.141159058,-3.203445435,0.773345947,0.374511719,1.182495117
15.52577209,-1.363922119,-3.150802612,-0.755020142,0.468582153,0.377380371
14.74331665,-0.081375122,-2.272644043,-0.233352661,0.183914185,-0.245666504
13.53494263,-0.811187744,-1.877822876,-0.233352661,0.183914185,-0.245666504
12.6950531,-2.462234497,-1.104934692,0.378723145,-0.606506348,-1.307357788
12.03942871,-2.842697144,-0.16456604,0.691482544,-1.046325684,-1.604217529
10.2184906,-2.115280151,0.280502319,0.939498901,-1.202713013,-1.835144043
9.627456665,-1.899917603,0.213500977,1.001800537,-1.102523804,-2.085586548
9.74949646,-2.143981934,0.53175354,0.972473145,-1.271133423,-2.237091064
9.397750854,-3.41696167,0.538925171,0.518005371,-1.161178589,-2.6121521
8.883285522,-4.024749756,0.313995361,0.041534424,-0.924163818,-2.28717041
8.672714233,-4.204208374,0.244613647,-0.394622803,-0.72744751,-1.874237061
8.81628418,-4.725845337,0.505432129,-0.394622803,-0.72744751,-1.874237061
8.923965454,-5.910293579,1.122772217,-0.933395386,-0.534439087,-1.607894897
8.39515686,-5.599227905,1.134735107,-1.193618774,-0.1459198,-1.158309937
9.73034668,-6.965530396,-0.131057739,-0.745239258,0.128952026,-0.524215698
9.041213989,-6.190246582,0.278106689,-0.773345947,0.212036133,0.11227417
9.165649414,-4.220962524,-0.738845825,-0.95904541,0.502792358,1.140960693
10.2567749,-4.266418457,-2.351608276,-0.070846558,0.478378296,1.794586182
11.15168762,-2.943191528,-1.758178711,1.045776367,0.043441772,1.959518433
9.471923828,-1.107894897,-2.160171509,1.045776367,0.043441772,1.959518433
7.500244141,-0.95715332,-3.038345337,0.704925537,0.934082031,1.646759033
7.677307129,-0.878189087,-1.947219849,-0.689056396,1.210189819,1.650436401
9.026855469,-0.0287323,-2.093170166,-0.761123657,0.811889648,1.649200439
8.572219849,-1.61756897,-1.203048706,-0.943161011,1.019592285,1.705413818
10.69944763,-1.775497437,-0.437347412,-0.689056396,0.056869507,1.3046875
11.54171753,-1.064819336,-0.286590576,-0.323745728,0.372070313,1.423187256
12.83622742,-1.459640503,-1.002044678,0.241897583,0.006790161,1.338882446
14.10203552,-0.390045166,-1.538040161,0.789230347,-0.125152588,0.961364746
14.82705688,-0.612579346,-1.949615479,0.789230347,-0.125152588,0.961364746
15.18838501,-1.447677612,-2.109924316,0.171035767,0.065414429,0.355407715
13.78617859,0.100479126,-2.846923828,-0.003662109,0.241363525,0.172134399
12.70701599,-1.710891724,-2.586105347,0.798995972,-0.390258789,-0.634185791
12.25238037,-3.311691284,-1.861068726,1.037231445,-1.157501221,-1.469833374
9.931350708,-3.804611206,-1.322692871,1.070220947,-1.126968384,-1.471069336
7.442810059,-3.670608521,-1.27722168,0.701248169,-1.279678345,-1.412414551
7.170028687,-3.596435547,-0.38710022,0.701248169,-1.279678345,-1.412414551
8.916793823,-1.952560425,0.177612305,0.659713745,-1.374969482,-1.164398193
9.246994019,-2.658447266,0.74710083,0.180801392,-1.111083984,-1.061782837
9.046005249,-3.933822632,1.048599243,-0.008544922,-0.775100708,-1.599334717
8.555465698,-5.036911011,1.397949219,-0.22479248,-0.584518433,-1.794815063
8.624862671,-6.185470581,1.685089111,-0.22479248,-0.584518433,-1.794815063
7.696456909,-6.766921997,1.505630493,-0.809997559,-0.106826782,-1.383087158
8.210906982,-7.783874512,0.622680664,-1.016464233,0.373306274,-0.839431763
9.340316772,-8.372497559,0.07472229,-0.825881958,0.422164917,0.014541626
9.194351196,-7.154556274,0.079498291,-0.842987061,0.463699341,0.853866577
10.71618652,-4.139602661,-0.635955811,-0.737915039,0.645736694,2.029159546
11.59913635,-2.830718994,-2.444915771,0.651168823,0.615203857,2.48487854
9.936126709,-2.670410156,-2.820602417,1.842346191,0.309768677,1.860565186
8.713394165,-2.100921631,-2.447311401,1.674957275,0.221801758,1.435394287
8.359268188,-1.485961914,-2.925872803,0.896728516,0.780136108,1.390213013
7.899841309,-0.820755005,-3.10295105,0.52532959,0.930404663,1.231384277
8.639221191,-0.904510498,-1.904144287,0.136825562,0.573654175,0.888061523
8.713394165,-1.651062012,-1.413619995,-0.428833008,0.715393066,0.566757202
9.780593872,-2.29234314,-1.875427246,-0.270004272,0.424606323,0.600967407
10.67790222,-1.959732056,-1.906539917,-0.023208618,0.078857422,0.516662598
12.53474426,-2.103302002,-1.700759888,-0.023208618,0.078857422,0.516662598
13.71679688,-1.672607422,-1.179122925,-0.316421509,0.060531616,-0.177246094
14.02307129,-2.775695801,-1.475830078,-0.796554565,0.387954712,-0.526657104
14.03503418,-3.369110107,-2.057281494,-0.296875,0.120407104,-0.642730713
12.54191589,-1.435714722,-1.916107178,0.583969116,-0.641937256,-1.13508606
12.18777466,-2.414382935,-1.463867188,0.437362671,-0.854522705,-1.418533325
12.16145325,-3.103515625,-0.925476074,0.431259155,-0.981582642,-1.506484985
10.99615479,-2.557937622,-0.193283081,0.695159912,-1.119628906,-1.657989502
9.07232666,-2.041091919,0.400146484,0.695159912,-1.119628906,-1.657989502
8.208511353,-2.28515625,1.177810669,0.919937134,-1.348098755,-1.863235474
7.593551636,-2.591445923,0.768630981,1.086105347,-1.139175415,-1.859558105
7.394958496,-2.75177002,0.07232666,0.78678894,-0.760452271,-1.416091919
7.435638428,-2.919265747,-0.169342041,0.227218628,-0.582077026,-1.31590271
7.674911499,-4.141998291,-0.004241943,-0.616958618,-0.356048584,-1.10697937
8.201339722,-6.077789307,0.443222046,-0.616958618,-0.356048584,-1.10697937
7.966842651,-7.061233521,0.562850952,-1.044570923,-0.0103302,-0.77835083
9.034042358,-7.365127563,0.347503662,-1.202178955,0.193710327,-0.118606567
10.972229,-7.697723389,0.577209473,-0.797775269,0.092300415,0.70602417
11.40054321,-4.666015625,0.397750854,-0.160049438,0.666503906,2.130554199
11.40054321,-2.514877319,-2.026184082,0.461791992,0.763031006,2.109786987
11.25457764,-1.890350342,-3.10295105,0.472793579,0.418487549,1.557571411
9.639419556,-1.966918945,-2.119491577,-0.007339478,0.673828125,1.305908203
8.021881104,-1.107894897,-1.667251587,-0.007339478,0.673828125,1.305908203
7.22984314,-1.076782227,-1.853897095,-0.370178223,1.0574646,1.137313843
7.540908813,-1.150970459,-1.535644531,-0.624298096,0.777694702,0.985809326
8.000335693,-1.251464844,-0.868057251,-0.844207764,0.755691528,0.952835083
9.359466553,-1.517059326,-0.714904785,-0.844207764,0.755691528,0.952835083
10.60852051,-1.600814819,-0.942230225,-0.938278198,0.730041504,0.985809326
12.33853149,-1.907104492,-0.774734497,-0.378738403,0.263336182,1.028579712
13.87232971,-1.112686157,-1.432754517,0.692718506,-0.224121094,0.670608521
14.53753662,-0.437896729,-2.452102661,0.908950806,-0.237533569,0.024307251
14.97302246,-1.866424561,-3.54083252,-0.146606445,0.153381348,-0.089294434
14.30781555,-0.93321228,-3.918899536,-0.146606445,0.153381348,-0.089294434
12.43902588,-0.978683472,-3.53843689,-0.162490845,0.020217896,-0.392272949
11.27850342,-2.816375732,-2.248718262,0.179580688,-0.69203186,-1.23526001
11.14450073,-3.400222778,-1.418395996,0.094055176,-0.98890686,-1.441741943
10.27590942,-2.08895874,-0.942230225,0.469116211,-1.158737183,-1.474716187
9.718383789,-1.61277771,-0.071243286,0.426376343,-1.130630493,-1.633544922
9.208709717,-2.545974731,0.378601074,-0.12828064,-0.894836426,-2.009841919
8.629653931,-3.756744385,-0.052093506,-0.273651123,-0.514877319,-2.228530884
7.851989746,-4.56072998,-0.064056396,-0.640167236,-0.418365479,-1.920654297
7.380599976,-4.800018311,0.924179077,-0.640167236,-0.418365479,-1.920654297
6.815887451,-5.357543945,1.720977783,-0.625518799,-0.325515747,-1.141189575
5.930541992,-7.171310425,1.548706055,-0.373840332,0.005554199,-0.436264038
7.521774292,-7.846084595,0.191970825,0.257781982,0.015335083,0.903945923
11.34310913,-7.791046143,-1.308334351,0.106277466,-0.07383728,1.524597168
11.43164063,-6.534820557,-0.537841797,0.106277466,-0.07383728,1.524597168
12.03703308,-4.366912842,-0.918304443,-0.635284424,0.396514893,2.244186401
12.3815918,-1.976486206,-2.327667236,-0.036636353,0.842437744,2.709655762
11.00093079,-1.591247559,-2.289382935,0.842971802,0.486907959,1.243591309
8.861755371,-1.184463501,-2.516708374,0.061065674,1.244400024,1.103103638
8.052978516,0.007156372,-3.239334106,0.061065674,1.244400024,1.103103638
7.162857056,-0.607788086,-1.834747314,-1.001815796,1.394668579,1.140960693
8.184585571,-1.406997681,-0.942230225,-0.554656982,0.760574341,0.978485107
9.345108032,-0.887756348,-1.157577515,-0.234558105,0.54800415,1.046905518
10.23522949,-0.26802063,-1.76776123,-0.197906494,0.368408203,0.891738892
11.4172821,-0.897323608,-1.724685669,-0.197906494,0.368408203,0.891738892
13.45118713,-1.296920776,-1.978317261,-0.135604858,0.095962524,0.819656372
14.60931396,0.043060303,-2.66027832,0.527770996,-0.1459198,0.712142944
15.15727234,-1.344787598,-2.693771362,0.377502441,-0.078720093,0.035308838
14.60691833,-1.684570313,-2.035751343,-0.397064209,0.080078125,-0.888290405
13.18319702,-1.739593506,-1.485397339,-0.397064209,0.080078125,-0.888290405
12.02027893,-2.782867432,-0.992477417,0.338409424,-0.496551514,-1.48815918
11.63024902,-3.268615723,-0.580917358,0.636505127,-0.859405518,-1.621337891
10.09645081,-2.629730225,-0.135848999,0.744018555,-0.882614136,-1.755722046
8.854568481,-1.3878479,0.737533569,0.383605957,-0.745773315,-1.783828735
8.067337036,-2.258834839,0.828460693,0.383605957,-0.745773315,-1.783828735
7.560058594,-3.031723022,0.608322144,0.40071106,-0.549087524,-1.89012146
7.363845825,-2.99822998,0.555679321,0.791671753,-0.69203186,-1.675079346
7.227462769,-3.278182983,0.369033813,0.797775269,-0.756774902,-1.458831787
7.368637085,-4.091751099,0.254180908,0.023208618,-0.693237305,-0.862640381
7.911804199,-5.326446533,0.653778076,-0.646286011,-0.34262085,-0.399612427
8.000335693,-5.623153687,0.96963501,-0.858856201,0.161941528,0.211227417
9.991165161,-6.996627808,-0.762771606,-0.858856201,0.161941528,0.211227417
10.79515076,-7.50151062,-1.085800171,-0.805114746,0.236465454,0.745132446
11.04640198,-4.847869873,-0.609634399,-1.169174194,0.277999878,1.49772644
11.59675598,-3.177688599,-1.997467041,-0.823440552,0.527236938,2.18800354
11.52256775,-2.813980103,-1.526077271,-0.026870728,0.247451782,2.091461182
9.869125366,-1.643890381,-1.75340271,0.411697388,0.0703125,1.718856812
7.710800171,-0.540802002,-3.172348022,0.519210815,0.775253296,1.459838867
6.945098877,-0.409194946,-2.566955566,-1.275482178,0.710479736,1.363327026
7.813705444,-0.844680786,-0.779510498,-0.921188354,0.302429199,1.148284912
8.500442505,-1.189254761,-0.219604492,-0.527786255,0.231567383,1.136077881
9.723175049,-1.16053772,-0.119094849,-0.527786255,0.231567383,1.136077881
11.09664917,-1.232315063,-0.131057739,-0.577865601,0.32321167,1.165405273
12.43663025,-2.103302002,-0.858474731,-0.107513428,0.409957886,1.000473022
13.68328857,-1.359146118,-1.490188599,0.570541382,0.093521118,0.742675781
14.35328674,-0.469009399,-2.150604248,0.205245972,0.221801758,-0.102722168
15.00413513,-2.328231812,-2.65071106,-0.669494629,0.392837524,-0.398376465
14.59016418,-1.548171997,-2.016601563,0.059860229,-0.097045898,-0.929824829
13.40093994,-1.349563599,-1.490188599,0.059860229,-0.097045898,-0.929824829
12.11360168,-1.840103149,-1.53326416,0.791671753,-0.524642944,-1.621337891
11.31439209,-2.909683228,-1.033157349,0.708572388,-0.660263062,-1.948745728
9.696853638,-2.414382935,-0.257888794,1.029891968,-0.786102295,-1.919418335
8.483688354,-1.84487915,0.06036377,1.029891968,-0.786102295,-1.919418335
8.033843994,-2.081771851,0.215896606,0.998138428,-0.743331909,-1.875442505
8.002731323,-2.347381592,0.120178223,0.959030151,-0.656600952,-1.79359436
7.808914185,-2.471801758,-0.178924561,1.032348633,-0.575973511,-1.709289551
7.784988403,-3.022155762,-0.245925903,0.730575562,-0.577178955,-1.618896484
8.407119751,-4.264022827,0.493469238,0.109939575,-0.689590454,-1.517486572
8.797149658,-5.486755371,1.376419067,-0.478912354,-0.689590454,-1.209609985
8.545898438,-5.819366455,1.66116333,-0.641403198,0.191268921,-0.134490967
9.503036499,-6.37449646,-0.62159729,-0.141723633,0.141174316,0.461685181
9.637023926,-6.790847778,-0.935058594,-0.769683838,0.287780762,1.320556641
10.15148926,-4.508102417,-0.686203003,-0.769683838,0.287780762,1.320556641
10.98658752,-3.914672852,-2.148208618,-0.63772583,0.47958374,1.997406006
11.4125061,-3.780670166,-1.992675781,-0.162490845,0.394073486,2.200210571
10.1084137,-1.689346313,-0.559371948,-0.117279053,0.148498535,2.214859009
8.507614136,-0.916473389,-1.253295898,0.597412109,0.798461914,1.878890991
8.110412598,-0.71786499,-2.291778564,0.425140381,0.787460327,1.740829468
8.072128296,-0.543182373,-2.440139771,-0.007339478,0.478378296,1.566131592
8.931152344,-0.784866333,-1.51411438,-0.007339478,0.478378296,1.566131592
9.921768188,-1.323242188,-1.047515869,-0.531448364,0.46005249,1.371887207
11.08708191,-1.806594849,-0.83215332,-0.812438965,0.403839111,1.204498291
12.91758728,-1.768310547,-0.590484619,-0.812438965,0.403839111,1.204498291
14.33413696,-0.947570801,-0.882415771,0.269989014,0.113067627,0.475128174
15.38458252,-1.521850586,-1.818008423,-0.096511841,0.282897949,-0.062408447
16.15267944,-1.763534546,-2.050109863,-0.162490845,0.392837524,-0.370285034
14.18099976,0.160308838,-2.152999878,-0.162490845,0.392837524,-0.370285034
12.64480591,-1.933410645,-1.478225708,0.608413696,-0.186233521,-1.378204346
12.19017029,-3.120254517,-1.308334351,0.845428467,-0.624832153,-1.969512939
11.34310913,-2.127243042,-0.779510498,0.961471558,-0.812988281,-2.042831421
10.19934082,-1.840103149,-0.104736328,0.643829346,-0.984024048,-2.541290283
9.541320801,-2.610580444,0.280502319,0.503326416,-0.954696655,-2.653701782
8.856964111,-3.390640259,0.450393677,0.503326416,-0.954696655,-2.653701782
8.098449707,-3.625137329,0.500640869,0.179580688,-0.673706055,-2.128341675
7.784988403,-3.708892822,0.625076294,-0.089187622,-0.528320313,-1.789932251
7.560058594,-4.436309814,0.696853638,-0.316421509,-0.497787476,-1.405090332
7.92855835,-5.302505493,1.151489258,-0.316421509,-0.497787476,-1.405090332
7.808914185,-6.185470581,1.508026123,-0.592529297,-0.379272461,-0.948150635
8.368835449,-6.616165161,0.950485229,-0.880859375,0.049545288,-0.367843628
9.084289551,-7.654663086,-0.250701904,-0.711029053,0.337860107,0.484893799
9.613098145,-6.766921997,-0.415802002,-0.373840332,0.237686157,2.577728271
11.59436035,-4.326248169,-1.916107178,0.59375,0.056869507,2.995544434
12.99894714,-3.038894653,-2.241531372,0.59375,0.056869507,2.995544434
11.94850159,-1.62713623,-1.593078613,1.081207275,-0.231445313,2.726776123
9.96723938,-0.839904785,-2.081207275,0.763580322,0.912078857,1.640640259
8.117584229,-0.368515015,-2.633956909,-0.412948608,1.062347412,1.36088562
8.416687012,-0.832717896,-1.741439819,-0.412948608,1.062347412,1.36088562
8.737335205,-1.258636475,-1.490188599,-0.645065308,0.83265686,1.232589722
9.708816528,-0.622146606,-0.973342896,-0.659729004,0.50402832,1.307128906
11.0990448,-0.973892212,-0.978118896,-0.500900269,0.461257935,1.385314941
13.02287292,-0.686752319,-1.569152832,-0.500900269,0.461257935,1.385314941
14.4896698,0.258407593,-2.107528687,0.183242798,0.136291504,1.224060059
15.54011536,0.138763428,-2.42817688,0.791671753,-0.165466309,0.635177612
15.83921814,-1.679779053,-2.904342651,0.125823975,0.139938354,-0.342193604
14.1762085,-0.567123413,-2.487991333,-0.811218262,0.59564209,-0.681838989
13.43443298,-2.237304688,-1.595474243,0.654830933,-0.789779663,-2.028167725
13.32676697,-3.43850708,-0.638336182,0.654830933,-0.789779663,-2.028167725
12.28109741,-3.369110107,0.101043701,1.19972229,-0.986465454,-2.152786255
10.01269531,-2.017166138,0.239822388,1.19972229,-0.986465454,-2.152786255
8.734939575,-2.311477661,0.603530884,0.940704346,-0.788543701,-2.261520386
7.717987061,-3.117858887,0.723175049,0.745254517,-0.634613037,-2.157669067
7.172424316,-3.603607178,0.27571106,0.839309692,-0.812988281,-1.769165039
7.062347412,-3.536605835,0.404922485,0.445907593,-0.734802246,-1.460067749
7.002532959,-4.161132813,0.584396362,0.445907593,-0.734802246,-1.460067749
7.426055908,-5.470016479,0.794952393,-0.306655884,-0.524642944,-1.132629395
7.373413086,-6.762130737,1.314208984,-0.808776855,-0.385375977,-0.799118042
8.261154175,-7.427337646,1.268737793,-1.189941406,-0.049407959,-0.193130493
10.83822632,-8.910888672,0.232650757,-1.196060181,0.106964111,1.353546143
10.34291077,-7.312484741,-0.073638916,-1.238830566,0.153381348,2.443344116
12.05856323,-4.271209717,-1.29397583,-0.002426147,0.105743408,2.943023682
12.6902771,-2.569915771,-2.176925659,0.820983887,-0.108047485,2.388336182
10.9339447,-1.758743286,-1.394470215,0.820983887,-0.108047485,2.388336182
9.400146484,-1.823348999,-1.660079956,0.524108887,0.956054688,2.167205811
8.548294067,-1.251464844,-2.576522827,0.513122559,0.838775635,2.102462769
8.742111206,-0.406799316,-2.504745483,0.513122559,0.838775635,2.102462769
9.914596558,0.009552002,-1.418395996,0.22845459,0.3671875,1.744506836
10.63961792,-0.212982178,-0.942230225,-0.932159424,0.891311646,0.935714722
10.60612488,-0.708297729,-1.171936035,-0.932159424,0.891311646,0.935714722
11.80014038,-1.674987793,-1.454299927,-0.910186768,0.837554932,0.668167114
13.64979553,-0.634109497,-1.882614136,-0.283432007,0.306106567,0.585083008
14.30064392,-1.203613281,-2.325286865,-0.508224487,0.314651489,-0.367843628
15.72436523,-2.715866089,-2.43057251,-0.676818848,0.357421875,-0.494903564
14.32936096,-0.686752319,-2.440139771,-0.676818848,0.357421875,-0.494903564
13.3722229,-2.433517456,-2.495178223,0.546096802,-0.276657104,-1.364761353
12.83145142,-3.318862915,-2.411422729,0.779449463,-0.803207397,-1.932861328
12.27630615,-2.488555908,-0.906341553,0.621841431,-1.218597412,-2.194320679
10.57980347,-1.945388794,0.29486084,0.621841431,-1.218597412,-2.194320679
9.223068237,-2.478988647,0.907424927,0.558319092,-1.051208496,-2.499755859
8.349685669,-3.337997437,0.814102173,0.860076904,-0.693237305,-2.32749939
7.722763062,-3.529434204,0.414505005,0.9871521,-0.798309326,-1.970748901
7.557662964,-3.615570068,0.359466553,0.9871521,-0.798309326,-1.970748901
7.519378662,-4.378875732,0.677703857,0.559539795,-0.821533203,-1.698287964
7.48828125,-5.362335205,1.103637695,-0.522903442,-0.302307129,-0.942062378
7.327957153,-6.458251953,1.42906189,-0.899185181,0.144821167,-0.361724854
8.955078125,-8.444290161,0.495849609,-0.899185181,0.144821167,-0.361724854
8.914398193,-8.475402832,0.196746826,-1.329238892,0.32321167,1.505050659
10.41230774,-6.788452148,-0.116699219,-1.329238892,0.32321167,1.505050659
12.6184845,-4.441101074,-2.303741455,-0.415390015,0.413604736,2.776855469
12.20452881,-2.876190186,-2.696166992,0.911392212,0.213241577,2.840393066
10.701828,-2.593841553,-1.463867188,0.254104614,0.716598511,2.07069397
9.148895264,-2.187057495,-2.007034302,0.563201904,0.976821899,2.085372925
8.742111206,-1.007400513,-2.832565308,0.660949707,0.676269531,1.889892578
9.254180908,-0.397232056,-2.320495605,0.660949707,0.676269531,1.889892578
9.931350708,-0.222549438,-1.626571655,0.383605957,0.458816528,1.644317627
10.26873779,-0.083770752,-1.758178711,-0.105056763,0.657943726,1.364547729
10.44340515,-0.796829224,-2.145812988,-0.572982788,0.657943726,0.743911743
11.96763611,-1.253860474,-2.236740112,-0.078186035,0.280456543,0.522781372
12.88409424,-0.804000854,-2.497558594,-0.069641113,0.249893188,0.13671875
14.34370422,-1.710891724,-2.65788269,-0.735473633,0.3671875,-0.193130493
15.79136658,-2.409591675,-2.887588501,-0.735473633,0.3671875,-0.193130493
14.55427551,-0.311080933,-2.617202759,-0.390945435,0.106964111,-0.499801636
13.27172852,-2.330627441,-2.284606934,0.317642212,-0.364608765,-1.45274353
13.13294983,-3.940994263,-1.825180054,0.129486084,-0.602844238,-1.99029541
12.19973755,-2.823547363,-0.655090332,0.474029541,-1.037780762,-1.976867676
10.0198822,-1.990844727,-0.200454712,0.875961304,-1.100082397,-2.188201904
9.046005249,-2.447875977,0.330749512,0.417816162,-0.887512207,-2.369033813
8.115188599,-3.041290283,0.522171021,0.251663208,-0.687149048,-2.441101074
7.509811401,-3.302108765,0.244613647,0.742782593,-0.779983521,-2.338485718
7.514587402,-3.309295654,0.177612305,0.840530396,-0.842300415,-1.995193481
7.646194458,-3.780670166,0.105819702,-0.050079346,-0.646820068,-1.396530151
8.313796997,-5.484359741,0.704025269,-0.050079346,-0.646820068,-1.396530151
7.502624512,-5.965332031,1.22088623,-1.033569336,0.229125977,-0.301879883
7.751480103,-6.668807983,0.163253784,-1.033569336,0.229125977,-0.301879883
9.735137939,-7.252670288,-0.688583374,-0.624298096,0.22668457,0.604629517
9.708816528,-5.23789978,-0.506729126,-0.623077393,0.170501709,1.40486145
10.96026611,-4.34538269,-1.552398682,-0.719589233,0.480819702,2.23197937
12.20452881,-4.194641113,-1.739044189,0.577865601,0.005554199,2.655914307
11.83363342,-2.096130371,-0.803451538,1.196044922,0.279220581,2.411575317
10.12277222,-0.634109497,-1.626571655,0.893066406,0.896194458,1.980285645
8.586578369,-0.337402344,-2.461669922,0.893066406,0.896194458,1.980285645
8.476516724,-0.366119385,-2.093170166,0.16003418,0.942611694,1.727386475
9.098648071,-0.179473877,-2.002243042,-0.037872314,0.678741455,1.531921387
10.23762512,0.086120605,-1.4949646,-0.430038452,0.645736694,1.290023804
10.94111633,-0.48336792,-1.439941406,-1.23638916,0.952407837,0.680374146
12.36962891,-1.691741943,-1.882614136,-0.719589233,0.497909546,0.604629517
13.47271729,-1.009780884,-1.918502808,0.138046265,0.163146973,0.250320435
14.25517273,-1.277786255,-2.535842896,0.138046265,0.163146973,0.250320435
15.38697815,-2.569915771,-3.227371216,-0.304199219,0.304885864,-0.209014893
14.34370422,-0.308685303,-2.918701172,-0.510665894,0.308547974,-0.311645508
13.34112549,-1.660629272,-2.375534058,0.381164551,-0.297424316,-1.056900024
12.67112732,-3.127441406,-1.715118408,0.78678894,-1.114746094,-1.73739624
11.92935181,-2.823547363,-0.717300415,1.093429565,-1.219802856,-1.758163452
9.98399353,-1.229934692,-0.121490479,0.94682312,-1.079315186,-1.940216064
9.05557251,-1.41178894,0.134536743,0.94682312,-1.079315186,-1.940216064
8.39276123,-2.189453125,0.347503662,0.561981201,-0.897277832,-2.101470947
8.014694214,-2.852264404,0.598754883,0.516769409,-0.854522705,-2.108810425
7.907012939,-3.208786011,0.802139282,0.522888184,-0.881393433,-1.963424683
8.009902954,-3.426544189,0.723175049,-0.042755127,-0.615066528,-1.516265869
8.622467041,-4.713882446,0.909820557,-0.763565063,-0.461135864,-1.323226929
8.151092529,-5.929428101,1.752090454,-0.763565063,-0.461135864,-1.323226929
8.428649902,-6.888946533,1.464950562,-0.928512573,0.45513916,-0.069747925
8.457366943,-8.094940186,0.036437988,-1.12399292,0.554107666,0.85874939
9.05078125,-6.843490601,-0.037750244,-1.12399292,0.554107666,0.85874939
11.05836487,-4.819168091,-1.806045532,-0.717147827,0.589538574,2.18309021
12.34570313,-3.503112793,-2.892379761,1.262023926,0.043441772,2.536178589
11.49147034,-2.373703003,-2.057281494,1.164276123,0.41116333,2.13911438
9.928955078,-1.935806274,-2.552597046,1.164276123,0.41116333,2.13911438
8.577011108,-0.782470703,-3.165161133,0.646270752,0.981704712,1.981521606
8.179794312,-0.758544922,-2.782318115,0.06350708,1.028137207,1.753051758
9.002929688,-0.990646362,-1.595474243,-0.408035278,0.659179688,1.469604492
9.75189209,-0.665222168,-1.112121582,-0.965164185,0.882751465,1.096984863
10.37162781,-1.150970459,-1.313110352,-1.007919312,0.794784546,0.940597534
11.99156189,-1.591247559,-1.313110352,-0.437362671,0.329315186,0.808654785
13.57800293,-1.414169312,-1.413619995,0.234573364,0.15826416,0.574081421
14.1259613,-0.512084961,-2.083602905,0.097717285,0.229125977,0.090286255
15.29127502,-1.732421875,-2.62677002,0.097717285,0.229125977,0.090286255
14.81269836,-0.734619141,-2.413818359,-0.348190308,0.21812439,-0.309204102
13.63064575,-0.92364502,-1.801254272,0.39704895,-0.530761719,-1.565139771
13.14491272,-2.297134399,-1.069046021,0.745254517,-0.852081299,-1.93409729
12.6519928,-3.053253174,-0.590484619,0.745254517,-0.852081299,-1.93409729
10.87890625,-2.402404785,-0.470840454,1.005477905,-0.948577881,-2.086807251
9.325958252,-1.878387451,-0.212417603,0.748901367,-0.8203125,-2.237091064
8.39276123,-2.237304688,0.089080811,0.643829346,-0.806869507,-2.23097229
7.756271362,-2.687164307,0.187179565,0.575424194,-0.764099121,-2.003723145
7.239425659,-2.988647461,0.258972168,0.575424194,-0.764099121,-2.003723145
7.083892822,-3.031723022,0.380996704,0.072067261,-0.674911499,-1.293914795
7.612701416,-3.833312988,0.708816528,-0.397064209,-0.641937256,-0.932266235
8.608108521,-4.977081299,1.354873657,-0.397064209,-0.641937256,-0.932266235
8.356872559,-5.522659302,1.689880371,-0.767242432,-0.390258789,-0.531555176
8.60333252,-6.637710571,0.811706543,-0.926071167,0.022674561,-0.085632324
9.871520996,-8.121261597,0.168045044,-0.791671753,0.221801758,0.591186523
10.35726929,-6.230926514,0.225463867,-0.9712677,0.308547974,1.552688599
11.73074341,-4.575088501,-1.468658447,-0.458129883,0.433166504,2.483642578
13.0085144,-3.077194214,-1.344223022,0.460586548,0.143615723,2.789077759
11.15647888,-1.823348999,-1.049911499,1.039672852,0.020217896,2.479980469
9.220672607,-1.287353516,-2.064468384,1.145965576,0.633529663,1.93510437
8.902435303,0.366088867,-3.524078369,0.613296509,1.201629639,1.815368652
7.397354126,-0.746582031,-2.119491577,-0.290771484,0.623748779,1.183731079
8.411911011,-1.062423706,-1.375335693,-0.290771484,0.623748779,1.183731079
9.52456665,-1.550567627,-0.990081787,-0.645065308,0.582214355,1.056671143
10.78797913,-1.758743286,-1.131256104,-1.047012329,0.668945313,1.02734375
12.20692444,-2.021957397,-1.399261475,-0.869857788,0.328094482,0.85508728
13.4057312,-1.406997681,-0.935058594,-0.117279053,0.179031372,0.513015747
13.93214417,-1.256256104,-1.676834106,-0.144165039,0.32321167,-0.106399536
14.78160095,-2.696731567,-2.4425354,-0.542434692,0.368408203,-0.249343872
14.47531128,-1.299316406,-2.334854126,-0.542434692,0.368408203,-0.249343872
13.12815857,-1.086364746,-1.578720093,0.315200806,-0.277862549,-0.752700806
12.95347595,-2.277984619,-1.136047363,0.979797363,-0.849624634,-1.435623169
12.92715454,-2.7421875,-0.683807373,1.375640869,-1.291900635,-2.04649353
10.7401123,-1.993240356,-0.245925903,1.434295654,-1.384750366,-2.34336853
9.665740967,-1.84727478,0.321182251,0.897964478,-1.113525391,-2.494873047
8.83782959,-2.880981445,0.28767395,0.897964478,-1.113525391,-2.494873047
8.16065979,-3.756744385,0.211105347,0.427581787,-0.740890503,-2.492431641
7.715591431,-3.761535645,0.553283691,0.492355347,-0.805648804,-2.199203491
7.378204346,-4.244888306,0.474319458,0.393371582,-0.790985107,-1.93409729
7.787384033,-5.613586426,0.447998047,-0.878417969,-0.33039856,-1.143630981
7.734741211,-6.419967651,0.96484375,-1.288909912,-0.039642334,-0.648834229
7.722763062,-7.384262085,0.778213501,-1.240036011,0.136291504,0.214904785
9.244598389,-8.662033081,-0.190887451,-1.389099121,-0.027404785,1.181289673
9.644210815,-6.82434082,0.74949646,-1.389099121,-0.027404785,1.181289673
10.8238678,-5.376693726,-1.05708313,-1.121536255,0.146057129,2.278396606
11.67332458,-4.503311157,-2.710525513,0.334732056,0.275558472,2.940582275
10.12516785,-3.711288452,-2.696166992,0.830764771,0.065414429,2.592376709
9.9815979,-3.249465942,-2.437744141,0.830764771,0.065414429,2.592376709
9.713592529,-1.179672241,-2.550201416,0.37260437,0.417282104,2.702331543
10.17301941,-0.03352356,-2.119491577,-0.339630127,0.573654175,1.908218384
10.15626526,0.186630249,-1.471038818,-1.119094849,1.028137207,1.382858276
10.4984436,-0.47857666,-1.497360229,-1.233947754,1.04524231,1.032226563
10.67790222,-0.756149292,-1.693572998,-1.233947754,1.04524231,1.032226563
11.41967773,-1.447677612,-1.990280151,-0.518005371,0.588317871,0.571640015
12.95826721,-0.780075073,-2.310928345,0.54977417,0.203475952,0.173370361
14.05895996,-1.127029419,-3.236953735,0.048858643,0.376953125,-0.397171021
15.05198669,-2.706298828,-3.648513794,0.048858643,0.376953125,-0.397171021
14.02067566,-1.61277771,-2.456893921,-1.178970337,0.767913818,-0.654953003
13.81489563,-2.802017212,-1.346618652,-0.720825195,0.257232666,-1.278030396
13.28369141,-3.180084229,-1.025985718,0.511886597,-0.398803711,-1.942657471
12.46774292,-2.699127197,-1.006835938,1.360992432,-0.761657715,-2.344589233
10.29745483,-1.823348999,-0.889587402,0.996917725,-0.770217896,-2.516860962
8.959854126,-1.998031616,-0.231567383,0.626739502,-0.712799072,-2.524185181
8.098449707,-2.455047607,-0.001846313,0.529006958,-0.665145874,-2.316497803
