-4.387298584,-9.32963562,-0.181304932,-1.539367676,-1.192932129,1.547195435
-3.851318359,-8.64050293,0.101043701,-0.821609497,-1.470275879,0.811721802
-4.104949951,-7.295730591,-0.504348755,0.073303223,-1.224716187,0.2368927
-4.212631226,-6.532424927,-1.430358887,0.714096069,-0.995025635,0.034698486
-4.042739868,-5.946182251,-2.449707031,0.714096069,-0.995025635,0.034698486
-3.810638428,-5.872009277,-2.992874146,0.867416382,-0.717681885,-0.390457153
-4.468658447,-5.508300781,-3.213012695,0.936447144,-0.214324951,-1.217559814
-5.081222534,-5.879180908,-3.299163818,0.95111084,0.331756592,-1.733123779
-5.68661499,-6.984664917,-3.007232666,0.474014282,0.720275879,-1.796646118
-6.662872314,-8.480178833,-2.576522827,-0.167373657,1.157028198,-1.626831055
-7.751617432,-10.7461853,-1.906539917,-0.167373657,1.157028198,-1.626831055
-8.246932983,-11.68177795,-1.186294556,-0.283432007,1.745300293,-1.276809692
-8.802062988,-10.89453125,-0.793869019,0.541213989,1.636566162,-0.906616211
-9.445739746,-10.81558228,-2.241531372,0.541213989,1.636566162,-0.906616211
-8.955200195,-9.777084351,-3.662872314,1.646270752,0.507080078,-0.446655273
-7.876037598,-7.298126221,-3.311126709,1.516159058,-0.168518066,0.049987793
-7.909545898,-8.18586731,-3.33026123,0.19241333,1.127090454,1.493453979
-7.177337646,-9.114273071,-1.825180054,-2.002410889,2.470397949,2.631469727
-7.399871826,-10.05465698,-0.011428833,-2.001800537,2.653656006,2.572219849
-7.342437744,-9.339202881,1.053390503,-2.001800537,2.653656006,2.572219849
-5.605255127,-7.982467651,1.20173645,0.335968018,0.199203491,1.616836548
-5.112335205,-7.156951904,-0.016204834,0.335968018,0.199203491,1.616836548
-4.612228394,-6.623352051,-0.954193115,1.122146606,0.122848511,1.564910889
-4.174346924,-6.281173706,-1.552398682,1.171615601,0.338485718,1.530700684
-3.803451538,-6.259643555,-1.865859985,0.750732422,-0.226547241,1.010848999
-3.891998291,-6.642486572,-1.961578369,0.750732422,-0.226547241,1.010848999
-4.418411255,-7.599624634,-2.026184082,0.121551514,-1.075668335,0.313247681
-5.181716919,-9.226745605,-1.851501465,-0.355529785,-1.48677063,-0.265213013
-6.411636353,-10.45425415,-1.485397339,-0.503967285,-0.958374023,-0.451538086
-6.753799438,-10.89692688,-2.815811157,0.031143188,-0.497161865,-0.402053833
-6.478637695,-8.997024536,-3.866256714,0.052520752,-1.291900635,-0.851028442
-6.459487915,-8.082977295,-4.21321106,0.052520752,-1.291900635,-0.851028442
-6.35899353,-7.542190552,-3.847122192,-0.157592773,-1.331604004,-1.043457031
-6.653305054,-7.645080566,-3.768157959,-0.217468262,-0.085449219,-0.87852478
-6.770553589,-7.94418335,-3.3230896,-0.217468262,-0.085449219,-0.87852478
-6.722702026,-8.114074707,-2.42338562,-0.761138916,0.604812622,-0.639678955
-6.045532227,-7.118667603,-1.212615967,-1.128860474,0.262115479,-0.507110596
-5.205657959,-5.953353882,-0.595275879,-1.010360718,-0.516113281,-0.420379639
-4.643341064,-5.371902466,-0.406234741,-0.772750854,-1.059768677,-0.342193604
-4.205444336,-5.345581055,-0.545028687,-0.707992554,-1.133682251,-0.311645508
-4.035552979,-5.565719604,-0.681411743,-0.707992554,-1.133682251,-0.311645508
-4.329879761,-5.726043701,-1.186294556,-0.565658569,-1.033508301,-0.554779053
-4.913726807,-6.474990845,-1.375335693,-0.447143555,-0.958984375,-1.004364014
-6.143630981,-7.317276001,-2.119491577,-0.257171631,-0.734191895,-1.32019043
-7.722900391,-9.183670044,-2.684204102,-0.083694458,-0.360336304,-1.598114014
-10.02479553,-11.39224243,-3.141235352,-0.083694458,-0.360336304,-1.598114014
-10.71392822,-11.32046509,-2.681808472,0.042144775,0.284729004,-1.510162354
-10.36936951,-9.580886841,-3.33984375,0.68598938,0.662841797,-1.19984436
-8.541244507,-8.595031738,-3.31590271,1.331054688,1.720855713,0.271713257
-7.660690308,-8.432327271,-3.430770874,1.331054688,1.720855713,0.271713257
-7.340042114,-9.004211426,-2.4090271,0.081237793,2.668930054,0.844100952
-7.232376099,-9.511489868,-0.949401855,-0.841156006,2.483825684,1.15196228
-6.784912109,-9.3152771,0.07472229,-0.841156006,2.483825684,1.15196228
-6.354202271,-8.559143066,1.043807983,-1.084274292,1.582199097,1.413421631
-5.918716431,-7.920257568,1.161056519,-0.66583252,0.665893555,1.753067017
-4.459091187,-7.077987671,0.223068237,-0.041549683,-0.185623169,2.124450684
-3.439743042,-6.558746338,-0.518707275,0.208892822,-0.666976929,2.10736084
-2.599868774,-6.242889404,-0.870437622,0.159423828,-0.669433594,1.658981323
-2.365371704,-6.094543457,-1.327468872,0.159423828,-0.669433594,1.658981323
-2.542434692,-6.202209473,-1.640930176,-0.067810059,-0.525268555,1.026138306
-3.265075684,-7.482376099,-1.710327148,-0.58215332,-0.373153687,0.599761963
-4.102554321,-9.674194336,-1.719894409,-1.025634766,-0.311462402,0.206344604
-4.882614136,-10.48057556,-1.712722778,-1.106262207,-0.624847412,-0.566360474
-4.679229736,-10.2723999,-2.320495605,-0.930938721,-1.125747681,-1.232833862
-6.461883545,-10.73182678,-2.399459839,-0.781906128,-0.80809021,-2.220596313
-9.273452759,-10.48297119,-3.868652344,0.306655884,0.072753906,-2.499145508
-9.950622559,-8.482574463,-5.304351807,0.753799438,0.022064209,-1.997619629
-9.866867065,-6.891342163,-5.151199341,-0.20463562,-0.623626709,-1.056915283
-8.732666016,-6.214172363,-3.866256714,-0.20463562,-0.623626709,-1.056915283
-6.533660889,-6.185470581,-2.040542603,-0.750747681,-1.214920044,-0.158309937
-4.913726807,-5.759536743,-1.119293213,-0.646911621,-1.324890137,0.164215088
-3.784317017,-4.991439819,-0.906341553,-0.279769897,-0.966918945,0.073791504
-3.590499878,-4.663635254,-0.60005188,0.007324219,-0.390869141,-0.282928467
-3.592880249,-4.369308472,-0.813018799,0.289535522,0.527252197,-0.479019165
-4.370559692,-5.374298096,-1.188690186,0.184463501,0.979888916,-0.723983765
-5.389892578,-7.558944702,-1.308334351,0.184463501,0.979888916,-0.723983765
-7.617614746,-10.152771,-1.920898438,-0.04397583,1.128936768,-1.019638062
-9.962585449,-12.99304199,-1.143234253,-0.312759399,1.318908691,-1.066055298
-11.78352356,-13.66781616,-0.875228882,0.050094604,1.365951538,-0.967712402
-11.60406494,-11.56932068,-1.552398682,1.318237305,0.320770264,0.403656006
-10.29518127,-10.29394531,-3.658081055,1.620620728,0.144836426,2.297943115
-7.801864624,-9.578491211,-4.143829346,0.156997681,0.959121704,3.176971436
-6.311141968,-9.298522949,-2.830169678,-0.740966797,0.831451416,2.787857056
-5.90196228,-9.133422852,-1.040328979,-0.740966797,0.831451416,2.787857056
-5.102752686,-8.264831543,-0.114318848,-0.740966797,0.831451416,2.787857056
-3.834564209,-6.857849121,0.101043701,-0.24067688,0.695831299,2.547790527
-3.370361328,-6.008392334,-0.525878906,0.767242432,0.590774536,1.971130371
-3.329681396,-5.738006592,-1.356185913,1.166137695,0.733718872,1.485488892
-3.530670166,-5.797821045,-1.75340271,0.948669434,0.94934082,1.131820679
-3.693389893,-5.812179565,-1.789291382,0.383605957,0.779525757,0.776901245
-3.872848511,-6.364929199,-1.645721436,-0.217453003,0.237091064,0.556991577
-3.762771606,-7.326843262,-1.399261475,-0.217453003,0.237091064,0.556991577
-3.978134155,-8.791244507,-1.370544434,-0.608413696,-0.252838135,0.220413208
-4.365768433,-9.336807251,-1.155197144,-0.731201172,-0.25038147,-0.459472656
-5.296585083,-9.56413269,-2.095565796,-0.447753906,-0.562530518,-1.208999634
-5.820602417,-9.53302002,-2.607635498,-0.545501709,-1.179489136,-1.879730225
-6.894989014,-11.57409668,-2.40663147,-0.530227661,-1.226531982,-2.591384888
-8.546035767,-12.3757019,-2.540634155,-0.530227661,-1.226531982,-2.591384888
-9.443344116,-9.351165771,-4.22996521,0.839324951,-0.509994507,-2.667755127
-9.31413269,-7.448867798,-4.667861938,0.835037231,-0.288253784,-2.003112793
-8.323501587,-6.171112061,-4.091186523,-0.042770386,-0.895446777,-1.204116821
-7.064880371,-5.417373657,-2.717697144,-0.042770386,-0.895446777,-1.204116821
-5.598068237,-5.324050903,-1.238937378,-0.718978882,-1.333450317,-0.148544312
-4.856292725,-5.362335205,-0.824981689,-0.718978882,-1.333450317,-0.148544312
-4.480621338,-5.357543945,-0.724487305,-0.492355347,-0.996231079,-0.221847534
-4.327484131,-5.26184082,-0.755584717,-0.164916992,-0.444015503,-0.414886475
-4.356201172,-5.271408081,-0.947021484,-0.010986328,0.220581055,-0.665344238
-4.908935547,-5.970108032,-1.07383728,-0.010986328,0.220581055,-0.665344238
-6.012039185,-7.563735962,-1.188690186,-0.069030762,0.566940308,-0.932891846
-7.620010376,-10.07618713,-1.267654419,-0.134384155,0.894363403,-0.98664856
-8.931274414,-11.54777527,-0.85369873,-0.134384155,0.894363403,-0.98664856
-9.96736145,-11.80859375,-0.734054565,0.079406738,1.380004883,-0.868133545
-9.347625732,-11.24389648,-2.387496948,0.963928223,0.649414063,-0.269500732
-7.761184692,-10.06422424,-3.500152588,1.981018066,-0.060409546,0.420150757
-7.084014893,-9.647872925,-3.402053833,1.703079224,1.020828247,0.967483521
-7.143844604,-9.99005127,-2.363571167,-0.076980591,2.138076782,1.528869629
-6.725097656,-10.41596985,-0.281814575,-1.339614868,2.317062378,2.129959106
-6.1197052,-9.621551514,0.861953735,-1.365280151,1.761795044,2.434783936
-5.636352539,-8.693145752,0.806930542,-0.715927124,0.807617188,2.668746948
-4.595474243,-8.123657227,0.550888062,0.058044434,-0.232055664,2.587493896
-3.573745728,-7.482376099,0.012512207,0.590087891,-0.549713135,2.310165405
-2.875045776,-6.84828186,-0.719696045,0.590087891,-0.549713135,2.310165405
-2.396469116,-6.281173706,-1.341827393,0.623062134,-0.583297729,1.769546509
-1.870056152,-6.15914917,-1.660079956,0.623062134,-0.583297729,1.769546509
-1.965774536,-6.460632324,-1.97593689,0.608413696,-0.266265869,0.966873169
-1.910736084,-7.161727905,-2.655487061,0.39704895,0.381835938,0.365783691
-2.147628784,-8.437103271,-2.322891235,-0.827713013,-0.241836548,-0.534011841
-2.784118652,-11.53103638,-1.765365601,-1.646881104,-1.338317871,-1.626831055
-3.746032715,-14.34977722,-0.949401855,-1.734848022,-2.164825439,-3.235229492
-6.014419556,-13.45007324,0.189575195,-0.577255249,-1.403701782,-4.634719849
-9.082015991,-12.72265625,-2.042922974,-0.577255249,-1.403701782,-4.634719849
-9.768768311,-10.02354431,-2.791885376,0.284042358,-0.540542603,-3.207138062
-10.05828857,-7.982467651,-1.102554321,-0.764175415,-1.172790527,-1.744125366
-8.766174316,-7.257446289,-0.659881592,-0.764175415,-1.172790527,-1.744125366
-6.660491943,-7.317276001,-0.808227539,-1.092819214,-1.931472778,0.227737427
-4.571548462,-7.015777588,-0.513916016,-1.029296875,-2.730484009,0.839813232
-3.226791382,-5.826538086,-0.894378662,-1.029296875,-2.730484009,0.839813232
-2.575942993,-5.130233765,-0.958984375,-1.002426147,-1.878936768,0.32119751
-3.090393066,-5.630325317,-0.489990234,-1.199127197,-1.291900635,-0.705047607
-4.274841309,-7.080383301,-0.327270508,-1.255935669,-0.599182129,-1.4765625
-6.760986328,-9.937408447,-0.451705933,-1.277313232,0.505249023,-2.0703125
-9.790298462,-11.98327637,0.168045044,-0.89491272,1.784393311,-2.282287598
-12.73587036,-11.88995361,0.979202271,-0.89491272,1.784393311,-2.282287598
-13.60446167,-10.60021973,0.395355225,1.640151978,-0.96875,1.326065063
-11.0249939,-11.91148376,0.089080811,1.640151978,-0.96875,1.326065063
-8.625,-11.26063538,-1.030761719,2.879592896,-1.110473633,1.649810791
-6.691589355,-9.698120117,-1.614608765,2.149627686,1.723922729,2.037719727
-6.58152771,-9.901519775,-0.997268677,0.586425781,3.636520386,2.359634399
-7.127090454,-10.57150269,-0.018600464,0.586425781,3.636520386,2.359634399
-7.024200439,-10.60021973,0.75189209,-0.343917847,3.486862183,2.7371521
-6.074249268,-9.681381226,1.235244751,-0.385452271,2.946853638,3.106735229
-5.476043701,-8.717071533,0.828460693,0.177749634,2.632888794,3.348632813
-4.944839478,-8.025543213,0.208724976,0.508850098,1.933441162,3.329696655
-4.06427002,-7.518264771,-0.286590576,0.508850098,1.933441162,3.329696655
-3.583312988,-7.214370728,-0.774734497,0.489898682,1.155822754,2.969299316
-3.499572754,-7.28616333,-1.152801514,0.294418335,0.520523071,2.512969971
-3.229171753,-7.630722046,-1.432754517,-0.055587769,-0.117202759,2.021835327
-2.887008667,-8.779281616,-1.770141602,-0.408676147,-0.800765991,1.332794189
-2.465866089,-8.913284302,-1.28678894,-0.620025635,-1.13734436,0.145278931
-2.590301514,-8.597427368,-1.427978516,-0.269378662,-1.28578186,-1.205337524
-3.18132019,-7.994430542,-1.923294067,0.076950073,-1.735397339,-2.312835693
-3.980529785,-8.999420166,-3.040740967,0.076950073,-1.735397339,-2.312835693
-5.330078125,-12.16513062,-3.981109619,-0.152709961,-2.237518311,-3.156433105
-7.222793579,-13.94059753,-4.574539185,0.051300049,-1.418960571,-4.469787598
-8.907348633,-12.62216187,-4.414215088,0.051300049,-1.418960571,-4.469787598
-9.706542969,-11.03572083,-3.126876831,-0.505187988,-0.382324219,-4.704360962
-9.484024048,-8.982681274,-2.100357056,-1.050674438,-0.46295166,-3.690322876
-8.761383057,-7.420166016,-1.447113037,-1.050674438,-0.46295166,-3.690322876
-7.964569092,-6.692749023,-1.037948608,-1.705535889,-2.752471924,-1.427078247
-7.158187866,-7.154556274,-0.872833252,-1.844802856,-2.846542358,-0.54989624
-6.031173706,-7.106704712,-0.432556152,-1.844802856,-2.846542358,-0.54989624
-4.954406738,-6.891342163,-0.174133301,-1.717147827,-2.151992798,-0.114944458
-4.561981201,-7.094741821,-0.001846313,-1.752563477,-1.774490356,-0.32875061
-4.947219849,-8.269607544,0.29725647,-1.920547485,-1.555786133,-0.752685547
-5.978530884,-10.05944824,0.491073608,-1.945602417,-0.943710327,-1.419754028
-7.627182007,-10.7461853,1.579803467,-1.414764404,0.075210571,-2.089874268
-9.998474121,-9.454055786,2.845611572,-1.414764404,0.075210571,-2.089874268
-12.01802063,-10.55714417,0.936141968,0.415374756,0.740432739,-1.565155029
-12.89378357,-11.41139221,-0.60723877,1.706130981,0.971939087,-0.227966309
-11.66867065,-11.48556519,-0.528274536,1.888168335,2.276748657,1.505661011
-9.555801392,-12.89494324,-0.549804688,1.790435791,3.968215942,3.618026733
-7.785110474,-13.78746033,-0.712524414,2.180160522,5.258987427,4.739562988
-6.442733765,-13.12704468,-1.152801514,1.902832031,4.901626587,4.88130188
-5.796676636,-11.45924377,-2.090789795,1.902832031,4.901626587,4.88130188
-4.478225708,-9.930236816,-2.133850098,0.926071167,2.601119995,4.37121582
-3.683822632,-8.836715698,-1.368148804,0.018325806,0.210205078,3.377944946
-2.958786011,-7.673797607,-0.755584717,0.029937744,-0.312072754,3.035263062
-2.525695801,-7.06842041,-0.927871704,0.078186035,0.003738403,2.745101929
-2.331863403,-7.101913452,-1.121688843,-0.249847412,0.260284424,2.269226074
-2.599868774,-8.245681763,-1.554794312,-0.249847412,0.260284424,2.269226074
-2.437149048,-9.198028564,-1.552398682,-0.748306274,0.18637085,1.800704956
-1.896377563,-8.587860107,-0.391876221,-0.939498901,-0.108047485,0.803787231
-0.929672241,-7.793441772,-0.664657593,-0.507629395,-0.918060303,-0.291488647
-0.577926636,-7.106704712,-0.82019043,-0.034210205,-1.695068359,-1.911499023
-2.27923584,-8.441894531,-2.021392822,-0.034210205,-1.695068359,-1.911499023
-4.150421143,-11.87080383,-3.615005493,0.25289917,-1.758605957,-3.256011963
-7.675048828,-15.87638855,-5.079421997,0.157592773,-1.531967163,-4.592575073
-10.13247681,-15.71847534,-4.430969238,-0.720809937,-0.453186035,-5.403198242
-11.44134521,-13.87359619,-2.416213989,-1.433074951,0.020828247,-4.832641602
-11.49638367,-10.50689697,-1.124084473,-0.788619995,-1.197219849,-3.190032959
-9.385910034,-7.530227661,-1.435150146,-0.32925415,-2.933898926,-1.892562866
-8.093780518,-6.680770874,-2.210418701,-0.239456177,-3.135482788,-1.199234009
-6.995483398,-5.93182373,-2.179321289,-0.239456177,-3.135482788,-1.199234009
-5.610031128,-5.312088013,-1.999862671,-0.548553467,-1.715835571,-0.505905151
-4.846725464,-5.412582397,-1.700759888,-1.263259888,-0.427536011,-0.373336792
-4.834762573,-6.640106201,-0.566558838,-1.263259888,-0.427536011,-0.373336792
-5.21282959,-8.513687134,0.431243896,-1.91444397,-0.113540649,-0.683044434
-6.777740479,-10.43989563,0.878707886,-1.927276611,-0.07749939,-1.325073242
-9.993682861,-11.41856384,1.747299194,-1.235168457,0.241958618,-1.734344482
-12.02758789,-10.74378967,1.948303223,0.046432495,0.78074646,-0.838821411
-12.84114075,-11.12664795,0.646606445,1.412918091,0.679946899,1.122039795
-11.38870239,-12.33502197,-1.435150146,1.412918091,0.679946899,1.122039795
-9.467269897,-12.97390747,-1.97114563,1.861907959,1.145431519,2.814117432
-7.825790405,-13.37350464,-2.117111206,1.515548706,2.319503784,3.930175781
-6.772949219,-13.22276306,-1.865859985,0.978591919,2.752609253,4.184295654
-5.758392334,-12.07420349,-1.207839966,0.712860107,2.407470703,3.892913818
-4.911331177,-10.55714417,-0.772338867,0.712860107,2.407470703,3.892913818
-4.238952637,-9.169311523,-0.6144104,0.68170166,1.781951904,3.456756592
-3.616821289,-7.922653198,-0.623977661,0.695770264,1.157653809,3.015716553
-3.1693573,-7.295730591,-0.894378662,0.759902954,0.782577515,2.639419556
-2.937255859,-6.876983643,-1.107330322,0.759902954,0.782577515,2.639419556
-3.095184326,-6.561141968,-1.193481445,0.587646484,0.704391479,2.15133667
-3.334457397,-6.81477356,-1.693572998,0.415985107,0.857727051,1.869735718
-3.131072998,-7.673797607,-2.160171509,-0.323135376,0.526016235,1.70173645
-2.49937439,-8.678787231,-1.672042847,-1.302978516,-0.348724365,0.950378418
-1.980133057,-8.760147095,-0.695770264,-1.302978516,-0.348724365,0.950378418
-1.877227783,-8.664428711,-0.348815918,-1.610839844,-1.280303955,-0.293319702
-2.487411499,-9.140594482,-1.329864502,-2.354873657,-3.993743896,-1.600570679
-3.253112793,-10.18626404,-1.628967285,-2.438552856,-4.813522339,-2.918807983
-6.102966309,-12.25126648,-3.074234009,-2.438552856,-4.813522339,-2.918807983
-10.51292419,-11.51667786,-5.115310669,-1.475845337,-2.497131348,-4.147857666
-11.55142212,-10.73182678,-5.191879272,-1.598617554,-0.761672974,-3.982940674
-11.10874939,-10.39204407,-4.127075195,-2.505767822,-1.384765625,-3.451477051
-9.685012817,-9.298522949,-2.152999878,-3.293167114,-2.302886963,-2.970733643
-8.498168945,-8.595031738,0.29246521,-3.274841309,-2.218582153,-1.95791626
-7.129486084,-7.532623291,0.897857666,-2.642578125,-1.888717651,-0.852249146
-5.909133911,-7.336410522,0.605926514,-2.642578125,-1.888717651,-0.852249146
-5.296585083,-7.381881714,0.826065063,-2.630981445,-1.700576782,-0.5052948
-5.138656616,-7.453659058,0.658569336,-2.368927002,-1.184997559,-0.417938232
-4.832366943,-7.767120361,0.682495117,-2.50881958,-0.701797485,-0.570648193
-5.19367981,-9.056854248,1.139526367,-2.620605469,-0.070800781,-1.238937378
-6.981124878,-10.96392822,1.752090454,-2.620605469,-0.070800781,-1.238937378
-8.778137207,-12.47380066,3.060958862,-2.298675537,1.171707153,-1.64881897
-10.47703552,-11.2749939,4.515792847,-0.66645813,2.220535278,-1.758163452
-12.59230042,-11.29891968,6.023269653,2.253448486,0.23526001,-1.304916382
-11.9055481,-12.60061646,5.822280884,2.253448486,0.23526001,-1.304916382
-9.306945801,-13.25865173,1.299850464,5.481872559,-0.390274048,0.258270264
-7.866470337,-13.50511169,-0.296173096,5.64743042,1.231567383,2.101852417
-7.081619263,-14.03152466,0.263748169,3.859420776,2.460617065,3.155593872
-5.89956665,-14.65127563,1.421875,2.62487793,3.742202759,4.045013428
-4.784515381,-13.97410583,1.534347534,2.854553223,4.889404297,4.44329834
-3.702957153,-11.42095947,-0.556991577,3.588806152,4.607192993,4.040130615
-2.470657349,-8.059051514,-1.406433105,3.588806152,4.607192993,4.040130615
-2.719512939,-6.247680664,-1.021194458,2.756210327,3.02381897,2.946685791
-3.123901367,-6.130432129,-1.025985718,1.701248169,2.288955688,2.200820923
-3.710128784,-7.779083252,-1.53086853,0.929107666,2.184509277,2.044448853
-4.193481445,-9.1118927,-1.418395996,0.147827148,1.764846802,1.628433228
-4.700759888,-10.06661987,-1.449508667,-0.323150635,1.376953125,1.195343018
-4.542831421,-10.90411377,-1.571548462,-0.717147827,0.57182312,0.797042847
-3.339248657,-10.79403687,-1.547607422,-0.687835693,-0.93270874,-0.227966309
-2.27204895,-8.896530151,-0.784301758,-0.687835693,-0.93270874,-0.227966309
-3.997268677,-8.875,-2.301345825,-0.089813232,-1.640701294,-1.682418823
-4.961578369,-9.281784058,-4.947814941,0.760528564,-1.420181274,-1.867507935
-5.284606934,-9.250671387,-6.625183105,-0.150894165,-1.136749268,-1.981735229
-5.691390991,-9.040100098,-6.522293091,-0.150894165,-1.136749268,-1.981735229
-6.215423584,-9.159744263,-4.095977783,-2.934570313,-1.0652771,-3.078857422
-6.296783447,-9.064025879,-2.263061523,-2.934570313,-1.0652771,-3.078857422
-6.385314941,-8.740997314,-1.406433105,-2.703689575,-1.211257935,-3.24256897
-7.067260742,-8.425140381,-1.710327148,-2.197891235,-1.55090332,-3.419723511
-7.347229004,-8.453857422,-1.521286011,-2.11114502,-1.633377075,-3.378173828
-7.483612061,-8.750564575,-1.05708313,-1.999359131,-0.472122192,-2.958526611
-7.70375061,-8.42036438,-0.513916016,-1.624282837,0.602981567,-2.741668701
-9.208847046,-8.609390259,-1.602645874,-1.624282837,0.602981567,-2.741668701
-12.06826782,-8.812789917,-1.645721436,-1.090393066,1.287765503,-2.975006104
-16.38731384,-8.513687134,-0.009033203,-0.596206665,0.957275391,-2.583435059
-17.55740356,-7.757553101,0.859558105,0.369552612,0.456985474,-0.873031616
-15.59529114,-9.430130005,-0.274627686,1.880844116,0.116729736,1.128753662
-13.24552917,-10.74378967,-1.526077271,1.880844116,0.116729736,1.128753662
-10.81921387,-12.69154358,-2.499954224,2.654190063,0.982345581,2.608276367
-8.766174316,-13.50271606,-2.923492432,1.160018921,3.067214966,4.581344604
-8.16317749,-13.98606873,-2.322891235,1.160018921,3.067214966,4.581344604
-7.643936157,-13.57449341,-1.377716064,1.160018921,3.067214966,4.581344604
-6.768157959,-12.56472778,-0.757980347,0.474014282,2.444732666,4.6277771
-5.753601074,-11.53341675,-0.6144104,0.511291504,1.665893555,4.635101318
-4.777328491,-10.73661804,-0.729263306,0.591918945,1.130172729,4.53553772
-4.08581543,-10.11686707,-0.798660278,0.500900269,0.995147705,4.115875244
-4.040344238,-9.678985596,-1.102554321,0.490524292,0.86138916,3.475692749
-4.262878418,-9.257843018,-2.291778564,0.496002197,0.289001465,3.079849243
-3.573745728,-8.884567261,-3.10534668,-0.324356079,-0.856964111,2.425003052
-2.614227295,-8.999420166,-3.172348022,-0.324356079,-0.856964111,2.425003052
-1.58770752,-8.456253052,-2.356384277,-1.196060181,-1.706054688,1.35295105
-0.439147949,-7.570907593,-1.337051392,-1.196060181,-1.706054688,1.35295105
0.582580566,-7.06842041,-1.083404541,-1.185684204,-1.703018188,0.308990479
-0.116119385,-7.06362915,-1.301147461,-0.415390015,-1.77935791,-1.389205933
-1.755203247,-9.619171143,-2.150604248,0.157592773,-1.242416382,-3.016555786
-3.437347412,-13.67021179,-2.569351196,-0.015274048,-0.604675293,-4.527816772
-5.834960938,-16.57987976,-2.633956909,-0.279159546,0.133224487,-5.830795288
-7.514724731,-17.19244385,-2.081207275,0.021987915,1.565093994,-5.828338623
-8.639358521,-14.85466003,-1.839538574,0.021987915,1.565093994,-5.828338623
-9.340454102,-12.57191467,-1.222183228,0.313369751,0.94569397,-5.229690552
-9.627593994,-10.85386658,-0.355987549,-0.092849731,-1.274185181,-4.257827759
-8.892990112,-9.571304321,-0.444519043,-0.414779663,-3.058517456,-3.092285156
-8.029174805,-9.219558716,-0.60484314,-0.877197266,-3.732299805,-2.13873291
-6.935668945,-9.274597168,-0.513916016,-1.29624939,-2.885650635,-1.369659424
-6.059890747,-9.635910034,-0.576126099,-1.29624939,-2.885650635,-1.369659424
-4.937652588,-10.58825684,0.421676636,-1.491119385,-2.003555298,-1.127761841
-5.925888062,-12.07180786,0.596359253,-0.431259155,0.121627808,-1.722137451
-8.936065674,-12.16273499,-0.935058594,1.431243896,2.540039063,-2.58039856
-10.0559082,-11.45684814,-2.629165649,2.699401855,2.081878662,-2.324447632
-9.306945801,-10.48776245,-4.289794922,2.660903931,1.027526855,-1.003143311
-9.06288147,-9.008987427,-4.165359497,2.660903931,1.027526855,-1.003143311
-8.730285645,-7.975296021,-3.926086426,1.590072632,0.942626953,-0.08013916
-7.990890503,-9.796234131,-2.636352539,-0.406219482,2.497268677,1.869110107
-7.93586731,-13.68457031,0.852386475,-2.433059692,3.172897339,3.018768311
-8.175140381,-13.84249878,1.529556274,-2.59677124,3.428833008,3.651626587
-8.340255737,-13.62953186,0.383392334,-2.340820313,3.166168213,4.71206665
-7.215621948,-14.10331726,0.610717773,-2.322509766,1.684829712,4.802490234
-6.224990845,-13.66304016,0.625076294,-2.322509766,1.684829712,4.802490234
-5.21043396,-12.83511353,0.017288208,-1.71774292,0.472869873,4.596618652
-3.492385864,-11.67698669,0.392959595,-1.168579102,0.326263428,4.294235229
-2.875045776,-10.61457825,-0.083206177,-0.052536011,1.026306152,3.580154419
-2.748214722,-10.22694397,-1.033157349,0.164932251,1.703155518,2.608886719
-2.750610352,-10.48057556,-1.025985718,-0.508239746,1.593185425,1.748184204
-2.150009155,-10.35855103,0.000549316,-0.58215332,1.244384766,1.28086853
-0.336257935,-9.717269897,-0.004241943,-0.36529541,-0.388427734,1.067672729
3.276901245,-9.415771484,0.328353882,-0.36529541,-0.388427734,1.067672729
3.260162354,-9.32723999,0.706420898,0.146606445,-2.126342773,-1.083786011
-2.461090088,-12.91886902,-1.097763062,1.498443604,-1.644973755,-3.450256348
-5.66986084,-15.6131897,-2.602844238,1.75743103,-1.899093628,-4.285308838
-7.136657715,-15.99842834,-2.619598389,1.75743103,-1.899093628,-4.285308838
-7.730072021,-14.60102844,-2.145812988,1.043960571,-3.396942139,-4.775222778
-8.127288818,-11.73921204,-2.346817017,0.434921265,-3.81048584,-4.273086548
-7.871261597,-9.667022705,-2.473632813,-0.690261841,-3.451904297,-3.025695801
-8.002853394,-9.573699951,-2.033355713,-1.698806763,-3.743896484,-2.449050903
-7.921508789,-8.846282959,-1.207839966,-1.922988892,-2.902755737,-1.730682373
-7.139053345,-8.700317383,-0.846511841,-1.922988892,-2.902755737,-1.730682373
-6.624588013,-8.673995972,-0.071243286,-2.189331055,-1.980957031,-1.397140503
-6.615020752,-8.336608887,0.158462524,-2.092819214,-1.829467773,-1.544372559
-6.497772217,-8.025543213,-0.262664795,-1.742797852,-1.782424927,-1.586517334
-7.203659058,-9.219558716,-0.511520386,-1.502716064,-1.559463501,-2.248077393
-10.8216095,-10.23173523,0.208724976,-0.852157593,-0.210067749,-2.400192261
-14.27444458,-8.370117188,2.206726074,0.813659668,0.84487915,-0.670837402
-15.39907837,-9.408599854,1.44342041,0.813659668,0.84487915,-0.670837402
-12.28840637,-9.176498413,-1.346618652,3.143493652,0.868713379,2.077423096
-9.261489868,-9.817764282,-2.342025757,2.729324341,1.547988892,3.078018188
-8.802062988,-11.35395813,-1.447113037,1.535079956,3.11239624,3.451873779
-9.024597168,-12.97868347,-0.128677368,1.535079956,3.11239624,3.451873779
-8.646530151,-13.92623901,0.51020813,1.122756958,4.391555786,3.946060181
-7.631973267,-13.00260925,0.215896606,1.089767456,5.194229126,4.230712891
-6.863876343,-11.14100647,-0.437347412,0.550994873,3.962738037,3.969268799
-5.988098145,-9.791442871,-0.420593262,0.550994873,3.962738037,3.969268799
-4.99029541,-9.186065674,0.022079468,-0.300552368,2.111206055,3.654052734
-3.789093018,-8.559143066,0.629852295,-0.726913452,1.225448608,3.293045044
-3.571350098,-8.140396118,0.491073608,-0.622467041,0.9737854,2.67729187
-3.86567688,-8.693145752,0.019683838,-0.560760498,1.080062866,2.176986694
-4.200668335,-9.844085693,0.046005249,-0.786178589,0.944458008,1.579574585
-4.107345581,-9.635910034,0.2996521,-0.765411377,0.489974976,0.929000854
-3.655105591,-9.439697266,0.024475098,-0.515563965,-0.791610718,0.329742432
-2.607040405,-9.09034729,-0.442123413,-0.515563965,-0.791610718,0.329742432
-1.089996338,-8.898925781,-1.327468872,-0.173477173,-2.580215454,-0.511398315
-3.274642944,-9.288955688,-2.973739624,-0.095901489,-3.796432495,-1.866912842
-5.90196228,-10.97349548,-4.68460083,-0.576034546,-2.538665771,-2.003128052
-6.899765015,-12.33979797,-4.46446228,-1.367095947,-1.175231934,-3.505233765
-9.474441528,-11.53581238,-3.358978271,-1.182022095,-1.179504395,-4.323791504
-9.06288147,-8.834320068,-2.846923828,-1.182022095,-1.179504395,-4.323791504
-8.048324585,-7.946578979,-2.586105347,-1.361618042,-2.004776001,-4.036071777
-7.847320557,-7.848480225,-1.643325806,-1.875961304,-2.610748291,-4.080673218
-8.268463135,-7.75994873,-0.482803345,-1.840530396,-2.057312012,-3.596252441
-7.859283447,-7.870010376,0.536529541,-1.840530396,-2.057312012,-3.596252441
-7.340042114,-8.126037598,0.593963623,-1.335952759,-0.516098022,-2.445999146
-7.313720703,-9.09992981,0.809310913,-0.943786621,0.626815796,-1.92616272
-7.663085938,-9.810592651,0.670532227,-0.740982056,0.631698608,-1.99458313
-10.36936951,-11.50231934,-0.956588745,0.480743408,0.136901855,-2.24382019
-14.20506287,-10.61936951,-1.418395996,1.006698608,1.287155151,-1.676925659
-16.56677246,-8.494537354,-1.162368774,1.006698608,1.287155151,-1.676925659
-14.9276886,-8.303115845,-2.586105347,1.753768921,1.823486328,1.186798096
-10.92449951,-10.66004944,-3.081420898,1.753768921,1.823486328,1.186798096
-7.844940186,-12.68676758,-2.133850098,0.604736328,1.665267944,4.148864746
-7.079223633,-13.28257751,-0.930267334,0.136825562,2.912658691,4.187957764
-6.186706543,-12.97390747,0.452789307,0.082458496,3.784973145,4.137863159
-5.478439331,-11.37071228,0.52935791,0.082458496,3.784973145,4.137863159
-4.691192627,-9.724441528,0.206329346,0.069015503,2.211380005,3.263717651
-3.970947266,-8.822357178,0.122573853,0.069015503,2.211380005,3.263717651
-3.6431427,-8.118865967,-0.004241943,-0.073913574,1.535171509,2.567947388
-3.750808716,-7.73600769,-0.061676025,-0.249237061,1.216903687,2.021224976
-4.052307129,-7.803009033,-0.210021973,-0.512512207,1.033035278,1.743896484
-4.270050049,-8.226547241,-0.298553467,-0.512512207,1.033035278,1.743896484
-4.054702759,-8.973098755,-0.351196289,-0.929122925,0.582824707,1.563690186
-3.214828491,-9.011383057,0.014892578,-1.307861328,-0.426300049,1.043243408
-0.697570801,-10.55714417,-0.126281738,-1.177734375,-1.169113159,0.243621826
0.264343262,-9.54498291,-1.794067383,0.039077759,0.614593506,-1.999450684
-3.243530273,-9.269805908,0.113006592,-0.336578369,-0.349960327,-3.961547852
-6.236953735,-13.1461792,-1.042724609,1.962692261,-1.372528076,-2.692184448
-4.695983887,-17.51786804,-5.490982056,1.962692261,-1.372528076,-2.692184448
-6.110137939,-15.46961975,-7.515319824,3.746414185,-3.75428772,-3.805175781
-7.318511963,-10.68875122,-5.986297607,1.629165649,-4.069503784,-4.486282349
-6.160385132,-9.355957031,-3.914108276,-0.447143555,-2.792175293,-3.743469238
-5.834960938,-8.583068848,-1.844329834,-2.167327881,-2.279052734,-3.28288269
-5.777542114,-8.920455933,0.548492432,-3.160598755,-2.367019653,-2.62071228
-5.753601074,-9.540206909,1.685089111,-2.890594482,-2.39390564,-2.285339355
-6.34463501,-9.276992798,1.8621521,-1.475845337,-1.580230713,-2.449676514
-7.433364868,-8.384475708,0.656173706,0.01159668,-0.469070435,-2.015335083
-7.687011719,-8.65007019,-0.442123413,0.01159668,-0.469070435,-2.015335083
-7.981323242,-9.946975708,-0.509124756,0.108108521,-0.285812378,-1.365997314
-8.814025879,-10.69114685,-0.439743042,0.326797485,0.160110474,-1.006195068
-10.07983398,-11.80619812,-0.580917358,0.83442688,1.144821167,-0.295761108
-9.840545654,-9.851272583,-0.901550293,1.744003296,1.296310425,0.735977173
-9.792694092,-11.22953796,-3.002456665,1.970031738,1.585861206,2.15196228
-8.883422852,-12.99543762,-4.617599487,0.549758911,2.580352783,3.373062134
-8.888198853,-14.63691711,-3.615005493,0.549758911,2.580352783,3.373062134
-8.950424194,-16.62535095,-1.657684326,-1.397659302,3.513748169,4.398696899
-8.333068848,-16.44110107,-0.595275879,-2.034164429,3.729995728,5.120742798
-7.27305603,-15.24468994,-0.121490479,-1.863128662,3.204040527,5.40296936
-6.009643555,-13.80181885,-0.489990234,-1.185684204,1.993927002,5.272232056
-4.408843994,-11.76313782,-0.640731812,-1.185684204,1.993927002,5.272232056
-3.597671509,-10.07141113,-0.552200317,-0.701889038,0.460037231,4.498275757
-3.279434204,-9.061630249,-0.549804688,-0.372009277,-0.170959473,3.773178101
-2.686004639,-8.138000488,-1.241333008,-0.304214478,0.069091797,3.402999878
-2.226593018,-7.846084595,-2.464065552,-0.777023315,-0.155700684,3.217300415
-0.147216797,-8.123657227,-3.598266602,-1.831970215,-2.056091309,2.671188354
2.341308594,-7.676193237,-3.031158447,-1.831970215,-2.056091309,2.671188354
3.310409546,-6.996627808,-1.703140259,-2.836227417,-3.164199829,0.363342285
1.207107544,-8.583068848,-1.243728638,-2.505767822,-1.861221313,-2.01473999
-0.743041992,-8.408401489,-1.186294556,-1.513092041,-0.57963562,-3.755081177
-4.75340271,-11.72962952,-1.96875,-1.513092041,-0.57963562,-3.755081177
-7.608047485,-16.56074524,-3.849502563,-0.855209351,-0.357284546,-4.866241455
-11.96537781,-19.81019592,-6.457687378,0.286483765,-0.643157959,-6.35736084
-15.22918701,-16.73780823,-5.981521606,-0.242507935,-0.678604126,-7.122772217
-14.54722595,-11.60281372,-2.732055664,-1.636505127,-2.216140747,-5.306671143
-11.71652222,-7.494338989,-0.908737183,-1.494781494,-2.53805542,-2.987838745
-9.780731201,-7.28137207,-1.224578857,-1.494781494,-2.53805542,-2.987838745
-8.330673218,-8.250473022,-0.935058594,-1.866790771,-2.930847168,-1.555969238
-6.57194519,-8.61895752,-0.772338867,-2.917480469,-2.205749512,-0.639068604
-5.365966797,-8.303115845,-0.882415771,-2.917480469,-2.205749512,-0.639068604
-4.605056763,-8.317474365,0.455184937,-3.879592896,-3.185577393,-1.378829956
-4.99029541,-8.547180176,1.936340332,-3.655395508,-1.801361084,-2.235870361
-8.665664673,-10.02833557,2.972427368,-3.062866211,1.648788452,-2.686065674
-11.8888092,-10.66482544,3.793167114,-2.329223633,3.366516113,-2.548019409
-13.56138611,-10.89692688,4.329162598,-2.329223633,3.366516113,-2.548019409
-13.50395203,-10.38964844,4.61390686,-0.667678833,2.794754028,-0.601806641
-12.11372375,-10.59544373,2.405334473,-0.667678833,2.794754028,-0.601806641
-11.45809937,-12.72982788,0.397750854,2.1875,1.153381348,1.673034668
-10.8981781,-15.24229431,-0.588088989,3.344467163,0.105133057,2.861160278
-9.28302002,-17.69015503,-1.96635437,3.869812012,0.988449097,4.468338013
-7.978927612,-19.16891479,-2.035751343,3.580871582,1.77645874,5.47076416
-7.026596069,-19.5158844,-1.100158691,3.017654419,2.974960327,5.752380371
-5.966567993,-18.0514679,-0.516311646,3.017654419,2.974960327,5.752380371
-4.822799683,-14.62016296,-0.994873047,2.608978271,3.821014404,5.893493652
-4.140838623,-12.18188477,-1.334655762,1.950485229,2.02507019,5.132965088
-3.542633057,-10.69354248,-1.260482788,1.429397583,0.976226807,4.249649048
-3.006652832,-9.449279785,-1.016403198,1.429397583,0.976226807,4.249649048
-2.760192871,-8.484970093,-1.085800171,1.429397583,0.976226807,4.249649048
-2.602264404,-8.020751953,-1.356185913,1.040298462,0.66835022,3.478744507
-2.27923584,-8.152359009,-1.561965942,-0.023834229,0.2993927,2.322982788
-1.671447754,-7.951370239,-1.51890564,-0.646286011,-0.323669434,1.223434448
-0.932067871,-7.345977783,-1.437545776,-0.646286011,-0.323669434,1.223434448
0.166229248,-6.955947876,-0.571334839,-0.961486816,-1.870391846,-0.490631104
-0.599472046,-6.81237793,-0.635955811,-0.450210571,-2.699935913,-2.513198853
-4.365768433,-8.760147095,-2.377929688,-0.349411011,-3.205123901,-3.975601196
-8.914520264,-12.33979797,-3.10534668,-0.349411011,-3.205123901,-3.975601196
-12.59707642,-12.82794189,-3.057479858,-0.773345947,-3.677322388,-5.337219238
-13.11392212,-11.10749817,-4.141433716,0.094070435,-1.14956665,-4.754455566
-11.86726379,-10.67678833,-3.452301025,-1.165527344,-0.545425415,-3.901687622
-10.35739136,-9.363128662,-1.27482605,-1.165527344,-0.545425415,-3.901687622
-9.07963562,-8.262435913,-0.60723877,-1.626724243,-0.753112793,-3.384902954
-8.443145752,-8.147583008,-0.552200317,-1.707366943,-0.588790894,-2.579177856
-7.244338989,-8.255249023,0.558074951,-2.063491821,-0.819702148,-2.08253479
-6.548019409,-8.386856079,1.747299194,-2.010345459,-0.503265381,-1.752059937
-6.658096313,-7.74559021,1.797546387,-1.339019775,-0.381103516,-1.683639526
-6.387710571,-7.972900391,1.64680481,-0.799621582,-0.641326904,-1.976852417
-7.457290649,-10.07141113,0.75428772,-0.799621582,-0.641326904,-1.976852417
-8.703964233,-10.6313324,0.385787964,-0.422714233,-0.216781616,-2.467376709
-9.876434326,-10.13362122,1.120376587,-0.422714233,-0.216781616,-2.467376709
-12.32669067,-10.56912231,1.225662231,0.470962524,1.403213501,-1.730072021
-13.70256042,-11.91867065,0.603530884,0.470962524,1.403213501,-1.730072021
-12.88421631,-11.63153076,0.278106689,1.459335327,2.147247314,0.071365356
-10.98191833,-12.19384766,-0.521087646,1.599838257,3.414169312,2.78112793
-9.378738403,-13.64868164,-0.880020142,0.937667847,3.340881348,4.561187744
-8.033966064,-14.96951294,-0.257888794,0.365280151,2.902267456,5.299118042
-6.019210815,-14.68716431,0.364257813,0.365280151,2.902267456,5.299118042
-4.612228394,-12.92843628,0.278106689,0.394607544,2.555908203,5.453048706
-3.552215576,-10.53321838,-0.116699219,0.479522705,1.309753418,4.774993896
-3.078430176,-9.382278442,-0.250701904,0.464233398,0.297546387,3.972320557
-2.697967529,-8.312683105,-0.454101563,0.384216309,0.245025635,3.388946533
-2.745834351,-7.870010376,-0.669448853,0.116668701,0.594436646,2.837341309
-3.001861572,-7.98008728,-0.863265991,-0.304214478,0.697677612,2.399963379
-3.035354614,-8.606994629,-1.040328979,-0.756866455,0.368408203,1.906387329
-2.429977417,-8.843887329,-0.980514526,-0.756866455,0.368408203,1.906387329
-1.58770752,-7.872406006,-0.702941895,-0.973098755,-0.508773804,0.980316162
-0.92489624,-7.750366211,-1.025985718,-0.973098755,-0.508773804,0.980316162
-0.676040649,-7.456054688,-1.179122925,-0.533279419,-1.730499268,-0.348907471
-3.456497192,-11.86602783,-2.416213989,-0.283447266,-1.696899414,-3.301818848
-7.777938843,-15.651474,-4.198867798,-0.221755981,-0.155090332,-4.04524231
-9.53187561,-13.51707458,-4.90473938,-1.141082764,0.278625488,-4.609069824
-9.900375366,-11.9521637,-3.390090942,-1.141082764,0.278625488,-4.609069824
-9.151412964,-10.57150269,-1.944824219,-1.727523804,-0.453186035,-4.12953186
-7.832977295,-9.238708496,-0.631164551,-1.900405884,-1.092147827,-3.516845703
-7.462081909,-8.898925781,0.07232666,-1.900405884,-1.092147827,-3.516845703
-7.277832031,-8.997024536,0.488677979,-1.94682312,-1.00541687,-2.447219849
-6.655700684,-9.176498413,1.106033325,-1.94682312,-1.00541687,-2.447219849
-6.385314941,-9.190856934,1.108413696,-1.277313232,-0.49105835,-2.336654663
-6.303955078,-8.446685791,0.98878479,-1.277313232,-0.49105835,-2.336654663
-6.57913208,-8.719467163,0.785385132,-0.469741821,-0.4269104,-2.624984741
-8.16317749,-10.83232117,0.342712402,0.292602539,-0.43119812,-2.979888916
-10.23536682,-12.23213196,0.373825073,1.153915405,0.06237793,-3.347625732
-11.76197815,-11.5884552,0.773422241,1.787994385,1.026306152,-2.991500854
-12.33148193,-10.76771545,-0.430160522,2.768432617,1.385498047,-0.935348511
-11.79788208,-11.47599792,-2.547821045,2.772689819,1.338470459,1.297973633
-10.51292419,-10.69593811,-4.052902222,2.772689819,1.338470459,1.297973633
-8.546035767,-10.5930481,-4.24911499,0.491729736,2.826522827,3.186141968
-8.804458618,-14.33302307,-1.703140259,-2.573562622,4.125228882,3.919784546
-9.227981567,-16.87420654,1.041427612,-2.573562622,4.125228882,3.919784546
-8.878631592,-15.84289551,0.955276489,-1.990188599,3.890029907,5.445114136
-7.718109131,-14.72065735,0.333145142,-1.990188599,3.890029907,5.445114136
-5.992889404,-13.23710632,0.500640869,-1.565032959,1.447799683,5.048049927
-4.664871216,-11.42095947,-0.15737915,-0.719589233,-0.180130005,4.472610474
-3.942245483,-10.32026672,-0.765167236,-0.357345581,-0.505096436,4.10609436
-3.616821289,-9.521057129,-1.016403198,-0.27305603,-0.036590576,3.662002563
-3.674240112,-9.389450073,-1.133651733,-0.362243652,0.603591919,3.25944519
-3.482818604,-10.14558411,-1.396865845,-0.817932129,0.659790039,3.04258728
-1.063674927,-9.901519775,-1.229370117,-1.127029419,-0.371932983,2.09147644
1.046798706,-8.659637451,-1.224578857,-0.698226929,-1.57901001,-0.141830444
0.812301636,-7.764724731,-1.480621338,-0.698226929,-1.57901001,-0.141830444
-1.611633301,-8.188262939,-1.136047363,-0.603530884,-1.748214722,-2.380630493
-2.94442749,-10.34896851,-2.940231323,0.285873413,-0.981582642,-3.50340271
-4.672058105,-13.18925476,-4.861679077,0.910797119,-0.937591553,-4.552871704
-7.593688965,-16.07022095,-5.981521606,0.235168457,-0.930267334,-5.609054565
-9.304550171,-16.58467102,-4.218002319,-1.195465088,-0.856964111,-6.199142456
-10.20425415,-14.87619019,-0.714904785,-1.833816528,-0.435470581,-6.036651611
-10.62779236,-12.3421936,0.325973511,-0.605361938,0.03793335,-5.032394409
-10.83357239,-9.992446899,-0.071243286,-0.605361938,0.03793335,-5.032394409
-10.36218262,-8.123657227,-1.619400024,0.982254028,-0.069564819,-3.584640503
-9.160980225,-7.585266113,-2.744018555,1.172836304,-0.589401245,-2.129577637
-7.742034912,-7.590057373,-3.019195557,0.213180542,-1.327941895,-1.295135498
-6.452316284,-7.762329102,-2.545425415,-0.633453369,-1.995605469,-1.282913208
-6.461883545,-8.810394287,-1.772537231,-0.633453369,-1.995605469,-1.282913208
-7.765975952,-10.12644958,-0.047317505,-0.952941895,-1.304718018,-1.455795288
-9.560592651,-10.58586121,0.491073608,-0.411102295,0.540054321,-1.42829895
-11.59927368,-10.93521118,0.357070923,0.492340088,1.712921143,-0.647003174
-11.83377075,-10.86343384,-1.014007568,1.420852661,1.61579895,1.186798096
-9.95539856,-11.00939941,-2.018997192,1.420852661,1.61579895,1.186798096
-8.526885986,-11.49275208,-1.550003052,1.154525757,1.26210022,2.550231934
-7.871261597,-12.79682922,-0.865661621,0.356109619,1.659164429,3.570373535
-7.562576294,-14.83551025,-0.305740356,-0.363464355,2.447189331,4.533096313
-6.823196411,-15.93382263,0.467147827,-0.363464355,2.447189331,4.533096313
-5.755996704,-15.0125885,1.067733765,-0.536941528,2.774597168,4.841567993
-4.875442505,-13.3782959,0.936141968,0.114822388,2.725128174,4.620452881
-4.183914185,-11.19364929,-0.016204834,0.543045044,2.499099731,4.231338501
-3.911132813,-10.41357422,-1.018798828,0.253494263,1.863189697,3.862976074
-3.667068481,-10.26522827,-1.858688354,-0.315811157,0.789916992,3.457977295
-3.777130127,-10.41836548,-1.480621338,-1.164306641,0.008621216,2.904541016
-3.492385864,-11.05007935,-0.789093018,-1.694534302,-0.02192688,2.775024414
-2.372543335,-10.93760681,-0.068847656,-1.694534302,-0.02192688,2.775024414
-0.656890869,-9.54258728,0.596359253,-1.703689575,-0.152038574,2.264343262
0.8984375,-7.913085938,0.572433472,-0.941345215,-1.045120239,0.94367981
0.508407593,-7.099517822,-0.39906311,-0.941345215,-1.045120239,0.94367981
-1.946624756,-7.566116333,-1.923294067,0.580917358,-0.688369751,-2.770370483
-5.818206787,-9.233917236,-3.648513794,0.580917358,-0.688369751,-2.770370483
-8.024398804,-10.04748535,-5.388092041,1.109924316,-0.745178223,-3.852203369
-8.14642334,-11.01179504,-4.636749268,-0.910797119,-1.624206543,-4.423980713
-8.495788574,-11.258255,-2.712921143,-0.910797119,-1.624206543,-4.423980713
-8.797271729,-10.6696167,-1.28918457,-0.910797119,-1.624206543,-4.423980713
-8.732666016,-9.626342773,-0.638336182,-0.866210938,-1.115356445,-4.232772827
-8.419204712,-8.695541382,-1.037948608,-0.226013184,-0.839859009,-3.64024353
-8.000473022,-7.893936157,-1.741439819,0.309082031,-0.913772583,-3.083740234
-7.811431885,-7.209594727,-2.332458496,0.391555786,-0.695083618,-2.583435059
-7.4740448,-7.089950562,-2.337249756,0.391555786,-0.695083618,-2.583435059
-7.572158813,-7.831726074,-2.054885864,0.127655029,0.199203491,-2.048324585
-8.531677246,-9.353561401,-1.791687012,-0.138046265,0.552902222,-1.752670288
-9.919509888,-10.94239807,-1.573928833,-0.133163452,0.555343628,-1.491836548
-11.23556519,-11.65545654,-1.360977173,0.109329224,0.891311646,-0.840042114
-12.02519226,-12.27041626,-1.624191284,0.552810669,0.984771729,0.605865479
-9.232772827,-8.767318726,-1.980712891,1.07572937,0.40322876,1.778717041
-7.742034912,-8.257644653,-2.787094116,1.07572937,0.40322876,1.778717041
-6.784912109,-9.468414307,-3.167556763,0.400115967,0.620101929,2.659576416
-6.251312256,-11.23193359,-2.351608276,0.400115967,0.620101929,2.659576416
-6.059890747,-12.6293335,-0.241134644,-1.213790894,1.880905151,2.710891724
-5.961776733,-11.48796082,0.718383789,-0.576660156,1.979263306,2.453109741
-5.88999939,-9.695739746,0.739929199,-0.576660156,1.979263306,2.453109741
-5.655502319,-8.671600342,0.110610962,0.035430908,1.500961304,2.569778442
-5.004653931,-8.406005859,-0.367950439,0.061080933,0.799682617,2.798248291
-4.238952637,-8.446685791,-0.863265991,-0.014663696,0.356811523,2.765869141
-3.662277222,-8.339004517,-1.191085815,-0.014663696,0.356811523,2.765869141
-3.377532959,-8.126037598,-1.447113037,-0.102005005,0.173553467,2.448226929
-2.72668457,-7.836517334,-1.612213135,-0.263885498,-0.007247925,2.104919434
-1.972946167,-7.805404663,-1.942428589,-0.479522705,-0.569244385,1.689529419
-1.269454956,-8.487365723,-2.109924316,-0.845428467,-1.114135742,0.968704224
-1.422592163,-9.164535522,-1.937637329,-1.065338135,-1.148345947,-0.140609741
-2.013626099,-10.46621704,-2.337249756,-0.976165771,-1.254653931,-1.435623169
-2.779327393,-10.68875122,-2.610031128,-0.976165771,-1.254653931,-1.435623169
-4.77494812,-10.85147095,-3.423583984,-0.553436279,-1.237533569,-2.842453003
-6.131668091,-12.16513062,-3.899765015,-0.401931763,-0.904006958,-3.566940308
-7.24911499,-12.85426331,-4.115112305,-0.558334351,-0.625442505,-4.028137207
-8.61781311,-12.71069336,-2.447311401,-1.275482178,-0.682876587,-4.164962769
-9.07723999,-11.70570374,-0.635955811,-1.277923584,-0.772674561,-3.600524902
-8.467071533,-9.444488525,0.541320801,-0.626739502,-1.23387146,-2.640869141
-7.127090454,-7.463226318,0.596359253,-0.087966919,-1.439727783,-2.083755493
-6.607849121,-6.84828186,-0.415802002,-0.087966919,-1.439727783,-2.083755493
-6.782516479,-6.329040527,-1.107330322,-0.121566772,-1.09336853,-1.742889404
-7.079223633,-5.809783936,-2.085998535,-0.121566772,-1.09336853,-1.742889404
-7.462081909,-5.749969482,-2.301345825,-0.350021362,-0.806884766,-1.363555908
-7.596084595,-5.740402222,-2.083602905,-0.484420776,-0.827041626,-1.022079468
-8.012435913,-6.690353394,-1.832366943,-0.411117554,-0.344451904,-0.502227783
-8.950424194,-9.102310181,-1.502151489,-0.335357666,0.310379028,0.087234497
-9.620407104,-11.23431396,-0.561767578,-0.312759399,0.629852295,0.691986084
-9.153808594,-12.47380066,-0.84173584,0.34085083,0.254180908,1.367004395
-8.077041626,-11.01179504,-1.710327148,1.254699707,0.117965698,1.768325806
-7.763580322,-11.23193359,-2.789489746,1.254699707,0.117965698,1.768325806
-7.586502075,-11.41856384,-2.751205444,1.23210144,1.333587646,2.305282593
-7.536254883,-12.29194641,-1.674438477,0.379959106,2.287750244,2.823287964
-7.122299194,-12.46183777,-0.415802002,-0.096511841,2.039123535,3.024871826
-6.268066406,-11.24389648,0.086685181,0.382400513,1.569992065,3.137268066
-5.375534058,-9.712478638,-0.434951782,0.764785767,1.072128296,3.184310913
-4.088195801,-8.355758667,-0.930267334,0.764785767,1.072128296,3.184310913
-3.248321533,-7.862838745,-1.301147461,0.771514893,0.840606689,3.103057861
-2.501754761,-7.152160645,-1.609832764,0.635910034,0.811279297,2.691955566
-2.379730225,-6.943984985,-1.932861328,0.298706055,0.730041504,2.145233154
-2.159591675,-7.527832031,-1.935256958,-0.290771484,0.336044312,1.654708862
-2.03515625,-8.348571777,-1.581115723,-0.651168823,-0.1300354,1.018798828
-2.102157593,-8.982681274,-1.490188599,-0.558944702,-0.319412231,0.171524048
-2.473052979,-9.676589966,-1.851501465,-0.536331177,-0.742126465,-0.813781738
-2.908538818,-10.22694397,-1.765365601,-0.536331177,-0.742126465,-0.813781738
-3.848922729,-10.08816528,-1.550003052,-0.218688965,-0.729904175,-1.987243652
-5.464080811,-10.75575256,-3.390090942,-0.218688965,-0.729904175,-1.987243652
-6.062286377,-10.71746826,-6.220794678,0.792892456,-0.448303223,-2.666534424
-7.299377441,-9.841690063,-6.302154541,0.720199585,-0.648666382,-3.197967529
-7.969360352,-9.152557373,-3.990692139,-0.795349121,-1.050003052,-3.492416382
-7.844940186,-8.458648682,-1.904144287,-1.42880249,-1.283355713,-3.025100708
-7.117523193,-8.061431885,-0.327270508,-1.177124023,-1.37008667,-2.456390381
-6.607849121,-7.647476196,-0.592880249,-0.3934021,-1.015777588,-2.130187988
-6.643737793,-6.604202271,-1.557189941,-0.037261963,-0.566192627,-2.022064209
-7.105545044,-6.300323486,-1.913711548,-0.037261963,-0.566192627,-2.022064209
-8.060287476,-6.678390503,-1.928070068,-0.029937744,-0.088500977,-1.756332397
-8.878631592,-7.027740479,-2.736846924,0.229675293,-0.000534058,-1.398376465
-9.170562744,-7.26701355,-3.184310913,0.399490356,-0.156921387,-0.817443848
-9.180130005,-9.32963562,-2.40663147,-0.045822144,-0.092773438,-0.02394104
-8.950424194,-11.7535553,-1.640930176,-0.306045532,0.034881592,0.633346558
-8.416824341,-11.93302917,-1.018798828,0.169204712,0.183929443,0.7628479
-7.440551758,-8.769714355,-0.985305786,0.169204712,0.183929443,0.7628479
-7.25151062,-9.494735718,-2.097961426,0.992034912,0.7605896,1.033462524
-6.665267944,-9.844085693,-2.040542603,0.740356445,1.617004395,1.695022583
-6.701171875,-11.12664795,-1.021194458,0.156982422,1.412384033,1.737182617
-6.277633667,-10.75814819,0.213500977,0.184463501,1.72819519,1.809265137
-5.818206787,-9.150177002,0.187179565,0.67805481,1.821044922,1.950973511
-5.138656616,-8.312683105,-0.315307617,0.664001465,1.339065552,2.25579834
-3.894378662,-8.331832886,-0.741226196,0.664001465,1.339065552,2.25579834
-2.592681885,-8.252868652,-1.016403198,0.417221069,0.316482544,2.043823242
-2.889404297,-7.750366211,-1.040328979,0.175918579,-0.365219116,1.294921875
-3.554595947,-7.554153442,-1.427978516,0.193008423,0.124679565,1.138519287
-3.801071167,-7.791046143,-2.308532715,-0.047042847,0.49180603,1.143417358
-3.86088562,-8.621353149,-2.6459198,-0.496017456,0.276168823,1.021240234
-3.580917358,-8.85824585,-2.377929688,-0.882080078,-0.439743042,0.660842896
-3.269851685,-10.27958679,-2.397064209,-0.957214355,-1.095199585,-0.149169922
-2.51133728,-9.150177002,-1.626571655,-0.494796753,-1.351776123,-1.098434448
-3.116714478,-8.994644165,-1.949615479,-0.494796753,-1.351776123,-1.098434448
-3.257888794,-10.39683533,-2.452102661,-0.494796753,-1.351776123,-1.098434448
-4.088195801,-11.33242798,-2.968948364,-0.391571045,-1.530136108,-1.644546509
-5.564575195,-11.0716095,-2.839736938,-0.456924438,-1.08114624,-2.374526978
-6.605453491,-10.6696167,-1.911315918,-1.03968811,-0.999298096,-2.555953979
-6.437957764,-9.047286987,-0.714904785,-1.225387573,-1.186218262,-2.056274414
-5.547821045,-7.664230347,0.034042358,-1.098937988,-1.685302734,-1.576141357
-4.669662476,-7.374694824,0.050796509,-0.90713501,-1.820907593,-1.204116821
-3.710128784,-7.008590698,0.065155029,-0.855209351,-1.839233398,-1.128967285
-3.071258545,-6.412780762,0.165649414,-0.855209351,-1.839233398,-1.128967285
-3.190887451,-6.573104858,0.469528198,-0.853973389,-1.788528442,-1.487564087
-4.188705444,-7.587661743,0.385787964,-0.694549561,-1.281509399,-1.989074707
-5.68421936,-8.599822998,-0.590484619,-0.348800659,-0.529541016,-2.278015137
-7.507553101,-10.1072998,-1.483001709,-0.71836853,-0.391479492,-2.397750854
-9.467269897,-11.12185669,-0.851303101,-0.71836853,-0.391479492,-2.397750854
-11.2618866,-11.12425232,0.404922485,-0.762359619,-0.307189941,-2.156448364
-12.06347656,-9.738800049,-0.645523071,0.679885864,-0.174636841,-0.924346924
-11.24513245,-10.76771545,-2.968948364,1.476455688,-0.10194397,0.467193604
-9.409835815,-10.32983398,-3.265655518,1.476455688,-0.10194397,0.467193604
-7.892791748,-10.09773254,-2.243927002,-0.040313721,2.854019165,2.052993774
-7.495574951,-11.77030945,-0.590484619,-0.040313721,2.854019165,2.052993774
-7.103164673,-12.34458923,0.041213989,-0.070236206,3.061096191,2.450668335
-6.294387817,-10.41836548,0.184783936,0.310302734,2.722076416,2.569168091
-5.361190796,-8.477783203,-0.028167725,0.461196899,2.020187378,2.67666626
-4.612228394,-7.822158813,-0.14302063,0.403762817,1.390396118,2.74937439
-3.877639771,-7.50869751,-0.183700562,0.403762817,1.390396118,2.74937439
-3.499572754,-7.264633179,-0.525878906,0.319473267,1.207138062,2.621704102
-3.566574097,-7.683364868,-0.908737183,0.127059937,1.241333008,2.411560059
-3.616821289,-9.343994141,-1.561965942,-0.340240479,0.901092529,2.293670654
-3.609634399,-11.05007935,-1.837142944,-1.022583008,0.102081299,1.976623535
-3.224395752,-11.44967651,-0.954193115,-1.022583008,0.102081299,1.976623535
-2.480224609,-12.69633484,-0.39906311,-1.543045044,-0.49105835,1.454345703
-0.955993652,-11.07878113,0.034042358,-1.303573608,-0.996856689,0.863021851
-1.82220459,-9.54258728,0.390579224,-0.516174316,-1.250366211,-0.654342651
-3.968566895,-10.55714417,-2.566955566,0.895507813,-0.196029663,-1.519943237
-4.841934204,-10.02116394,-5.696762085,1.995071411,0.158889771,-1.971359253
-5.643539429,-8.793640137,-6.71131897,0.753799438,-1.062210083,-2.753875732
-6.655700684,-7.913085938,-4.110321045,-0.921783447,-1.594284058,-2.597503662
-6.064666748,-7.898727417,-2.167358398,-0.921783447,-1.594284058,-2.597503662
-5.023788452,-7.831726074,-0.793869019,-1.323730469,-1.664520264,-2.098419189
-4.961578369,-7.602020264,-0.501953125,-0.853988647,-1.720123291,-2.349472046
-5.533462524,-7.28616333,-1.626571655,-0.275497437,-1.330383301,-2.565734863
-6.272842407,-6.987060547,-2.365966797,-0.424545288,-0.906448364,-2.675079346
-7.086410522,-6.790847778,-1.930465698,-0.48135376,-0.032302856,-2.389190674
-7.859283447,-6.841094971,-1.100158691,-0.48135376,-0.032302856,-2.389190674
-8.983917236,-7.910690308,-0.432556152,-0.111175537,1.150924683,-1.698303223
-9.701766968,-9.241104126,-0.207626343,-0.111175537,1.150924683,-1.698303223
-9.917114258,-10.21258545,-0.422988892,0.38911438,2.075775146,-0.861419678
-8.971954346,-9.810592651,-1.724685669,0.939498901,2.105712891,0.203903198
-9.122695923,-12.81118774,-3.476226807,0.85824585,0.29510498,1.300415039
-9.017410278,-12.63890076,-3.138839722,0.85824585,0.29510498,1.300415039
-9.022201538,-12.91647339,-1.705535889,-0.200363159,1.759353638,2.016952515
-8.053115845,-13.00979614,0.0675354,-0.860702515,2.547973633,3.001052856
-6.57194519,-11.63870239,1.031845093,-0.619415283,1.788665771,3.398117065
-4.590698242,-9.260238647,0.328353882,0.223571777,0.466156006,3.4921875
-3.365570068,-7.915481567,-0.482803345,0.748901367,-0.296188354,3.286941528
-2.161987305,-6.738204956,-1.669647217,0.949890137,-0.601623535,2.803131104
-1.314926147,-5.601608276,-2.133850098,0.397674561,-1.112304688,1.858139038
-1.59727478,-5.328826904,-1.870651245,0.397674561,-1.112304688,1.858139038
-2.798477173,-7.075592041,-0.875228882,-1.52532959,0.493026733,1.193496704
-3.384719849,-8.86781311,-0.16456604,-1.52532959,0.493026733,1.193496704
-4.248519897,-12.71069336,0.086685181,-1.74156189,0.739807129,1.017578125
-2.753005981,-16.74739075,0.361862183,-1.318237305,0.465545654,0.58203125
-0.939254761,-15.50790405,1.244812012,0.785568237,3.015899658,-0.960998535
-1.994476318,-10.31547546,0.215896606,0.785568237,3.015899658,-0.960998535
-5.483215332,-11.23193359,-6.249511719,3.882019043,3.40562439,-2.401412964
-5.626785278,-11.69134521,-8.362380981,3.778182983,-0.196029663,-2.684234619
-6.902160645,-10.51647949,-6.369155884,0.848480225,-2.561279297,-4.002471924
-8.285217285,-8.968322754,-3.035949707,-0.996917725,-2.815994263,-3.793563843
-7.756393433,-7.987258911,-0.523483276,-1.24798584,-3.27293396,-2.387969971
-6.157989502,-7.568511963,0.026870728,-1.24798584,-3.27293396,-2.387969971
-5.660293579,-7.221557617,-0.468444824,-0.706756592,-3.319351196,-1.844299316
-6.129272461,-7.243087769,-1.322692871,-0.12399292,-1.993179321,-1.596282959
-6.519302368,-7.618759155,-1.150405884,-0.372009277,-0.637054443,-1.14730835
-6.612625122,-7.891540527,-0.339233398,-0.410507202,-0.298629761,-0.857147217
-6.229782104,-8.252868652,-0.793869019,0.032974243,-0.613845825,-0.614639282
-6.533660889,-9.250671387,-1.581115723,0.188751221,-0.710357666,-0.700149536
-7.23475647,-9.851272583,-2.325286865,0.394607544,-0.441589355,-0.920684814
-9.091598511,-10.57150269,-3.636550903,0.646896362,0.474700928,-0.698928833
-10.44593811,-10.77729797,-4.129470825,0.269989014,1.636566162,0.130004883
-11.20684814,-9.99005127,-3.591079712,0.269989014,1.636566162,0.130004883
-10.06547546,-11.07878113,-2.552597046,-0.251678467,2.632888794,1.740829468
-8.82598877,-12.03831482,-1.896972656,-0.251678467,2.632888794,1.740829468
-8.026794434,-12.07897949,-0.353591919,-0.993255615,2.730621338,2.671188354
-7.210830688,-10.74858093,1.211303711,-1.420257568,2.194885254,2.787857056
-6.167572021,-9.406204224,1.831054688,-1.092224121,1.758743286,3.096954346
-4.743835449,-8.310287476,1.598953247,-0.334136963,1.207122803,3.230728149
-3.85848999,-7.786254883,1.1849823,0.106277466,1.186965942,2.967453003
-3.592880249,-8.209793091,0.634643555,0.106277466,1.186965942,2.967453003
-3.427780151,-8.681182861,-0.296173096,0.5131073,1.693984985,2.686447144
-3.712524414,-8.848678589,-1.51171875,0.467910767,1.698272705,2.004745483
-4.53805542,-8.721862793,-1.906539917,0.467910767,1.698272705,2.004745483
-4.947219849,-9.257843018,-1.765365601,-0.856430054,0.377578735,1.414627075
-4.293991089,-10.51408386,-0.982910156,-1.164901733,-0.196624756,1.346221924
-4.09777832,-11.4233551,-0.334457397,-0.966995239,-0.309020996,1.017578125
-3.269851685,-11.73202515,0.2996521,0.298706055,-0.887512207,0.125732422
-2.27684021,-10.9065094,0.452789307,0.298706055,-0.887512207,0.125732422
-2.616622925,-10.30830383,-1.724685669,1.912597656,-1.972396851,-1.088043213
-2.741043091,-9.595230103,-3.741836548,2.276672363,-2.14465332,-1.920043945
-3.702957153,-9.616775513,-4.505142212,1.186294556,-1.845336914,-2.663467407
-4.571548462,-10.12165833,-3.887802124,1.186294556,-1.845336914,-2.663467407
-5.076431274,-10.16233826,-2.935455322,0.030548096,-1.461120605,-2.954238892
-5.497573853,-9.671813965,-1.870651245,-0.830154419,-1.658416748,-3.175369263
-5.715316772,-8.85345459,-0.329666138,-1.38053894,-2.225906372,-3.187576294
-5.806243896,-9.006607056,0.263748169,-1.38053894,-2.225906372,-3.187576294
-5.760787964,-9.198028564,0.254180908,-1.331680298,-2.629089355,-3.006164551
-5.894790649,-9.10710144,-0.229171753,-0.94682312,-2.688949585,-2.958526611
-6.626983643,-9.066421509,-0.911117554,-0.767242432,-2.046920776,-2.879104614
-7.206054688,-8.676391602,-1.229370117,-0.767242432,-2.046920776,-2.879104614
-7.624801636,-8.623748779,-0.894378662,-0.8387146,-1.426895142,-2.576126099
-9.165771484,-9.858444214,-0.935058594,-0.527175903,-0.818481445,-2.164382935
-10.53207397,-11.25106812,-0.772338867,-0.241287231,-0.091567993,-1.607284546
-11.66867065,-12.15077209,-0.533050537,0.137435913,0.257232666,-0.638458252
-10.94602966,-10.85386658,-1.107330322,0.956604004,-0.209457397,0.718261719
-9.708938599,-9.255462646,-2.229568481,0.956604004,-0.209457397,0.718261719
-9.096374512,-9.341598511,-3.148406982,0.945602417,0.32321167,1.845916748
-9.117919922,-11.83251953,-2.447311401,-0.326202393,1.579147339,3.084747314
-8.785308838,-14.47180176,-0.454101563,-1.226608276,2.152740479,4.097549438
-7.895187378,-14.58187866,-0.14541626,-1.045181274,2.049514771,4.925888062
-5.973739624,-13.04089355,-0.238739014,-0.488693237,1.433761597,5.064544678
-4.612228394,-11.43771362,-0.243530273,-0.488693237,1.433761597,5.064544678
-3.882415771,-10.01637268,-0.667053223,0.337799072,0.820449829,4.424346924
-3.391891479,-9.102310181,-1.217407227,0.761749268,0.84916687,3.88130188
-3.004257202,-8.379684448,-1.624191284,0.682327271,0.893753052,3.370010376
-2.607040405,-7.951370239,-1.719894409,0.31640625,0.62802124,2.70539856
-2.49458313,-8.011184692,-1.454299927,-0.175323486,0.303665161,2.194717407
-2.446731567,-8.580673218,-0.521087646,-0.108123779,0.378799438,1.883178711
-1.960983276,-9.635910034,-0.176528931,-0.108123779,0.378799438,1.883178711
-0.898574829,-9.638305664,-0.753204346,-0.108123779,0.378799438,1.883178711
-0.510925293,-9.245880127,-2.069244385,0.273040771,-0.262588501,0.775665283
-1.537460327,-8.082977295,-3.832763672,0.618789673,-1.320617676,-1.139968872
-3.279434204,-8.784072876,-3.971542358,0.329238892,-1.34992981,-2.887649536
-4.791687012,-11.50709534,-3.433151245,-0.680496216,-0.908279419,-3.52722168
-6.423599243,-15.48635864,-3.722686768,-0.926681519,-1.019454956,-4.192459106
-8.15838623,-15.25665283,-3.160369873,-1.166137695,-1.45501709,-5.181442261
-8.878631592,-13.53382874,-1.940032959,-1.166137695,-1.45501709,-5.181442261
-8.940841675,-11.57409668,-1.047515869,-1.515548706,-1.55090332,-5.168609619
-8.333068848,-10.15515137,0.086685181,-1.67805481,-1.977294922,-4.321960449
-7.847320557,-9.32963562,0.696853638,-1.685379028,-2.042648315,-3.310379028
-7.667861938,-8.743392944,0.816497803,-1.494781494,-1.514862061,-2.525421143
-7.196472168,-8.279190063,0.51260376,-1.136199951,-1.507537842,-1.954864502
-6.725097656,-7.903503418,0.29246521,-0.720809937,-1.970565796,-1.786270142
-6.502563477,-7.558944702,-0.15737915,-0.138656616,-1.701782227,-1.8540802
-7.332870483,-8.018371582,-0.85369873,-0.138656616,-1.701782227,-1.8540802
-9.546234131,-9.262634277,-0.83934021,0.013442993,0.174163818,-2.045272827
-12.11134338,-9.973297119,-0.207626343,0.345748901,1.946273804,-1.728240967
-15.13346863,-9.736419678,-1.222183228,1.37260437,1.99269104,-0.105789185
-14.07106018,-9.841690063,-2.8828125,1.37260437,1.99269104,-0.105789185
-11.81462097,-11.39942932,-3.464263916,1.610839844,1.753845215,2.336425781
-10.1061554,-13.95018005,-2.447311401,0.585800171,2.455123901,3.916122437
-9.527084351,-16.22575378,-1.164764404,-0.436767578,2.962753296,4.904495239
-8.60105896,-17.43412781,0.543716431,-0.304214478,2.753829956,5.216644287
-7.500366211,-16.34538269,1.039031982,-0.304214478,2.753829956,5.216644287
-5.562179565,-13.31369019,0.012512207,0.723861694,2.065994263,5.169616699
-3.714920044,-11.41378784,-0.635955811,0.795944214,1.040969849,4.782943726
-2.513717651,-10.02593994,-0.39666748,0.364074707,0.50769043,4.072509766
-2.006439209,-8.968322754,-0.217208862,0.199752808,0.717834473,3.297317505
-1.872451782,-8.537612915,-0.432556152,-0.036651611,1.476516724,2.756103516
-1.968154907,-8.743392944,-0.698165894,-0.036651611,1.476516724,2.756103516
-2.020797729,-9.576095581,-0.85609436,-0.620010376,1.533325195,2.253356934
-1.420211792,-10.00440979,-0.370346069,-1.159408569,0.868103027,1.632720947
-0.621002197,-9.741195679,-0.243530273,-1.165527344,-0.113555908,0.70664978
0.233230591,-9.128631592,-0.367950439,-0.643844604,-1.268692017,-0.689147949
-0.434356689,-9.31288147,-1.301147461,-0.243728638,-1.892990112,-2.329925537
-2.669265747,-10.29394531,-2.528671265,-0.243728638,-1.892990112,-2.329925537
-3.791488647,-12.57669067,-2.899551392,-0.409881592,-2.657791138,-3.589538574
-5.526290894,-14.84986877,-3.016799927,-0.878417969,-3.139144897,-4.838745117
-7.411834717,-15.5749054,-2.717697144,-1.404983521,-2.635192871,-5.536956787
-8.914520264,-14.2253418,-2.002243042,-1.944366455,-2.169082642,-5.339050293
-9.323699951,-13.11747742,-1.06187439,-2.553405762,-2.600982666,-4.659164429
-9.448120117,-12.28715515,-0.262664795,-2.553405762,-2.600982666,-4.659164429
-9.768768311,-11.32763672,0.816497803,-2.690841675,-3.219787598,-3.959106445
-9.07723999,-9.621551514,1.572631836,-1.960861206,-1.96446228,-2.494873047
-7.71333313,-7.984863281,1.125167847,-1.301742554,-0.372558594,-1.631103516
-7.067260742,-7.661834717,0.651382446,-1.141693115,-0.127593994,-1.43258667
-7.143844604,-8.303115845,0.361862183,-1.141693115,-0.127593994,-1.43258667
-8.974349976,-9.738800049,0.402542114,-1.145370483,-0.139205933,-1.595687866
-11.1781311,-10.42793274,2.072723389,-1.08001709,0.742263794,-1.115539551
-13.57814026,-12.11488342,2.680496216,-1.08001709,0.742263794,-1.115539551
-13.44174194,-11.43052673,1.618087769,0.270614624,1.428863525,0.35357666
-10.9029541,-11.35874939,-0.375137329,1.814865112,1.607849121,2.707229614
-8.778137207,-12.52644348,-1.392074585,1.814865112,1.607849121,2.707229614
-7.964569092,-14.24209595,-1.794067383,1.647476196,2.985351563,4.814086914
-7.574539185,-15.67539978,-1.633758545,1.647476196,2.985351563,4.814086914
-6.478637695,-14.87858582,-1.045120239,1.52104187,3.185714722,5.120132446
-5.21762085,-13.34239197,-0.970947266,1.489883423,3.215637207,5.113418579
-3.805847168,-10.78207397,-0.815414429,1.287689209,2.464889526,4.460998535
-3.415817261,-9.334411621,-0.61920166,1.104431152,1.807601929,3.60824585
-3.267471313,-8.324645996,-0.83694458,1.104431152,1.807601929,3.60824585
-3.16696167,-7.95854187,-0.927871704,0.85458374,1.493026733,2.994949341
-3.494781494,-8.602218628,-1.025985718,0.241897583,1.320739746,2.395080566
-4.148025513,-9.868011475,-1.224578857,-0.222351074,1.280426025,1.91065979
-4.069061279,-10.6313324,-1.236541748,-0.541229248,1.103286743,1.525192261
-2.9659729,-10.96153259,-0.872833252,-0.838088989,0.106964111,1.183731079
-1.707336426,-11.63870239,-1.028366089,-0.838088989,0.106964111,1.183731079
-0.21421814,-12.15077209,-1.51651001,-1.175292969,-1.646820068,0.454360962
0.716583252,-12.09812927,-1.935256958,-1.469726563,-2.500183105,-1.136306763
-0.695175171,-11.81578064,-3.674835205,-1.325576782,-1.253417969,-2.414230347
-1.757598877,-11.16970825,-5.206237793,-1.325576782,-1.253417969,-2.414230347
-2.841537476,-10.56912231,-6.196868896,-1.194229126,-2.252792358,-4.782562256
-3.975738525,-10.67201233,-6.151397705,-1.194229126,-2.252792358,-4.782562256
-5.363571167,-11.78466797,-5.409637451,-2.349990845,-3.668167114,-5.91569519
-6.758590698,-13.34957886,-3.634155273,-3.579040527,-4.258239746,-6.241897583
-7.734863281,-14.50531006,-1.037948608,-3.579040527,-4.258239746,-6.241897583
-7.768356323,-14.4622345,1.034240723,-3.781234741,-2.03288269,-5.193664551
-8.62020874,-13.76593018,2.285690308,-2.88999939,1.381835938,-4.734893799
-9.936264038,-13.62236023,1.529556274,-0.954162598,3.817337036,-3.860137939
-9.871658325,-11.57409668,0.340316772,0.437988281,3.843612671,-2.458206177
-9.75680542,-11.40420532,-1.164764404,0.437988281,3.843612671,-2.458206177
-10.70675659,-10.87060547,-2.526275635,0.996307373,1.961547852,-2.053833008
-12.5276947,-9.040100098,-3.299163818,0.969436646,-0.205184937,-1.491226196
-12.75979614,-8.441894531,-3.454696655,0.777008057,-1.71522522,0.459854126
-11.31930542,-10.63850403,-3.734649658,0.777008057,-1.71522522,0.459854126
-10.79768372,-11.91148376,-3.497756958,1.476455688,-1.577774048,1.947311401
-10.11811829,-12.80401611,-3.971542358,2.334091187,0.409332275,3.440872192
-7.500366211,-13.95256042,-3.246520996,2.158172607,2.265762329,4.599075317
-6.081420898,-14.52206421,-2.86605835,1.561355591,3.172271729,4.458572388
-6.110137939,-15.50790405,-2.217605591,1.561355591,3.172271729,4.458572388
-5.617218018,-14.9407959,-0.894378662,0.631011963,4.114837646,4.592346191
-5.138656616,-13.05764771,-0.83694458,-0.12461853,4.636505127,4.636322021
-5.133865356,-11.19125366,-0.920700073,-0.772125244,2.734283447,3.991256714
-4.734268188,-10.56672668,-0.504348755,-1.125823975,0.875427246,3.439651489
-4.413619995,-10.12882996,-0.645523071,-1.204620361,0.299377441,3.169036865
-4.057098389,-9.841690063,-0.729263306,-1.204620361,0.299377441,3.169036865
-4.069061279,-9.485168457,-0.635955811,-1.195465088,0.223632813,2.779312134
-4.212631226,-9.678985596,-0.449310303,-1.426361084,0.47102356,2.616210938
-3.650314331,-10.1072998,-0.336853027,-1.467895508,0.093536377,2.611923218
-2.181121826,-9.863235474,-0.171737671,-1.467895508,0.093536377,2.611923218
-0.374542236,-9.54258728,-0.14302063,-1.257156372,-0.960205078,1.995559692
1.300430298,-8.743392944,-0.674240112,-0.497848511,-2.270507813,0.588134766
1.664138794,-7.72164917,-3.983505249,0.404983521,-4.404251099,-1.772827148
-0.152008057,-9.597625732,-3.928466797,-0.824661255,-6.369995117,-4.259643555
-4.657699585,-14.73501587,-3.227371216,-1.309692383,-2.346862793,-5.424575806
-7.675048828,-16.72344971,-3.57194519,-1.309692383,-2.346862793,-5.424575806
-9.680236816,-16.03431702,-1.420791626,-2.046401978,0.408126831,-6.037872314
-9.98651123,-14.56274414,0.268539429,-2.89793396,0.05809021,-5.590118408
-8.529281616,-12.67958069,1.467346191,-2.533859253,-1.425674438,-4.24987793
-8.112930298,-11.48796082,1.278305054,-1.898544312,-2.220397949,-3.552871704
-8.029174805,-10.44708252,1.467346191,-1.626724243,-1.770812988,-2.742874146
-7.241943359,-10.05465698,1.067733765,-1.335952759,-0.878341675,-1.840026855
-6.351806641,-9.906311035,0.931350708,-1.353057861,-1.064056396,-1.702575684
-6.098175049,-9.810592651,1.108413696,-1.353057861,-1.064056396,-1.702575684
-6.777740479,-9.935012817,0.629852295,-0.99508667,-0.867965698,-1.86567688
-8.785308838,-10.84428406,1.077316284,-0.680480957,-0.030471802,-2.372085571
-12.39846802,-11.04289246,2.56803894,-0.554046631,1.885787964,-2.844894409
-15.75082397,-11.46403503,2.924575806,0.653015137,3.845443726,-1.414245605
-14.73147583,-10.44947815,0.998352051,0.653015137,3.845443726,-1.414245605
-12.16876221,-11.35395813,-1.932861328,2.310272217,3.524139404,2.46043396
-9.943435669,-14.5005188,-2.86605835,1.610824585,1.301193237,4.354110718
-8.715927124,-16.26403809,-1.863464355,0.256546021,0.249908447,5.231323242
-7.758789063,-18.24050903,-0.39906311,-0.615737915,1.36656189,5.977783203
-6.275238037,-18.71427917,1.163452148,-0.615737915,1.36656189,5.977783203
-4.932876587,-16.58946228,1.66116333,-0.290771484,2.49055481,6.028488159
-3.908737183,-13.29454041,1.235244751,0.421478271,2.846069336,5.672363281
-2.666870117,-10.69114685,1.273529053,0.618179321,1.535766602,4.777450562
-1.590087891,-8.997024536,0.651382446,1.207061768,0.541290283,3.719421387
-1.331665039,-8.372497559,-0.097564697,1.414138794,0.108184814,2.633926392
-1.767166138,-8.437103271,-0.894378662,1.414138794,0.108184814,2.633926392
-2.307937622,-8.516067505,-1.27482605,1.090988159,0.212646484,1.573455811
-3.473251343,-9.219558716,-1.231765747,0.415985107,0.477767944,0.839813232
-3.437347412,-9.621551514,-1.183898926,-0.200973511,0.559616089,0.715805054
-2.784118652,-10.58586121,-0.956588745,-0.849090576,-0.773895264,0.346862793
-1.771957397,-12.03831482,-0.731658936,-0.849090576,-0.773895264,0.346862793
-0.510925293,-10.05226135,0.409713745,-0.839324951,-2.301055908,-0.956100464
-2.843933105,-10.19343567,-0.269851685,0.150894165,-2.05670166,-3.010437012
-4.896972656,-11.10272217,-2.114715576,1.221099854,-0.897293091,-3.693374634
-6.536056519,-12.84707642,-4.194076538,1.289520264,-0.221664429,-4.348846436
-8.098571777,-12.49055481,-4.895172119,0.484405518,-0.225326538,-4.574249268
-8.83795166,-11.58128357,-4.696563721,0.484405518,-0.225326538,-4.574249268
-8.562774658,-10.76293945,-3.643722534,-0.964553833,-1.228988647,-3.979888916
-7.852111816,-10.55236816,-1.97354126,-1.954147339,-3.083557129,-3.500961304
-7.500366211,-10.45187378,-0.571334839,-1.954147339,-3.083557129,-3.500961304
-6.866271973,-8.982681274,0.132141113,-1.606567383,-3.231994629,-3.074584961
-6.378128052,-8.207397461,0.024475098,-1.021972656,-1.128189087,-2.277404785
-6.770553589,-7.927444458,0.488677979,-1.153915405,-0.126983643,-2.090484619
-7.352005005,-8.377288818,0.878707886,-1.032363892,-0.219223022,-1.784439087
-7.536254883,-9.872802734,0.498245239,-0.702484131,-0.671264648,-1.382492065
-8.40007019,-11.33959961,0.632247925,-0.613296509,-0.421417236,-1.321411133
-10.26408386,-11.20561218,1.326171875,-0.252288818,0.472869873,-0.907241821
-11.65670776,-11.71766663,1.007919312,0.616973877,0.816177368,0.582641602
-11.57055664,-11.95695496,-0.300949097,0.616973877,0.816177368,0.582641602
-9.950622559,-12.08616638,-0.930267334,1.100158691,1.008605957,2.326049805
-8.586715698,-12.76811218,-0.958984375,0.83442688,1.953598022,3.699874878
-7.775543213,-14.12963867,-0.813018799,0.614517212,2.713516235,4.542877197
-7.079223633,-14.98866272,-0.411026001,0.614517212,2.713516235,4.542877197
-5.770355225,-14.39523315,-0.198059082,0.973098755,3.764190674,5.100585938
-4.743835449,-12.44987488,-0.3775177,0.82220459,4.029937744,5.001617432
-4.236557007,-10.65286255,-0.59765625,0.473403931,2.424575806,4.299743652
-3.578536987,-9.480377197,-0.729263306,0.473403931,2.424575806,4.299743652
-2.674041748,-8.389251709,-0.786697388,0.138656616,0.944458008,3.580154419
-2.525695801,-8.032730103,-1.255691528,-0.035430908,0.466766357,2.85383606
-2.920501709,-8.64289856,-2.045318604,-0.416000366,0.366577148,2.105529785
-3.190887451,-9.655059814,-2.18888855,-1.105056763,0.353759766,1.563064575
-2.386901855,-10.11209106,-1.349014282,-1.105056763,0.353759766,1.563064575
-1.36277771,-9.836914063,-0.889587402,-1.550979614,0.158279419,1.072555542
0.147094727,-10.14797974,-0.734054565,-1.684143066,-0.861236572,0.530715942
0.955871582,-10.29872131,-0.657485962,-1.321289063,-2.079910278,-0.940826416
-0.91053772,-10.39683533,-0.138244629,-0.73425293,-1.621154785,-3.086181641
-3.815414429,-12.44747925,-0.894378662,0.22845459,-0.467224121,-3.983535767
-5.985717773,-14.8092041,-2.935455322,0.470352173,-0.838638306,-4.87600708
-7.25630188,-14.95277405,-3.385299683,-0.255950928,-1.147735596,-5.354919434
-8.215820313,-13.74438477,-2.765563965,-0.255950928,-1.147735596,-5.354919434
-8.502960205,-12.20820618,-1.806045532,-0.255950928,-1.147735596,-5.354919434
-8.289993286,-11.15057373,-0.525878906,-1.075119019,-1.417129517,-4.863189697
-8.105758667,-10.52604675,0.51260376,-1.687194824,-2.043273926,-4.023254395
-7.801864624,-9.791442871,1.015106201,-1.443466187,-2.473922729,-3.243789673
-7.155807495,-9.064025879,0.469528198,-0.940124512,-2.280883789,-2.511962891
-6.976333618,-8.851074219,-0.710128784,-0.544891357,-1.725616455,-2.19921875
-6.713134766,-8.793640137,-0.492385864,-0.445922852,-1.126968384,-2.234039307
-8.120101929,-10.49972534,0.366638184,-0.022613525,0.474700928,-2.362304688
-10.20664978,-12.33979797,0.419281006,-0.022613525,0.474700928,-2.362304688
-12.54922485,-12.54797363,0.555679321,1.987731934,2.475280762,-1.671417236
-11.8553009,-11.21517944,-1.238937378,2.463592529,2.252304077,1.410964966
-7.983718872,-10.27958679,-2.978515625,1.92237854,2.022018433,3.217910767
-6.186706543,-11.16970825,-2.234359741,-0.012237549,2.890045166,4.11831665
-5.775146484,-13.3782959,-0.82258606,-1.579071045,4.315811157,4.341278076
-6.167572021,-15.68257141,0.52696228,-1.579071045,4.315811157,4.341278076
-6.603057861,-15.5629425,0.98638916,-1.982254028,5.467895508,4.355331421
-6.232177734,-13.50750732,0.505432129,-1.558303833,5.127029419,4.087158203
-5.499969482,-11.65545654,0.653778076,-1.036010742,2.556518555,3.076202393
-5.306152344,-10.32983398,0.239822388,-0.949279785,0.697662354,2.64491272
-4.839553833,-9.669418335,0.081893921,-0.949279785,0.697662354,2.64491272
-4.210235596,-9.463638306,0.139328003,-1.100158691,-0.053085327,2.582595825
-3.726882935,-8.944381714,0.395355225,-0.970672607,0.028793335,2.320556641
-3.872848511,-8.738601685,0.325973511,-0.783126831,0.637802124,2.133636475
-3.963775635,-9.07598877,0.247009277,-0.783126831,0.637802124,2.133636475
-1.855697632,-9.492340088,1.364456177,-0.102020264,1.899230957,1.907608032
-0.080230713,-9.76512146,0.849990845,0.372619629,1.320755005,0.797058105
0.391159058,-11.51667786,-0.308135986,0.372619629,1.320755005,0.797058105
-0.793289185,-12.23451233,-1.669647217,1.068389893,-1.400634766,-1.543762207
-3.690994263,-13.10072327,-1.873031616,1.365875244,-2.656555176,-2.976837158
-4.777328491,-13.76353455,-3.224975586,2.362197876,-2.65473938,-3.256011963
-5.318115234,-13.24668884,-5.244522095,2.270553589,-2.791564941,-3.595031738
-5.777542114,-10.94717407,-4.572143555,0.776397705,-2.876464844,-3.830215454
-6.024002075,-10.17909241,-3.09576416,-0.795959473,-2.84777832,-3.33114624
-5.846923828,-10.6696167,-1.693572998,-1.772109985,-3.157470703,-3.122833252
-5.160186768,-11.73681641,0.177612305,-1.437362671,-2.875869751,-3.554107666
-5.66506958,-11.58128357,1.108413696,-1.437362671,-2.875869751,-3.554107666
-6.416412354,-10.57389832,0.727966309,-0.55770874,-1.463546753,-3.425827026
-7.206054688,-10.152771,-0.200454712,0.032989502,-0.836196899,-3.219970703
-7.856903076,-9.817764282,-0.958984375,0.536331177,-0.973632813,-2.936523438
-8.512527466,-9.631134033,-1.97354126,0.678665161,-0.498397827,-2.446609497
-9.472045898,-9.762741089,-2.301345825,0.70614624,0.782577515,-1.969528198
-10.66847229,-10.49253845,-1.684005737,0.831985474,2.155181885,-1.060562134
-11.89837646,-10.71269226,-1.846710205,0.831985474,2.155181885,-1.060562134
-11.00585938,-11.41856384,-2.763168335,0.797164917,2.512542725,1.080505371
-9.383514404,-10.86343384,-3.301559448,0.178970337,1.920623779,2.62109375
-8.500564575,-12.48336792,-3.224975586,0.178970337,1.920623779,2.62109375
-7.899963379,-16.34060669,-1.037948608,-2.666427612,3.50579834,4.818969727
-7.93107605,-18.43193054,0.27571106,-2.739105225,4.06842041,5.04133606
-8.268463135,-18.19503784,0.07711792,-2.739105225,4.06842041,5.04133606
-7.998077393,-16.90292358,0.002929688,-2.685958862,3.158233643,4.953369141
-6.382919312,-14.43591309,0.689682007,-2.298675537,1.091674805,4.360839844
-5.425796509,-12.83511353,0.579605103,-1.481338501,-0.274810791,3.999191284
-4.648117065,-11.5118866,-0.061676025,-1.481338501,-0.274810791,3.999191284
-3.884811401,-10.25804138,-0.793869019,-0.760528564,-0.632171631,3.886810303
-3.229171753,-9.355957031,-1.236541748,-0.415985107,-0.243652344,3.594818115
-3.131072998,-8.925247192,-1.351409912,-0.686599731,0.502197266,3.076187134
-3.013824463,-9.080780029,-1.396865845,-1.014648438,0.683013916,2.724945068
-2.386901855,-9.284164429,-1.241333008,-1.014648438,0.683013916,2.724945068
-0.955993652,-8.231323242,-0.705337524,-1.080001831,0.067871094,1.950363159
-0.089797974,-7.905899048,-0.501953125,-0.795959473,-1.030456543,0.66267395
0.68548584,-7.834121704,-0.659881592,-0.065368652,-1.886886597,-0.951217651
0.647186279,-7.72883606,-0.863265991,-0.065368652,-1.886886597,-0.951217651
-1.235961914,-9.157348633,-0.963760376,0.518615723,-2.20085144,-3.10635376
-3.17414856,-12.6676178,-1.018798828,0.640167236,-2.792175293,-4.825912476
-5.129074097,-17.29055786,-1.011627197,0.85458374,-3.393264771,-6.313369751
-7.246734619,-20.75297546,-1.75100708,0.85458374,-3.393264771,-6.313369751
-9.067672729,-20.22175598,-2.081207275,0.981033325,-2.188644409,-7.3487854
-9.730484009,-16.6421051,-1.789291382,0.614517212,-0.575363159,-7.009765625
-9.744842529,-13.78746033,-0.640731812,-0.492965698,-0.581466675,-5.699462891
-10.03196716,-12.18666077,0.239822388,-0.492965698,-0.581466675,-5.699462891
-9.828582764,-11.35635376,0.584396362,-1.09954834,-1.776321411,-4.094116211
-8.943237305,-11.09793091,0.845214844,-1.492340088,-3.442749023,-2.646362305
-7.682220459,-10.62176514,0.780609131,-1.821594238,-4.035293579,-1.465560913
-6.789703369,-10.3106842,0.98638916,-1.918716431,-4.381637573,-1.183349609
-6.275238037,-9.588058472,1.354873657,-1.486236572,-3.821487427,-1.274368286
-7.404647827,-9.870407104,1.866943359,-0.87109375,-2.102523804,-1.569412231
-10.33346558,-10.5930481,3.001144409,-0.24067688,0.838775635,-1.474121094
-12.38890076,-12.25126648,3.068145752,1.459350586,3.168609619,0.14100647
-11.05131531,-12.33262634,1.910018921,1.459350586,3.168609619,0.14100647
-9.101165771,-11.03092957,-0.229171753,3.040252686,4.673171997,2.334594727
-8.093780518,-11.73921204,-2.440139771,2.797744751,4.375671387,3.700500488
-6.863876343,-13.63909912,-2.42338562,1.15574646,3.474029541,4.285079956
-6.442733765,-15.03890991,-1.619400024,1.15574646,3.474029541,4.285079956
-7.007446289,-16.90292358,-1.114517212,-0.49357605,4.450805664,4.790878296
-7.548217773,-16.97949219,-0.997268677,-1.92666626,4.093460083,4.876403809
-7.055297852,-15.60839844,-0.16456604,-2.587615967,0.477142334,4.693145752
-5.456893921,-14.07460022,0.570037842,-2.106262207,-1.936965942,4.581359863
-3.707748413,-12.88775635,1.115600586,-0.704315186,-2.097015381,3.868484497
-2.48979187,-10.68875122,0.830856323,-0.704315186,-2.097015381,3.868484497
-2.422790527,-9.255462646,0.704025269,0.170425415,-0.94493103,2.988235474
-2.583114624,-8.350967407,0.397750854,0.170425415,-0.94493103,2.988235474
-2.520904541,-7.939407349,-0.037750244,0.540603638,0.400177002,2.483657837
-2.138046265,-7.783874512,-0.293777466,0.464233398,0.876647949,2.110412598
-1.846130371,-7.805404663,-0.736450195,0.298706055,0.458206177,1.415252686
-1.709732056,-7.999221802,-1.226974487,-0.017715454,-0.557647705,0.442138672
-1.039749146,-7.826934814,-1.463867188,-0.017715454,-0.557647705,0.442138672
-0.556396484,-8.085357666,-1.29876709,-0.132553101,-1.491043091,-0.871200562
-1.322097778,-10.42793274,-0.020996094,-0.671340942,-1.636428833,-2.611557007
-5.107543945,-16.79045105,0.256576538,-0.065368652,-0.782440186,-4.637771606
-8.225387573,-17.82176208,-2.755996704,2.338363647,0.555343628,-5.953567505
-8.976745605,-14.64408875,-4.459686279,2.112976074,0.403839111,-5.766647339
-9.007843018,-11.38267517,-3.526473999,-0.246185303,-1.386581421,-4.68359375
-8.802062988,-10.20779419,-2.540634155,-2.120910645,-2.659622192,-2.662246704
-7.177337646,-10.20541382,-1.95199585,-2.120910645,-2.659622192,-2.662246704
-5.779922485,-11.19364929,-0.61920166,-3.840484619,-3.379821777,-1.64515686
-5.588500977,-11.78466797,1.058166504,-4.506942749,-3.065856934,-1.50894165
-5.368362427,-11.49992371,1.910018921,-3.951065063,-2.585098267,-1.585906982
-5.389892578,-10.37051392,2.367050171,-2.694519043,-2.77935791,-2.262741089
-5.937850952,-9.607208252,1.701843262,-1.4324646,-2.169708252,-2.496704102
-7.122299194,-9.887161255,0.302032471,-1.018310547,-0.780609131,-2.821075439
-9.718521118,-9.600021362,0.696853638,-1.018310547,-0.780609131,-2.821075439
-12.34344482,-9.200424194,2.012908936,-0.907745361,0.654296875,-2.649414063
-13.32928467,-8.980285645,2.158874512,0.466690063,0.903533936,-0.857147217
-12.54682922,-10.56433105,0.553283691,0.466690063,0.903533936,-0.857147217
-13.29100037,-11.03572083,-0.781906128,2.204605103,0.631698608,0.869140625
-11.86248779,-10.53082275,-2.176925659,3.164260864,1.011047363,2.836105347
-9.007843018,-12.36851501,-2.353988647,2.069595337,1.791732788,4.196517944
-8.892990112,-14.31149292,-0.612014771,0.959655762,2.891281128,4.625946045
-9.067672729,-15.94099426,0.828460693,0.959655762,2.891281128,4.625946045
-7.612823486,-15.82614136,0.491073608,1.165527344,3.500305176,5.274673462
-6.327880859,-14.58187866,-0.420593262,1.596786499,3.378738403,5.549575806
-4.786911011,-12.20101929,-1.346618652,1.287689209,2.650588989,5.170837402
-4.349014282,-10.94000244,-1.349014282,0.587036133,1.706207275,4.307693481
-3.956604004,-9.992446899,-1.159973145,-0.036056519,1.334793091,3.682159424
-3.564178467,-9.454055786,-0.966156006,-0.514343262,1.02571106,3.03036499
-3.198074341,-8.89175415,-0.755584717,-0.759307861,0.65246582,2.311981201
-2.791290283,-8.377288818,-0.547409058,-0.759307861,0.65246582,2.311981201
-2.820007324,-8.154754639,-0.676620483,-0.675003052,0.486923218,1.631500244
-2.123687744,-8.078186035,-1.049911499,-0.67805481,-0.10194397,1.057907104
-0.441543579,-7.783874512,-1.114517212,-0.328033447,-1.346878052,-0.116790771
-0.719100952,-7.209594727,-1.466262817,0.050704956,-1.792800903,-2.048934937
-2.245727539,-8.449081421,-2.444915771,0.050704956,-1.792800903,-2.048934937
-3.779525757,-10.07858276,-3.969146729,0.599243164,-1.674301147,-3.278594971
-5.306152344,-12.32305908,-4.890380859,0.456298828,-1.516082764,-4.321960449
-6.990692139,-14.55316162,-5.031570435,-0.391571045,-1.283355713,-5.202819824
-8.373748779,-15.63951111,-4.136642456,-0.391571045,-1.283355713,-5.202819824
-9.539047241,-15.12026978,-2.954589844,-1.087936401,-0.942474365,-5.614547729
-10.21144104,-13.56971741,-2.566955566,-0.949279785,-1.524032593,-5.515579224
-10.07983398,-11.27259827,-2.547821045,-0.860092163,-2.756134033,-4.8802948
-9.029388428,-9.736419678,-1.047515869,-0.860092163,-2.756134033,-4.8802948
-8.041152954,-8.585464478,-0.334457397,-0.976150513,-0.522827148,-2.417282104
-8.16078186,-8.999420166,-1.51171875,-1.33656311,-0.851470947,-2.146072388
-7.287399292,-9.188461304,-2.397064209,-1.33656311,-0.851470947,-2.146072388
-6.904556274,-9.133422852,-1.231765747,-2.351211548,-2.732315063,-2.159515381
-6.074249268,-9.868011475,0.189575195,-2.351211548,-2.732315063,-2.159515381
-4.896972656,-10.82992554,0.603530884,-2.336547852,-2.942443848,-1.460678101
-6.863876343,-11.33721924,1.287887573,-1.715911865,-1.749435425,-1.942657471
-9.821411133,-11.00700378,1.371627808,-0.62979126,-0.015823364,-2.172943115
-11.45570374,-9.894332886,1.225662231,1.029907227,0.799682617,-1.168075562
-13.17614746,-9.485168457,0.256576538,2.285842896,2.149078369,0.747573853
-10.63256836,-11.65066528,-0.899154663,2.669464111,3.534515381,3.654678345
-8.529281616,-14.01478577,-1.313110352,2.669464111,3.534515381,3.654678345
-7.47164917,-16.19464111,-1.248504639,1.884506226,4.11605835,5.277130127
-7.483612061,-17.73083496,-1.102554321,0.948059082,4.379959106,5.428009033
-7.24911499,-18.16871643,-0.245925903,0.179580688,4.846664429,5.566680908
-6.205856323,-15.96014404,0.436035156,-0.193634033,4.906509399,5.525741577
-5.574142456,-14.13920593,0.459960938,-0.193634033,4.906509399,5.525741577
-4.863479614,-12.62693787,0.30682373,-0.365905762,3.937088013,5.120132446
-3.750808716,-10.94717407,0.254180908,-0.690887451,2.563247681,4.671157837
-3.198074341,-9.710098267,0.062759399,-0.565048218,0.240127563,3.047470093
-3.494781494,-9.257843018,-0.300949097,-0.492355347,0.005554199,2.524581909
-3.365570068,-9.047286987,-0.516311646,-0.712265015,-0.126983643,2.382858276
-1.858093262,-8.4012146,-0.15977478,-0.712265015,-0.126983643,2.382858276
-0.199859619,-7.621154785,0.191970825,-0.658508301,-0.635848999,1.677307129
1.551681519,-7.29095459,-0.705337524,0.015274048,-1.6590271,0.310821533
1.640213013,-8.20022583,-2.344421387,0.643234253,-2.819061279,-1.878509521
-0.709533691,-9.32963562,-2.667449951,0.643218994,-3.492233276,-4.229110718
-4.071456909,-16.08695984,-2.502349854,0.235778809,-3.331573486,-5.493591309
-8.196685791,-23.13143921,-4.198867798,0.990814209,-2.680999756,-6.96333313
-10.3430481,-21.33682251,-3.303939819,0.042144775,-1.018859863,-7.599853516
-11.21403503,-17.4508667,-0.451705933,0.042144775,-1.018859863,-7.599853516
-12.24293518,-12.77290344,1.43145752,-0.572372437,0.087417603,-6.704940796
-11.11112976,-9.949371338,0.29725647,0.61390686,-1.520965576,-1.593231201
-9.318908691,-9.001815796,-1.284408569,0.61390686,-1.520965576,-1.593231201
-6.772949219,-8.997024536,-1.473434448,-0.559555054,-2.901519775,-0.127166748
-4.791687012,-8.743392944,-1.009231567,-1.752548218,-3.458023071,0.315704346
-3.746032715,-8.681182861,-0.482803345,-2.345703125,-3.884399414,-0.084411621
-3.123901367,-8.360534668,-0.238739014,-1.673156738,-3.508117676,-1.245651245
-4.712722778,-8.764923096,-0.109527588,-1.673156738,-3.508117676,-1.245651245
-10.80485535,-10.78207397,0.213500977,-0.758682251,-0.709762573,-2.835113525
-14.32948303,-11.04049683,-0.013809204,0.046417236,3.459991455,-2.964019775
-13.38192749,-10.53082275,-0.571334839,1.057388306,3.948684692,-0.083190918
-11.0632782,-12.01916504,-1.846710205,0.739746094,1.504623413,2.434173584
-8.861877441,-12.79205322,-1.777328491,0.33291626,-0.019470215,3.434768677
-7.782714844,-13.53143311,-1.411224365,-0.385452271,1.040359497,4.423751831
-6.966766357,-14.92645264,-0.332061768,-1.032958984,2.646316528,4.767669678
-6.859085083,-16.84309387,1.18977356,-1.032958984,2.646316528,4.767669678
-7.098373413,-16.48657227,1.374023438,-1.033584595,3.579727173,4.715133667
-7.139053345,-15.22315979,0.857177734,-1.033584595,3.579727173,4.715133667
-6.57194519,-14.16552734,0.682495117,-0.726913452,3.431884766,4.87701416
-5.514328003,-13.09593201,0.716003418,-0.431274414,2.446563721,4.869064331
-4.679229736,-11.91627502,0.488677979,0.145385742,1.521118164,4.605773926
-4.092987061,-11.0381012,0.06993103,0.41293335,1.253555298,4.402374268
-3.346420288,-10.29394531,-0.824981689,0.470962524,0.723937988,4.08656311
-2.427581787,-9.750762939,-1.779724121,0.470962524,0.723937988,4.08656311
-1.018203735,-8.685958862,-2.42817688,0.563201904,-0.787948608,3.48425293
0.453369141,-6.979873657,-2.021392822,0.360397339,-2.1690979,2.286331177
1.104217529,-6.089752197,-1.779724121,0.063522339,-2.199035645,1.145248413
2.133132935,-5.867218018,-1.851501465,-0.103225708,-2.354797363,-0.092971802
2.085281372,-6.568313599,-2.234359741,-0.15637207,-2.930221558,-2.081314087
0.360061646,-8.216964722,-2.607635498,-0.15637207,-2.930221558,-2.081314087
-2.461090088,-12.72505188,-3.167556763,-0.657287598,-3.005371094,-4.135650635
-5.710540771,-19.15457153,-4.514709473,-1.076950073,-2.121459961,-5.381195068
-8.313934326,-23.59085083,-4.392684937,-2.442840576,-0.24671936,-6.706161499
-10.92689514,-24.48098755,-1.801254272,-2.442840576,-0.24671936,-6.706161499
-12.69996643,-20.3079071,0.273330688,-2.943740845,1.539428711,-7.238220215
-12.39129639,-14.69433594,0.223068237,-1.130096436,0.814956665,-5.334777832
-9.687408447,-10.04508972,-0.198059082,-0.616958618,-1.922302246,-3.207748413
-7.976531982,-9.396636963,-0.231567383,-1.241882324,-3.186782837,-1.895004272
-6.57434082,-9.183670044,-0.817810059,-1.679260254,-3.21244812,-0.865081787
-5.100372314,-8.85824585,-0.927871704,-2.194213867,-2.869750977,-0.708099365
-4.274841309,-8.587860107,-1.363372803,-2.194213867,-2.869750977,-0.708099365
-4.734268188,-7.683364868,-0.286590576,-2.700622559,-3.29675293,-1.45274353
-5.791885376,-7.101913452,0.895462036,-2.92175293,-3.135482788,-1.940826416
-7.23475647,-8.264831543,2.33354187,-2.75743103,-2.007217407,-1.761230469
-8.974349976,-10.45425415,3.281097412,-2.044555664,-0.067123413,-1.607894897
-10.92210388,-11.12185669,3.91758728,0.012817383,1.717193604,-0.921279907
-11.92230225,-10.9112854,2.903030396,0.012817383,1.717193604,-0.921279907
-10.60864258,-10.80839539,1.311813354,2.320037842,1.741027832,0.819656372
-9.73765564,-11.46403503,-0.889587402,3.44770813,1.90045166,1.939376831
-8.909744263,-12.59584045,-1.851501465,3.026199341,2.586456299,3.153762817
-7.995681763,-14.04827881,-1.583511353,3.026199341,2.586456299,3.153762817
-7.229980469,-16.03671265,-0.791488647,2.466659546,4.183258057,4.360839844
-7.220413208,-17.91986084,-0.403839111,2.365249634,6.695739746,5.602111816
-6.751419067,-17.88397217,-0.903945923,1.93397522,8.255279541,6.726089478
-6.5599823,-16.65406799,-1.676834106,1.93397522,8.255279541,6.726089478
-5.832565308,-14.64888,-1.923294067,0.343902588,6.094650269,6.580703735
-4.451904297,-12.69393921,-1.559585571,-1.010971069,1.441085815,5.418838501
-2.377334595,-10.23173523,-0.521087646,-1.345718384,-1.51914978,4.228286743
-1.733657837,-9.071212769,-0.281814575,-1.345718384,-1.51914978,4.228286743
-1.520706177,-8.245681763,-0.348815918,-0.851531982,-1.999267578,3.112838745
-1.293380737,-7.578094482,-0.305740356,-0.348190308,-0.987686157,2.359634399
-1.080429077,-7.635513306,-0.059280396,-0.188751221,0.86505127,0.996810913
-0.692779541,-7.403411865,-0.269851685,-0.188751221,0.86505127,0.996810913
-0.587509155,-7.97769165,-1.092971802,0.303588867,-0.333450317,-0.306762695
-0.510925293,-8.317474365,-1.822784424,0.849700928,-1.781188965,-2.044052124
-1.475234985,-8.934814453,-2.392272949,0.849700928,-1.781188965,-2.044052124
-3.537857056,-12.52165222,-2.942626953,0.602905273,-2.449493408,-3.826553345
-6.016815186,-17.66143799,-4.119903564,0.506393433,-2.307159424,-4.938323975
-8.029174805,-18.02514648,-4.414215088,0.585800171,-1.246704102,-6.019546509
-9.524688721,-17.04170227,-3.660476685,-0.408065796,-0.161804199,-5.758712769
-9.929077148,-14.73501587,-2.760772705,-0.408065796,-0.161804199,-5.758712769
-9.239944458,-11.67938232,-1.483001709,-1.144744873,-0.989532471,-4.553482056
-8.646530151,-10.24130249,-0.513916016,-1.844192505,-2.618682861,-3.14666748
