1.81729126,-11.22953796,-1.51651001,0.676208496,-0.084838867,-0.494293213
0.628051758,-12.28477478,-2.358779907,0.635894775,-0.30657959,-0.382507324
-0.223800659,-10.87060547,-1.600250244,0.635894775,-0.30657959,-0.382507324
0.372024536,-9.889556885,-0.466064453,0.3646698,-0.305969238,-0.244445801
1.214294434,-9.724441528,-0.535446167,0.152709961,-0.112319946,-0.302490234
2.054168701,-9.379882813,0.002929688,-0.001846313,-0.131256104,-0.292098999
1.697647095,-8.671600342,0.440826416,0.012207031,-0.179519653,-0.114944458
1.848388672,-8.023147583,1.228057861,-0.075744629,-0.326126099,0.114105225
2.47052002,-7.456054688,1.632446289,-0.14414978,-0.365829468,0.115341187
3.109405518,-7.987258911,2.139724731,-0.033599854,-0.502059937,0.118392944
2.547088623,-9.719665527,1.393157959,0.426376343,-0.539321899,0.20085144
1.281295776,-14.34020996,-0.650299072,0.759902954,-0.568023682,0.169082642
-1.917907715,-19.22874451,-2.476028442,0.51739502,-0.507553101,-0.121063232
-1.14024353,-10.50450134,-1.021194458,-0.657287598,-0.698760986,-0.144882202
0.355270386,-8.370117188,1.311813354,-0.657287598,-0.698760986,-0.144882202
-1.133071899,-9.320068359,0.447998047,-0.0806427,-0.744567871,0.10067749
-3.466064453,-10.53321838,-0.631164551,0.233337402,-0.714019775,0.190460205
-2.903747559,-9.757949829,-0.14302063,-0.243728638,-0.461135864,0.327301025
-1.12588501,-8.65007019,1.237625122,-0.323135376,-0.109268188,0.155029297
-0.408035278,-8.662033081,0.773422241,-0.323135376,-0.109268188,0.155029297
-0.989501953,-9.903915405,-0.633560181,0.083068848,-0.214950562,0.214904785
-1.441741943,-10.27479553,-0.013809204,0.048248291,-0.183792114,0.32119751
-1.37953186,-9.635910034,0.443222046,-0.145370483,-0.07749939,0.225296021
-1.496780396,-9.363128662,0.916992188,-0.324371338,-0.076293945,0.208786011
-1.453704834,-9.714874268,0.859558105,-0.208908081,0.24319458,0.195968628
-0.970352173,-10.21737671,0.866744995,-0.208908081,0.24319458,0.195968628
-0.958389282,-10.14079285,1.144317627,-0.277328491,0.340316772,0.260116577
-0.838745117,-9.889556885,1.376419067,-0.327423096,0.489364624,0.220413208
-0.939254761,-9.78187561,1.414703369,-0.359786987,0.769744873,0.062194824
-0.790893555,-9.418167114,1.374023438,-0.417831421,0.835723877,-0.081954956
-1.011032104,-9.559341431,1.041427612,-0.417831421,0.835723877,-0.081954956
-0.324295044,-10.62176514,0.649002075,-0.376281738,0.920623779,-0.237121582
-0.111328125,-12.34458923,0.017288208,-0.305435181,0.956680298,-0.201690674
-0.147216797,-12.820755,-1.839538574,-0.183242798,0.672012329,0.018218994
-0.405654907,-10.40879822,-3.885406494,0.461807251,0.069091797,0.123275757
0.037017822,-7.384262085,-3.110122681,0.461807251,0.069091797,0.123275757
1.271713257,-6.84588623,-0.968551636,0.809997559,-0.072006226,-0.122283936
1.865142822,-11.86123657,-0.492385864,0.955383301,0.177825928,-0.427093506
0.175811768,-11.83013916,-2.815811157,0.962097168,0.420944214,-0.532165527
-0.077835083,-8.800827026,-0.765167236,0.331695557,0.310379028,-0.434432983
1.379394531,-8.152359009,0.122573853,0.155136108,0.172332764,-0.435043335
2.099639893,-8.367721558,-0.123886108,-0.003051758,0.045272827,-0.385559082
2.26473999,-8.41317749,0.431243896,-0.053146362,-0.098892212,-0.097839355
1.881896973,-8.071014404,1.072525024,-0.053146362,-0.098892212,-0.097839355
1.989562988,-7.341201782,1.984191895,-0.131332397,-0.335906982,0.383499146
3.817687988,-7.484771729,2.881500244,-0.130111694,-0.586959839,0.439697266
3.645401001,-9.777084351,2.261764526,0.279144287,-0.754348755,0.277206421
2.640411377,-12.51208496,0.601135254,0.279144287,-0.754348755,0.277206421
1.077896118,-21.04968262,-2.842132568,0.73789978,-0.891174316,0.150772095
-2.961181641,-15.01976013,-0.887191772,0.026260376,-0.659042358,-0.171768188
-0.498962402,-7.245483398,0.402542114,-0.78678894,-1.114135742,-0.201690674
-0.740646362,-8.578292847,1.158660889,0.040313721,-0.602844238,0.042037964
-2.815216064,-10.58586121,-0.882415771,0.33291626,-0.474563599,0.207580566
-2.846328735,-9.513885498,-0.712524414,0.33291626,-0.474563599,0.207580566
-1.001464844,-8.717071533,0.76625061,-0.201568604,-0.234512329,0.246673584
-1.106750488,-8.573501587,0.802139282,-0.115447998,-0.004806519,0.082962036
-1.245529175,-9.147781372,-0.188491821,0.233322144,-0.315750122,0.186203003
-1.176132202,-9.801025391,-0.521087646,0.121551514,-0.112319946,0.185577393
-0.9009552,-9.827346802,0.031646729,-0.084915161,-0.08543396,0.103118896
-0.862670898,-10.00440979,0.168045044,-0.273666382,-0.17829895,0.087234497
-1.080429077,-10.36572266,0.371429443,-0.273666382,-0.17829895,0.087234497
-1.066070557,-10.4710083,0.98399353,-0.343917847,0.010452271,0.065856934
-0.546829224,-10.04029846,1.261566162,-0.370178223,0.226074219,0.063415527
-0.144836426,-9.76512146,1.314208984,-0.397064209,0.40322876,0.048751831
-0.187896729,-9.399017334,1.510406494,-0.386062622,0.631698608,-0.074020386
-0.075439453,-9.157348633,1.558273315,-0.386062622,0.631698608,-0.074020386
0.058563232,-9.396636963,1.407516479,-0.414154053,0.833892822,-0.274993896
0.161453247,-9.812988281,1.292663574,-0.456924438,0.982330322,-0.356842041
0.144699097,-10.39683533,0.445602417,-0.456924438,0.982330322,-0.356842041
-0.204650879,-10.68157959,-0.968551636,0.326202393,0.745925903,0.047531128
-1.011032104,-10.08097839,-2.176925659,0.326202393,0.745925903,0.047531128
-0.814819336,-9.994842529,-2.598068237,0.916900635,0.475326538,0.226516724
1.046798706,-12.33023071,-2.511917114,1.25592041,0.29876709,0.045700073
3.430053711,-13.22993469,-2.20085144,0.973098755,0.577331543,-0.417938232
3.16444397,-10.85147095,-1.305938721,-0.004272461,0.504013062,-0.523620605
1.963241577,-9.32723999,0.002929688,-0.004272461,0.504013062,-0.523620605
1.228652954,-9.678985596,0.995956421,-0.086746216,0.124679565,-0.394729614
1.259750366,-9.114273071,-0.324874878,0.24005127,-0.068954468,-0.287216187
1.525360107,-8.078186035,0.002929688,-0.098342896,-0.145309448,-0.166259766
1.487075806,-7.850875854,1.20413208,-0.328033447,-0.178909302,0.097625732
1.376998901,-7.561340332,1.577407837,-0.452651978,-0.463577271,0.464141846
2.322174072,-7.219161987,2.635040283,-0.452651978,-0.463577271,0.464141846
3.090270996,-8.171508789,3.273925781,-0.41355896,-0.751296997,0.663894653
1.764648438,-10.73899841,2.950897217,0.070861816,-0.594299316,0.376785278
1.762252808,-16.71388245,-0.695770264,0.794113159,-0.549713135,0.102508545
0.596939087,-19.48956299,-2.842132568,0.029922485,-0.376220703,-0.2762146
-0.994277954,-8.630935669,-0.403839111,-0.61819458,-0.978530884,-0.204742432
0.975006104,-8.145187378,0.720779419,-0.61819458,-0.978530884,-0.204742432
-0.286010742,-9.743591309,0.010116577,-0.097122192,-0.832519531,-0.028823853
-2.942047119,-10.38487244,-1.162368774,0.089172363,-0.894226074,0.02003479
-2.700363159,-9.212387085,0.031646729,-0.452651978,-0.686538696,0.218566895
-1.446533203,-7.972900391,1.194564819,-0.452651978,-0.686538696,0.218566895
-0.965576172,-8.408401489,0.182403564,0.042144775,-0.195404053,0.195358276
-1.085205078,-9.437316895,-1.097763062,-0.059860229,-0.236938477,0.269271851
-1.262283325,-10.08576965,-0.60484314,-0.21685791,0.00617981,0.171539307
-0.948822021,-10.09773254,0.199142456,-0.21685791,0.00617981,0.171539307
-0.860290527,-9.870407104,0.337936401,-0.354904175,0.201644897,0.069519043
-0.678436279,-10.41119385,0.127365112,-0.354904175,0.201644897,0.069519043
-0.185501099,-10.8730011,0.622680664,-0.431259155,0.427062988,0.098846436
-0.034759521,-10.57389832,1.481704712,-0.572372437,0.536392212,0.132446289
-0.137649536,-9.451660156,1.807128906,-0.532669067,0.831451416,-0.044708252
-0.286010742,-9.013778687,1.706619263,-0.428817749,1.010437012,-0.259109497
0.127944946,-9.927841187,0.51020813,-0.010391235,0.852828979,-0.226730347
-0.001266479,-11.72006226,-0.494766235,0.583969116,0.707443237,0.089065552
-0.472640991,-10.06422424,-2.315704346,0.583969116,0.707443237,0.089065552
-0.757400513,-9.013778687,-3.035949707,1.052505493,0.382461548,0.270492554
-0.240539551,-11.06921387,-3.122085571,1.313949585,0.191253662,-0.081954956
1.968032837,-13.71089172,-2.20085144,1.395202637,0.651855469,-0.386779785
3.107009888,-10.16473389,-0.805831909,0.164916992,1.078842163,-0.609130859
2.288665771,-10.21498108,0.98638916,0.251068115,0.526016235,-0.682449341
1.704818726,-9.623947144,-0.114318848,0.251068115,0.526016235,-0.682449341
1.549285889,-8.901321411,-0.738845825,0.207687378,0.219360352,-0.424041748
1.59236145,-7.891540527,0.541320801,-0.260223389,0.10269165,-0.105178833
1.601928711,-7.144989014,1.129959106,-0.494796753,-0.030487061,0.32119751
1.697647095,-6.790847778,1.821487427,-0.624298096,-0.373168945,0.599746704
2.511199951,-6.666427612,2.546508789,-0.251678467,-0.438522339,0.517288208
3.492263794,-9.382278442,2.489074707,-0.251678467,-0.438522339,0.517288208
2.068527222,-14.80441284,0.495849609,0.502120972,-0.263824463,0.154434204
2.0493927,-13.51947021,-0.049713135,-0.299316406,-0.503875732,-0.251785278
-0.238143921,-12.68676758,-0.104736328,-0.299316406,-0.503875732,-0.251785278
-1.460876465,-9.698120117,-1.157577515,-0.243728638,-0.572311401,-0.520568848
-1.154602051,-9.10949707,-0.501953125,-0.516799927,-0.712799072,-0.333633423
-2.377334595,-9.992446899,0.203933716,-0.003677368,-0.464782715,0.077468872
-1.743240356,-8.513687134,0.505432129,0.105667114,-0.435470581,0.367004395
-0.527679443,-9.10710144,0.29725647,-0.090408325,0.036102295,0.182525635
-0.458297729,-9.272201538,-0.454101563,-0.090408325,0.036102295,0.182525635
-0.66885376,-9.477981567,-0.60005188,-0.220535278,-0.120880127,0.131210327
-0.68560791,-9.626342773,-0.229171753,-0.280990601,-0.131866455,0.215530396
-0.621002197,-9.104705811,0.613098145,-0.280990601,-0.131866455,0.215530396
-0.582717896,-9.049667358,0.577209473,-0.223571777,0.052597046,0.187423706
-0.288406372,-10.03312683,0.7447052,-0.21685791,0.221801758,0.172149658
-0.001266479,-10.61457825,0.931350708,-0.138656616,0.318328857,0.218566895
-0.089797974,-10.45425415,1.017486572,-0.289535522,0.728210449,0.114105225
0.010696411,-10.05705261,1.350097656,-0.528991699,0.893753052,-0.148544312
0.513198853,-10.29634094,0.893066406,-0.769073486,0.753875732,-0.334854126
1.13293457,-11.28218079,-0.303344727,-0.683563232,0.402008057,-0.20475769
0.558654785,-12.0287323,-0.643127441,-0.683563232,0.402008057,-0.20475769
0.159057617,-11.29414368,-1.229370117,-0.206466675,0.15826416,0.230789185
-0.343429565,-10.72943115,-1.612213135,-0.206466675,0.15826416,0.230789185
-1.257492065,-8.901321411,-2.736846924,0.40071106,-0.191741943,0.363952637
-0.530075073,-7.642700195,-1.923294067,0.964553833,-0.126983643,0.167251587
0.321777344,-9.777084351,-1.052307129,1.191162109,-0.002975464,-0.0440979
1.329147339,-12.0239563,-1.416015625,1.306015015,0.444763184,-0.228561401
1.154464722,-11.05964661,-2.035751343,0.488067627,0.718444824,-0.328140259
0.762054443,-8.772109985,0.378601074,0.277938843,0.277389526,-0.372116089
1.922561646,-9.358352661,0.519790649,0.277938843,0.277389526,-0.372116089
2.618881226,-9.513885498,-0.671844482,0.128875732,0.275558472,-0.218185425
2.312591553,-8.525650024,-0.344024658,-0.187530518,-0.043304443,-0.099060059
1.80531311,-7.604400635,0.416900635,-0.518630981,-0.188674927,0.180084229
1.759857178,-7.240692139,1.488876343,-0.518630981,-0.188674927,0.180084229
3.482681274,-7.484771729,2.405334473,-0.181427002,-0.337738037,0.323028564
3.561645508,-8.903717041,2.429260254,-0.181427002,-0.337738037,0.323028564
2.480102539,-12.26802063,2.891067505,0.437362671,-0.566192627,0.201477051
1.532531738,-15.79743958,-0.547409058,0.505172729,-0.539932251,0.065856934
0.587371826,-14.92645264,-1.53326416,-0.069641113,-0.408584595,-0.411819458
-1.434555054,-8.243286133,-0.669448853,-0.069641113,-0.408584595,-0.411819458
-1.932266235,-8.726638794,0.261352539,-0.525344849,-0.583908081,-0.45703125
-2.396469116,-10.99981689,0.562850952,-0.204025269,-0.586959839,0.123886108
-1.58770752,-10.31787109,-0.662277222,0.36100769,-0.453796387,0.347457886
0.740509033,-8.989852905,-0.044921875,-0.141098022,-0.261978149,0.050598145
0.486877441,-7.910690308,-0.212417603,-0.370178223,-0.239379883,-0.1118927
-0.805252075,-8.056655884,-0.760375977,-0.370178223,-0.239379883,-0.1118927
-1.774337769,-9.269805908,-0.487594604,-0.25718689,-0.64012146,0.132446289
-1.042144775,-9.367919922,0.318786621,-0.227844238,-0.241210938,0.13609314
-0.999069214,-10.1072998,0.471923828,-0.403167725,0.176605225,0.02796936
-1.039749146,-10.16711426,0.220687866,-0.374465942,0.327484131,0.098846436
-0.616210938,-10.6313324,0.921783447,-0.349411011,0.464324951,0.149551392
-0.104156494,-11.01657104,1.857376099,-0.311538696,0.865661621,-0.118621826
0.671127319,-10.6313324,2.194763184,-0.235794067,1.018981934,-0.290267944
0.383987427,-10.51885986,0.73274231,-0.235794067,1.018981934,-0.290267944
-0.297973633,-10.60021973,0.041213989,-0.145370483,0.845504761,-0.138763428
-0.534866333,-10.45187378,-0.813018799,0.322540283,0.615814209,0.169082642
-0.786102295,-9.877593994,-2.050109863,0.827697754,0.506469727,0.36517334
-0.570755005,-9.126251221,-2.602844238,0.827697754,0.506469727,0.36517334
0.379196167,-10.22694397,-2.404251099,1.167358398,0.307327271,0.260101318
2.27192688,-10.79403687,-2.047714233,1.334121704,0.683624268,-0.267059326
2.92515564,-12.11009216,-1.810821533,0.335357666,0.881546021,-0.555984497
2.355667114,-10.34179688,0.098648071,-0.048873901,0.394683838,-0.430145264
1.621078491,-10.10250854,1.271133423,0.095291138,0.461883545,-0.233459473
1.513397217,-9.267425537,-0.669448853,0.095291138,0.461883545,-0.233459473
2.128356934,-8.597427368,0.220687866,-0.16065979,0.108184814,-0.050811768
1.934539795,-7.73840332,0.735137939,-0.43737793,0.056259155,0.142211914
2.042205811,-7.348373413,1.345306396,-0.546112061,-0.093994141,0.410385132
2.515991211,-8.729034424,2.094268799,-0.188140869,-0.298629761,0.40914917
1.609115601,-14.16792297,1.153884888,0.328018188,-0.167922974,0.060974121
0.759658813,-15.00062561,-0.140640259,-0.170425415,-0.324905396,-0.131439209
0.154266357,-13.35197449,0.227859497,-0.935836792,-0.340789795,0.3175354
-0.649719238,-12.97151184,-1.490188599,-0.935836792,-0.340789795,0.3175354
-1.267059326,-8.41317749,-2.167358398,-0.845428467,-0.210067749,0.266220093
-0.941635132,-6.166320801,-0.092773438,-0.656066895,-0.546035767,0.015151978
-0.618606567,-7.211990356,0.270935059,-0.02444458,-0.44342041,-0.040435791
-0.431976318,-9.657455444,0.237426758,-0.02444458,-0.44342041,-0.040435791
-0.810028076,-9.269805908,-0.657485962,0.108718872,-0.593078613,0.15687561
-0.996673584,-7.889160156,-0.15020752,-0.161880493,-0.423873901,0.111663818
-0.778930664,-7.822158813,0.622680664,-0.070251465,-0.284591675,-0.00012207
-1.12828064,-9.425338745,0.97203064,-0.041534424,-0.211288452,0.109237671
-0.853103638,-10.20541382,0.943313599,-0.243743896,0.111846924,0.234451294
0.23085022,-9.573699951,1.132354736,-0.357971191,0.122238159,0.189865112
1.491867065,-9.004211426,1.790374756,-0.357971191,0.122238159,0.189865112
1.472717285,-8.757751465,1.854980469,-0.34085083,0.240753174,-0.087463379
-0.544433594,-9.212387085,0.046005249,-0.189987183,0.57611084,-0.426483154
-2.669265747,-11.65306091,-1.786895752,0.265106201,0.561447144,-0.526062012
-2.702758789,-13.90710449,-4.040939331,0.913238525,0.462478638,0.239959717
-1.671447754,-13.28018188,-4.098358154,0.913238525,0.462478638,0.239959717
0.582580566,-13.24429321,-4.22996521,1.559524536,0.205917358,0.432983398
2.123565674,-10.83232117,-3.713119507,0.971878052,0.354980469,-0.086257935
2.93951416,-9.226745605,-0.406234741,-0.263900757,0.469207764,-0.4894104
1.702423096,-7.128234863,1.728164673,0.360397339,0.338485718,-0.628067017
0.970230103,-8.693145752,-1.159973145,0.360397339,0.338485718,-0.628067017
1.295654297,-8.697921753,-0.779510498,0.158813477,-0.140426636,-0.273162842
1.551681519,-8.149978638,0.603530884,0.158813477,-0.140426636,-0.273162842
1.788574219,-7.592437744,1.129959106,-0.43371582,-0.185623169,0.047531128
1.968032837,-7.310089111,1.910018921,-0.672561646,-0.312698364,0.387176514
2.736129761,-6.941589355,2.725967407,-0.244949341,-0.393920898,0.528274536
1.472717285,-10.0307312,2.620681763,0.719589233,-0.420806885,0.156265259
3.597549438,-19.5158844,-1.06427002,0.968215942,-0.623001099,-0.144256592
1.59236145,-18.97032166,-3.423583984,-0.232131958,-0.426315308,-0.505279541
-2.217010498,-8.482574463,-1.174331665,-0.860702515,-1.101303101,-0.39289856
-1.310134888,-8.334213257,0.948104858,-0.860702515,-1.101303101,-0.39289856
-0.853103638,-9.159744263,0.926559448,-0.180206299,-1.087249756,0.149536133
-2.939651489,-9.793838501,-1.030761719,0.317642212,-0.696914673,0.232009888
-2.207443237,-8.336608887,-0.042526245,-0.164321899,-0.550308228,0.334640503
-1.336456299,-8.030334473,0.416900635,-0.164321899,-0.550308228,0.334640503
-0.979919434,-8.930038452,0.369033813,-0.223571777,-0.377441406,0.189865112
-0.616210938,-9.839309692,0.31161499,0.109329224,-0.411651611,0.314468384
-0.266860962,-10.00201416,0.029251099,0.211349487,-0.28276062,0.339523315
-0.46307373,-10.52844238,0.050796509,-0.160049438,-0.360946655,0.210632324
-1.451309204,-11.28218079,-0.178924561,-0.519851685,-0.150192261,0.258880615
-1.209640503,-10.77011108,0.682495117,-0.719589233,0.154006958,0.224685669
-0.295578003,-9.777084351,1.242416382,-0.764190674,0.434997559,0.083572388
-0.185501099,-8.750564575,1.680297852,-0.764190674,0.434997559,0.083572388
-0.491790771,-8.446685791,1.912414551,-0.612701416,0.701339722,-0.064254761
-0.269256592,-8.865432739,1.385986328,-0.310928345,0.870544434,-0.21697998
0.45098877,-10.61457825,0.675323486,-0.132553101,0.791748047,-0.256072998
1.106613159,-11.57409668,-0.303344727,-0.132553101,0.791748047,-0.256072998
0.013092041,-12.16990662,-2.327667236,0.166763306,0.741043091,-0.251174927
-1.300567627,-9.774703979,-3.634155273,0.627944946,0.605422974,0.109848022
-1.051712036,-8.86781311,-2.523880005,0.916900635,0.149734497,0.087234497
0.060958862,-10.57389832,-1.504547119,0.916900635,0.149734497,0.087234497
1.403320313,-11.83491516,-1.538040161,1.125198364,0.264556885,-0.231018066
2.386779785,-9.607208252,-1.564361572,0.740966797,0.60848999,-0.338531494
1.365036011,-9.145385742,-0.047317505,0.353683472,0.313430786,-0.362960815
1.393753052,-9.509094238,-0.798660278,0.353683472,0.313430786,-0.362960815
1.654571533,-9.260238647,-0.60005188,0.021377563,0.106964111,-0.255447388
1.57800293,-8.506500244,0.263748169,0.021377563,0.106964111,-0.255447388
1.283691406,-7.817367554,0.340316772,-0.232727051,-0.110488892,-0.011108398
1.515792847,-7.75994873,1.309417725,-0.42515564,-0.354827881,0.340744019
2.561447144,-7.680984497,2.33354187,-0.357955933,-0.569244385,0.57409668
3.358261108,-8.690750122,2.706817627,-0.003051758,-0.514282227,0.448867798
2.073318481,-11.13142395,2.132553101,0.445922852,-0.685928345,0.082351685
3.087875366,-16.85505676,-0.308135986,0.696380615,-1.051223755,0.111053467
0.589767456,-14.35455322,-1.002044678,0.022598267,-0.845352173,-0.015991211
-0.388900757,-9.798629761,0.089080811,0.022598267,-0.845352173,-0.015991211
-0.618606567,-8.920455933,0.196746826,-0.186920166,-0.940048218,-0.277435303
-2.04473877,-11.38027954,-0.044921875,-0.413543701,-1.064041138,-0.073410034
-3.84413147,-10.5978241,-0.506729126,-0.105072021,-0.783050537,0.153823853
-2.29119873,-9.049667358,0.194366455,-0.177139282,-0.626678467,0.407333374
-1.209640503,-8.374893188,0.711212158,-0.316421509,-0.014602661,0.224075317
-1.051712036,-9.121459961,0.256576538,-0.078796387,-0.084228516,0.245437622
-0.618606567,-9.198028564,-0.236343384,-0.109954834,-0.171585083,0.313247681
-0.963180542,-9.365524292,-0.109527588,-0.109954834,-0.171585083,0.313247681
-1.039749146,-9.171707153,0.371429443,-0.193023682,0.065429688,0.243621826
-0.960784912,-9.406204224,0.503036499,-0.27671814,0.009841919,0.210632324
-0.798065186,-9.798629761,0.720779419,-0.189971924,0.113067627,0.230773926
-0.616210938,-10.12644958,0.842819214,-0.189971924,0.113067627,0.230773926
-0.240539551,-10.2293396,1.072525024,-0.288330078,0.345199585,0.178253174
-0.020401001,-9.994842529,1.146697998,-0.500900269,0.576721191,0.081741333
-0.290786743,-9.458847046,1.326171875,-0.618179321,0.856491089,-0.138153076
-0.178329468,-10.00201416,1.405136108,-0.552215576,0.931015015,-0.333023071
0.029846191,-10.93283081,0.692062378,-0.354904175,0.9609375,-0.419143677
-0.029968262,-12.36373901,-0.470840454,0.127044678,0.821670532,-0.062423706
-0.336257935,-12.55755615,-1.98550415,0.127044678,0.821670532,-0.062423706
-1.279022217,-10.83232117,-2.791885376,0.700042725,0.381851196,0.218566895
-0.68560791,-7.74079895,-2.480819702,0.805114746,0.294494629,0.097625732
0.953475952,-9.291351318,-0.932662964,0.957824707,0.412994385,-0.223678589
2.240814209,-13.01457214,-1.351409912,1.166122437,0.815567017,-0.405105591
1.539718628,-11.26782227,-2.614807129,0.32925415,0.421554565,-0.357452393
1.12097168,-9.008987427,-0.425384521,0.32925415,0.421554565,-0.357452393
1.288467407,-9.032928467,-0.633560181,0.105667114,0.455764771,-0.411224365
1.57081604,-8.532821655,-0.009033203,-0.065963745,0.305496216,-0.239562988
1.697647095,-7.858047485,0.440826416,-0.100799561,0.075195313,0.06463623
2.006317139,-7.410583496,1.890869141,-0.363464355,-0.110488892,0.428695679
3.095046997,-7.654663086,2.895858765,-0.357345581,-0.604675293,0.560043335
3.714797974,-9.131027222,3.099243164,0.101394653,-0.5912323,0.242401123
1.331542969,-17.35276794,-1.363372803,0.57359314,-0.609558105,-0.029418945
-0.955993652,-19.61158752,-3.110122681,-0.14050293,-0.405532837,-0.063644409
-1.312530518,-8.374893188,0.644210815,-0.767852783,-0.830703735,-0.11555481
-0.733459473,-7.747970581,0.799743652,-0.207687378,-0.533813477,0.001724243
-1.317306519,-9.535415649,-0.801055908,0.07635498,-0.39881897,0.031036377
-1.448913574,-8.906097412,-0.056884766,-0.19241333,-0.580856323,0.189865112
-0.786102295,-7.580474854,0.866744995,-0.19241333,-0.580856323,0.189865112
-0.872253418,-8.530426025,0.163253784,0.221130371,-0.508163452,0.120223999
-0.666473389,-10.2723999,-0.186096191,0.221130371,-0.508163452,0.120223999
-0.599472046,-10.61936951,-0.370346069,0.112991333,-0.448898315,0.173355103
-0.90814209,-9.925445557,0.07472229,-0.20098877,-0.355438232,0.155029297
-1.393890381,-9.719665527,0.433639526,-0.21685791,-0.345672607,0.155654907
-1.405853271,-10.37051392,0.144104004,-0.313369751,-0.157531738,0.188034058
-1.166564941,-10.84907532,0.361862183,-0.313369751,-0.157531738,0.188034058
-0.891387939,-10.60021973,1.096450806,-0.527786255,0.172927856,0.139160156
-0.534866333,-9.903915405,1.297454834,-0.55770874,0.482025146,0.00112915
0.130340576,-8.970703125,1.364456177,-0.473419189,0.601150513,-0.147323608
0.912796021,-8.843887329,1.649200439,-0.473419189,0.601150513,-0.147323608
0.862548828,-8.961135864,1.328552246,-0.226638794,0.630462646,-0.284164429
-0.305145264,-10.01158142,-0.590484619,0.153930664,0.694000244,-0.488189697
-2.04473877,-11.84687805,-2.19367981,0.611465454,0.701339722,-0.355621338
-1.968154907,-11.24867249,-2.923492432,0.611465454,0.701339722,-0.355621338
-0.4559021,-12.22973633,-2.504745483,1.035400391,0.435592651,0.013931274
1.601928711,-12.33502197,-2.514312744,1.417190552,0.393463135,-0.101516724
2.795944214,-9.53302002,-1.159973145,0.570526123,0.850387573,-0.438705444
2.547088623,-9.145385742,0.701644897,0.12399292,0.325042725,-0.563934326
2.058959961,-8.690750122,-0.214813232,0.081848145,0.407501221,-0.468032837
1.453582764,-7.941802979,-0.131057739,-0.059249878,-0.104385376,-0.279266357
1.554077148,-7.695327759,1.048599243,-0.059249878,-0.104385376,-0.279266357
2.152282715,-7.417770386,1.823867798,-0.227859497,-0.226547241,0.170303345
2.626052856,-6.649673462,2.563262939,-0.436157227,-0.457458496,0.704818726
3.262542725,-6.59703064,3.211715698,-0.2449646,-0.659042358,0.726806641
1.094650269,-8.697921753,2.745117188,0.317016602,-0.607116699,0.180084229
2.377197266,-14.31866455,1.074920654,0.879638672,-0.767776489,0.138549805
4.157470703,-18.90092468,-1.607437134,0.009765625,-0.776931763,0.110458374
-2.083023071,-16.11328125,-0.757980347,0.009765625,-0.776931763,0.110458374
-3.547424316,-8.992248535,-0.133453369,-0.171035767,-0.681640625,-0.33241272
-1.664276123,-8.63331604,0.625076294,-0.38911438,-0.952255249,-0.049606323
-2.001663208,-11.24867249,-0.920700073,0.05619812,-0.385375977,0.509963989
-1.183319092,-9.76991272,-1.444717407,0.039703369,-0.361557007,0.582641602
-0.807647705,-8.372497559,-0.009033203,-0.656066895,-0.293762207,0.24118042
-1.032562256,-7.872406006,0.866744995,-0.371398926,-0.269927979,0.204528809
-1.080429077,-8.712280273,0.558074951,0.147827148,-0.39515686,0.350509644
-1.238357544,-9.956558228,-0.061676025,0.147827148,-0.39515686,0.350509644
-1.255096436,-10.21258545,-0.152603149,-0.04397583,-0.093399048,0.269882202
-1.499160767,-9.229141235,0.495849609,-0.375686646,-0.071395874,0.103729248
-1.767166138,-9.236312866,0.931350708,-0.285263062,-0.010314941,0.137329102
-1.468063354,-9.54737854,0.885879517,-0.285263062,-0.010314941,0.137329102
-0.431976318,-9.872802734,0.900238037,-0.11605835,0.107574463,0.214294434
0.328948975,-10.13122559,0.902633667,-0.154541016,0.180267334,0.222229004
0.372024536,-10.31547546,0.976806641,-0.342086792,0.249908447,0.077468872
0.520370483,-10.22215271,1.43862915,-0.522277832,0.558395386,-0.172988892
0.809906006,-9.894332886,1.632446289,-0.522277832,0.558395386,-0.172988892
0.108810425,-9.248275757,0.237426758,-0.062316895,0.959716797,-0.576766968
-2.573547363,-9.884765625,-1.695968628,-0.062316895,0.959716797,-0.576766968
-4.358596802,-9.98765564,-2.258285522,0.599243164,1.191238403,-0.684890747
-1.60206604,-10.47579956,-1.459075928,1.024398804,1.004318237,-0.089904785
1.676101685,-13.73721313,-1.861068726,1.846618652,0.894378662,-0.121673584
3.274505615,-12.95236206,-3.756195068,0.599868774,1.494232178,-0.727645874
2.633239746,-8.726638794,0.76625061,-0.519226074,0.651855469,-0.848587036
2.042205811,-8.286361694,0.995956421,-0.1484375,0.578552246,-0.515060425
1.979995728,-7.353164673,0.022079468,-0.056808472,-0.087890625,-0.104568481
2.214492798,-6.666427612,0.787780762,-0.474029541,-0.25831604,0.401824951
2.544708252,-6.412780762,1.888473511,-0.474029541,-0.25831604,0.401824951
2.72177124,-6.762130737,3.123168945,-0.374450684,-0.393936157,0.695648193
2.95866394,-8.85585022,2.7762146,0.485626221,-0.372543335,0.313873291
4.475708008,-12.26802063,2.122970581,0.825881958,-0.566192627,-0.202301025
5.920974731,-19.87240601,-1.265258789,0.395217896,-0.846588135,0.159927368
-0.238143921,-15.20161438,-1.997467041,-0.3775177,-0.904006958,-0.149765015
-3.162185669,-13.7348175,-0.710128784,-0.897964478,-1.131851196,-0.44909668
-0.965576172,-7.750366211,0.737533569,-0.897964478,-1.131851196,-0.44909668
-0.805252075,-9.528244019,0.409713745,-0.417221069,-0.7396698,-0.24810791
-2.93006897,-10.64569092,0.144104004,0.165542603,-0.561309814,0.134887695
-3.657501221,-9.178878784,-0.109527588,-0.109954834,-0.260147095,0.351745605
-1.635559082,-8.145187378,0.352279663,-0.109954834,-0.260147095,0.351745605
-0.652114868,-7.714477539,0.677703857,-0.283447266,0.254180908,0.110443115
-0.408035278,-8.188262939,0.019683838,0.143539429,-0.043914795,0.242401123
-0.092193604,-10.3441925,-0.131057739,0.19241333,-0.167312622,0.345016479
-0.123291016,-11.02375793,-0.224380493,0.018936157,-0.058578491,0.278427124
-0.166366577,-10.09294128,0.101043701,0.018936157,-0.058578491,0.278427124
-0.092193604,-9.923049927,0.471923828,-0.293823242,-0.083007813,0.140991211
-0.070648193,-10.16950989,0.670532227,-0.372009277,0.150939941,0.158096313
0.082489014,-10.53800964,0.998352051,-0.418441772,0.432556152,0.150161743
0.386383057,-9.832122803,1.522384644,-0.595596313,0.738601685,-0.102737427
0.099243164,-9.54737854,1.43145752,-0.635894775,0.871765137,-0.220016479
-0.199859619,-9.970916748,0.912200928,-0.408065796,0.854660034,-0.202911377
-0.096969604,-10.1910553,0.184783936,0.296264648,0.577331543,-0.071578979
-0.254898071,-10.04508972,-2.401855469,0.97064209,0.467987061,0.192306519
-0.331466675,-9.229141235,-2.471237183,0.97064209,0.467987061,0.192306519
0.824264526,-11.50949097,-1.652893066,1.189941406,0.139343262,0.126327515
2.123565674,-13.41178894,-2.586105347,1.338394165,0.646362305,-0.234069824
2.039810181,-10.77011108,-1.339431763,0.225402832,0.624359131,-0.400222778
1.606719971,-9.059249878,1.534347534,0.184463501,0.296951294,-0.453979492
1.664138794,-9.32244873,-0.489990234,0.114227295,0.414230347,-0.274383545
1.712005615,-9.061630249,-0.499557495,0.114227295,0.414230347,-0.274383545
2.03503418,-8.898925781,0.268539429,-0.137435913,-0.025588989,-0.085021973
1.877105713,-7.300521851,1.378814697,-0.515563965,-0.075668335,0.3175354
2.896453857,-5.833724976,2.615890503,-0.623077393,-0.362167358,0.7628479
4.140716553,-6.494140625,3.618484497,-0.135604858,-0.45135498,0.462310791
2.659561157,-9.762741089,2.158874512,0.307250977,-0.649871826,0.129379272
2.898834229,-19.49673462,-1.205444336,0.307250977,-0.649871826,0.129379272
-1.690597534,-15.40501404,-1.133651733,-0.328033447,-0.669433594,-0.337295532
-1.865264893,-9.152557373,0.175216675,-0.328033447,-0.669433594,-0.337295532
-0.764572144,-8.339004517,0.215896606,-0.15637207,-0.57963562,-0.157104492
-2.386901855,-10.71269226,0.156082153,-0.15637207,-0.57963562,-0.157104492
-2.815216064,-9.32963562,-0.066452026,0.298095703,-0.545425415,0.216125488
-1.530273438,-9.052062988,0.313995361,-0.061691284,-0.383544922,0.331588745
-1.472854614,-8.922851563,0.108215332,-0.2290802,0.267623901,0.057312012
-1.228775024,-9.676589966,-0.351196289,-0.115447998,0.185150146,0.128158569
-0.843536377,-10.48057556,-0.14302063,-0.115447998,0.185150146,0.128158569
-0.537246704,-9.937408447,0.156082153,-0.129501343,0.128341675,0.374343872
-0.91053772,-9.54498291,-0.154998779,-0.302383423,0.26272583,0.255218506
-0.759780884,-10.24369812,0.266143799,-0.487472534,0.184539795,0.120223999
-0.187896729,-10.34179688,0.878707886,-0.444107056,0.312820435,0.089675903
0.147094727,-9.939804077,1.335739136,-0.37689209,0.546173096,-0.000106812
0.479690552,-9.104705811,1.615692139,-0.37689209,0.546173096,-0.000106812
1.020477295,-8.41557312,1.414703369,-0.346359253,0.649398804,-0.197418213
1.788574219,-8.819961548,1.182601929,-0.238845825,0.616424561,-0.399002075
1.757461548,-9.489959717,1.551086426,-0.006118774,0.915740967,-0.363571167
0.584976196,-9.274597168,0.725570679,-0.006118774,0.915740967,-0.363571167
-0.800460815,-9.956558228,-1.150405884,0.291976929,0.667739868,-0.376403809
-1.228775024,-11.5118866,-2.978515625,0.799606323,0.28717041,0.099456787
-0.357788086,-10.66242981,-3.220199585,0.799606323,0.28717041,0.099456787
0.723770142,-11.79185486,-2.356384277,1.451400757,-0.084228516,0.17276001
0.967834473,-12.48098755,-2.471237183,1.441635132,0.42401123,-0.265213013
2.063751221,-11.72485352,-1.282012939,0.258987427,0.266387939,-0.458251953
2.011108398,-8.697921753,1.007919312,0.142929077,-0.013977051,-0.40083313
1.532531738,-9.420562744,0.948104858,0.142929077,-0.013977051,-0.40083313
1.960861206,-9.183670044,-0.40145874,0.274871826,-0.078125,-0.271331787
1.762252808,-9.190856934,0.593963623,0.028106689,-0.17829895,-0.10395813
1.432037354,-8.305511475,1.055770874,-0.648132324,-0.479446411,0.434814453
1.436828613,-7.097122192,1.66355896,-0.630401611,-0.770843506,0.57043457
2.405914307,-6.422348022,2.477111816,-0.630401611,-0.770843506,0.57043457
2.669128418,-8.807998657,2.57522583,-0.091018677,-0.529541016,0.235671997
2.398742676,-12.01199341,1.555877686,0.640792847,-0.422027588,-0.085632324
3.319976807,-16.40281677,-0.762771606,0.232727051,-0.907043457,-0.110061646
1.073120117,-12.11965942,0.266143799,0.232727051,-0.907043457,-0.110061646
0.168624878,-10.14079285,0.993560791,-0.32131958,-0.721359253,-0.281723022
-0.338653564,-10.55714417,-0.528274536,-0.094070435,-0.803207397,-0.245666504
-1.829376221,-10.45904541,-2.380310059,-0.302368164,-0.780609131,-0.013565063
-2.958786011,-9.1118927,-0.255493164,-0.517410278,-0.999298096,0.288818359
-1.396270752,-7.829330444,1.843017578,-0.517410278,-0.999298096,0.288818359
-1.030181885,-9.463638306,0.802139282,0.0677948,-0.004196167,0.174591064
-0.90814209,-10.6696167,-0.449310303,0.185089111,-0.054916382,0.373123169
-0.199859619,-9.868011475,-0.073638916,0.022598267,-0.177688599,0.459869385
0.290664673,-9.035308838,0.369033813,-0.166763306,0.02571106,0.258895874
0.197341919,-9.054458618,0.51499939,-0.270614624,0.180892944,0.051193237
0.137527466,-9.219558716,0.787780762,-0.270614624,0.180892944,0.051193237
-0.058685303,-9.631134033,1.031845093,-0.142944336,0.191879272,0.007827759
-0.173538208,-10.55236816,1.129959106,-0.199127197,0.314056396,0.05241394
-0.276428223,-11.35395813,1.455383301,-0.352462769,0.541900635,0.105560303
0.092056274,-10.70550537,1.515197754,-0.352462769,0.541900635,0.105560303
-0.073043823,-10.56672668,1.213699341,-0.557098389,0.662841797,-0.054473877
0.22366333,-10.82514954,1.390777588,-0.661560059,0.794189453,-0.218185425
0.884078979,-10.90411377,1.089279175,-0.369567871,0.628631592,-0.247512817
0.943908691,-10.01158142,0.158462524,0.271224976,0.381240845,-0.071578979
0.254776001,-9.142990112,-1.53086853,0.271224976,0.381240845,-0.071578979
-0.259689331,-7.850875854,-2.466461182,0.716537476,0.301834106,0.040817261
-0.099365234,-9.384674072,-1.755783081,0.997543335,0.270675659,-0.123504639
1.843612671,-13.60800171,-1.861068726,1.326782227,0.745315552,-0.417922974
2.243209839,-13.40460205,-2.485595703,0.565658569,0.733093262,-0.414886475
2.465744019,-9.152557373,0.036437988,0.565658569,0.733093262,-0.414886475
2.092453003,-9.77947998,0.890670776,0.11239624,0.315261841,-0.486358643
1.934539795,-9.592849731,-0.076034546,0.006103516,0.489974976,-0.394729614
1.836425781,-8.645278931,0.414505005,-0.22845459,0.196151733,-0.177871704
2.102035522,-7.28137207,0.804534912,-0.514343262,0.040985107,0.11656189
2.374816895,-6.218963623,1.302230835,-0.689056396,-0.332839966,0.527664185
2.7265625,-5.623153687,2.206726074,-0.689056396,-0.332839966,0.527664185
3.252975464,-7.642700195,3.429458618,-0.262054443,-0.50328064,0.629669189
2.360458374,-10.77011108,2.78817749,0.508224487,-0.360336304,0.19291687
4.042602539,-14.59863281,-0.705337524,0.981658936,-0.549697876,0.092727661
-0.140045166,-25.71807861,-2.909133911,0.115447998,-0.372558594,-0.508346558
-3.159790039,-5.764328003,-1.497360229,-1.095275879,-1.249755859,-0.422210693
-0.762176514,-9.389450073,2.699645996,-1.095275879,-1.249755859,-0.422210693
-1.279022217,-12.1005249,-0.679016113,0.448974609,-0.478851318,0.276000977
-2.358184814,-9.698120117,-1.782104492,0.448974609,-0.478851318,0.276000977
-1.606842041,-7.436904907,-0.056884766,-0.388504028,-0.444015503,0.231399536
-1.750411987,-7.085159302,0.916992188,-0.307876587,-0.034744263,0.095779419
-1.032562256,-7.939407349,0.412109375,0.22845459,-0.053070068,0.197799683
-0.417617798,-9.798629761,-0.690979004,0.22845459,-0.053070068,0.197799683
0.113601685,-10.49493408,-0.324874878,-0.068405151,-0.08605957,0.137329102
-0.00843811,-9.956558228,0.019683838,-0.367736816,-0.175247192,0.126342773
0.178207397,-10.02593994,0.242218018,-0.367736816,-0.175247192,0.126342773
0.261947632,-10.40640259,1.182601929,-0.496643066,0.136291504,-0.034317017
0.350479126,-10.70310974,1.452987671,-0.458145142,0.547393799,-0.275604248
0.259552002,-10.70310974,1.218490601,-0.659713745,0.49546814,-0.346466064
0.455764771,-10.3944397,1.352493286,-0.520462036,0.439880371,-0.275619507
0.852981567,-9.456451416,0.933746338,0.009765625,0.272521973,-0.077682495
0.513198853,-9.690948486,0.093856812,0.009765625,0.272521973,-0.077682495
-0.23097229,-9.714874268,-1.047515869,0.49357605,0.231582642,0.135498047
-0.869857788,-9.245880127,-1.672042847,0.49357605,0.231582642,0.135498047
-0.264465332,-8.496932983,-2.047714233,0.981033325,0.127731323,0.373123169
2.011108398,-11.68656921,-1.808425903,1.689041138,0.077041626,-0.183364868
2.824661255,-14.49095154,-2.480819702,0.039108276,0.204101563,-0.316543579
1.769424438,-9.10949707,1.230453491,-0.150894165,-0.164245605,-0.405105591
1.972824097,-10.07380676,1.474517822,-0.150894165,-0.164245605,-0.405105591
1.79574585,-9.98765564,-0.592880249,0.121551514,-0.100723267,-0.200469971
2.133132935,-8.61895752,-0.372741699,-0.097747803,-0.210067749,-0.049591064
1.508605957,-7.752761841,0.845214844,-0.436157227,-0.256484985,0.155654907
1.532531738,-7.439300537,1.740127563,-0.339630127,-0.316360474,0.422592163
2.161849976,-7.209594727,2.443618774,-0.178359985,-0.441574097,0.514221191
2.748092651,-7.599624634,3.001144409,-0.128890991,-0.492294312,0.35723877
2.623672485,-9.494735718,3.317001343,0.244949341,-0.361557007,0.188034058
2.657165527,-12.08856201,2.022476196,0.244949341,-0.361557007,0.188034058
2.989761353,-16.05107117,-0.85609436,0.533874512,-0.583908081,0.24911499
-0.262084961,-16.74499512,-1.688796997,0.533874512,-0.583908081,0.24911499
-2.04473877,-10.13841248,-0.927871704,-0.635284424,-0.97303772,-0.215118408
-1.063674927,-10.01876831,0.203933716,-0.635284424,-0.97303772,-0.215118408
-3.078430176,-9.729232788,-0.329666138,-0.10383606,-0.461120605,0.401824951
-2.516113281,-8.846282959,-0.123886108,-0.10383606,-0.461120605,0.401824951
-1.448913574,-8.406005859,0.421676636,-0.31703186,-0.219223022,0.371902466
-1.030181885,-8.188262939,0.400146484,-0.202194214,0.121627808,0.214294434
-0.396072388,-8.516067505,-0.229171753,-0.054977417,0.044662476,0.20085144
-0.544433594,-9.415771484,-0.346420288,-0.054977417,0.044662476,0.20085144
-0.860290527,-9.650268555,-0.044921875,-0.129501343,-0.051239014,0.170913696
-0.982315063,-9.602416992,0.342712402,-0.246185303,-0.006652832,0.16053772
-0.932067871,-10.03312683,0.608322144,-0.253509521,0.157043457,0.117782593
-0.877029419,-10.36094666,0.639419556,-0.253509521,0.157043457,0.117782593
-0.68560791,-10.3561554,0.809310913,-0.216247559,0.449035645,0.111053467
-0.494186401,-9.872802734,0.926559448,-0.26083374,0.642700195,0.139770508
-0.219009399,-9.78187561,1.129959106,-0.304824829,0.743484497,0.093353271
0.640014648,-10.11447144,1.278305054,-0.335357666,0.777084351,-0.038589478
1.82925415,-10.71986389,1.153884888,-0.299316406,0.665298462,-0.279281616
2.341308594,-10.84667969,0.950485229,-0.299316406,0.665298462,-0.279281616
0.434234619,-10.46144104,0.653778076,-0.375671387,0.730041504,-0.437469482
-0.783706665,-9.370315552,-0.846511841,-0.210128784,0.767318726,-0.322647095
-2.379730225,-8.63331604,-1.892181396,0.385452271,0.5962677,-0.193756104
-1.994476318,-8.149978638,-2.229568481,1.074493408,0.705596924,-0.095397949
-0.68321228,-10.68637085,-2.277420044,1.074493408,0.705596924,-0.095397949
0.580200195,-13.8616333,-2.607635498,1.555236816,0.376953125,-0.162582397
2.499237061,-12.53840637,-2.945022583,1.087936401,0.45942688,-0.173583984
2.616485596,-8.078186035,1.292663574,0.189361572,0.54006958,-0.494308472
2.279098511,-10.17190552,0.215896606,0.300537109,0.494247437,-0.559036255
1.79335022,-10.10490417,-0.705337524,0.300537109,0.494247437,-0.559036255
1.434432983,-9.080780029,0.522171021,-0.060470581,0.237091064,-0.422821045
1.463150024,-7.929824829,0.921783447,-0.6065979,-0.080551147,-0.083786011
1.57321167,-7.192840576,1.397949219,-1.010360718,-0.199066162,0.395721436
2.192962646,-5.986862183,2.33114624,-0.873535156,-0.323684692,0.61807251
3.296051025,-5.718856812,3.171035767,0.326797485,-0.124542236,0.206359863
1.975204468,-8.331832886,3.400741577,0.326797485,-0.124542236,0.206359863
3.528152466,-16.08457947,0.282897949,1.159408569,-0.550308228,-0.104553223
3.568832397,-19.24310303,-3.650909424,0.16003418,-0.469070435,-0.044692993
-0.513320923,-13.33282471,-1.217407227,0.16003418,-0.469070435,-0.044692993
-1.726486206,-7.331619263,1.117996216,-0.704330444,-0.852081299,-0.394729614
-0.747817993,-7.566116333,0.952880859,-0.295043945,-0.853302002,-0.254837036
-0.948822021,-9.434921265,-0.372741699,0.492950439,-0.49899292,-0.10395813
-2.04473877,-10.13601685,-1.150405884,0.43371582,-0.655990601,0.137329102
-0.970352173,-9.176498413,-0.652694702,0.047027588,-0.55581665,0.014541626
-0.958389282,-9.018569946,0.07472229,-0.088577271,-0.363388062,0.007827759
-1.073242188,-10.04986572,-0.018600464,-0.088577271,-0.363388062,0.007827759
-0.68800354,-11.19125366,-0.188491821,0.081848145,-0.284591675,0.153213501
-0.197479248,-10.60261536,0.158462524,-0.108123779,-0.174636841,0.24118042
-0.345825195,-10.14318848,0.345108032,-0.356750488,-0.095825195,0.149551392
-0.776535034,-9.937408447,0.558074951,-0.356750488,-0.095825195,0.149551392
-0.91293335,-9.822555542,1.027069092,-0.33291626,0.033050537,0.133056641
-0.92250061,-9.824951172,1.845413208,-0.266937256,0.413009644,0.166046143
-0.67124939,-10.07618713,2.003341675,-0.197921753,0.799682617,0.093338013
-0.032363892,-10.08576965,1.366836548,-0.293823242,0.854660034,0.016387939
0.403121948,-10.16711426,0.902633667,-0.243743896,0.579162598,0.037765503
1.183181763,-10.20062256,0.388183594,-0.243743896,0.579162598,0.037765503
1.307617188,-10.42315674,0.28767395,-0.114837646,0.342758179,0.096405029
0.759658813,-9.810592651,-0.260269165,0.160644531,0.277404785,0.222854614
-0.984710693,-9.377487183,-1.222183228,0.635284424,0.173538208,0.327911377
-0.546829224,-9.171707153,-1.243728638,1.142303467,0.100250244,0.188018799
1.965637207,-9.793838501,-0.241134644,1.305404663,-0.137374878,-0.068527222
4.458953857,-13.4213562,-0.071243286,1.354263306,0.39956665,-0.480239868
3.741119385,-12.85665894,-1.164764404,-0.061096191,0.474105835,-0.540710449
1.597137451,-10.79403687,0.471923828,-0.331695557,-0.129425049,-0.437484741
1.235824585,-10.53321838,1.060562134,-0.216247559,-0.144699097,-0.13999939
1.910598755,-9.305709839,0.105819702,-0.216247559,-0.144699097,-0.13999939
2.147491455,-8.252868652,0.012512207,-0.216247559,-0.144699097,-0.13999939
1.726364136,-7.477584839,0.658569336,-0.422103882,-0.147750854,0.034088135
1.324356079,-6.905700684,1.218490601,-0.551605225,-0.213119507,0.217956543
1.369827271,-6.759735107,1.792770386,-0.514343262,-0.286422729,0.408538818
2.551879883,-6.702316284,2.371826172,-0.428222656,-0.409194946,0.546600342
3.066345215,-9.217163086,2.527359009,0.061096191,-0.43913269,0.428710938
2.228851318,-16.79045105,-0.535446167,0.651168823,-0.544204712,0.220397949
-1.826980591,-13.66304016,-0.217208862,-0.085525513,-0.331619263,-0.273178101
0.037017822,-9.463638306,0.364257813,-0.716537476,-0.816650391,-0.215118408
0.584976196,-9.726837158,1.096450806,-0.130737305,-0.526489258,0.040817261
-0.936859131,-10.33700562,-0.767547607,-0.045822144,-0.500228882,0.129379272
-3.241149902,-9.126251221,-1.569152832,-0.045822144,-0.500228882,0.129379272
-2.585510254,-8.370117188,0.603530884,-0.045822144,-0.500228882,0.129379272
-1.884414673,-8.231323242,1.409912109,-0.383010864,-0.652938843,0.274154663
-1.616409302,-8.463424683,0.402542114,-0.111785889,-0.076278687,0.128173828
-1.223999023,-9.573699951,-0.233947754,0.120941162,0.23034668,0.13671875
-0.790893555,-10.42315674,-0.097564697,0.128265381,0.301223755,0.137329102
-1.197677612,-10.16473389,0.019683838,0.009765625,0.251739502,0.148925781
-1.37713623,-9.908691406,0.27571106,0.009765625,0.251739502,0.148925781
-1.085205078,-10.21018982,0.412109375,-0.199127197,0.351303101,0.136108398
-0.786102295,-10.63372803,0.711212158,-0.16859436,0.419723511,0.119003296
-0.427185059,-10.48536682,0.73034668,-0.166763306,0.54006958,0.179473877
-0.429580688,-10.32983398,0.7447052,-0.324371338,0.705612183,0.157485962
-0.309936523,-10.08097839,0.919387817,-0.324371338,0.705612183,0.157485962
0.101623535,-9.698120117,1.299850464,-0.507629395,0.806396484,0.053634644
0.506011963,-9.394241333,1.43862915,-0.428833008,0.986602783,-0.070358276
1.128158569,-9.741195679,1.378814697,-0.354904175,0.984176636,-0.125946045
1.59236145,-9.243484497,1.156280518,-0.288330078,0.898025513,-0.207199097
1.226257324,-8.85824585,-0.210021973,0.040313721,0.705612183,-0.280502319
-0.951217651,-10.30830383,-1.772537231,0.583969116,0.591995239,-0.113723755
-1.692993164,-10.45904541,-1.612213135,0.978591919,0.535797119,0.177032471
-0.161575317,-10.85624695,-1.51171875,1.38053894,0.056259155,-0.08807373
0.946289063,-12.13162231,-2.20085144,0.944992065,0.252960205,-0.265213013
3.020874023,-12.92126465,-2.65788269,0.944992065,0.252960205,-0.265213013
3.193161011,-10.20062256,-0.60723877,0.944992065,0.252960205,-0.265213013
1.12097168,-10.97828674,1.22088623,0.076965332,0.344589233,-0.319580078
1.386581421,-9.592849731,-0.329666138,0.147216797,0.170501709,-0.384338379
2.099639893,-9.025741577,-0.052093506,0.086135864,-0.04574585,-0.31652832
1.889068604,-8.573501587,0.51260376,-0.213806152,-0.123321533,-0.187026978
1.542114258,-7.972900391,0.931350708,-0.503356934,-0.403701782,0.172149658
1.566040039,-7.164123535,1.8956604,-0.59803772,-0.745788574,0.471466064
2.370025635,-6.419967651,2.797744751,-0.59803772,-0.745788574,0.471466064
3.214691162,-7.238311768,2.678115845,-0.362854004,-0.699966431,0.422592163
1.554077148,-12.64369202,1.017486572,0.335357666,-0.494110107,0.04447937
1.295654297,-21.76991272,-1.880218506,0.651779175,-0.540542603,-0.225509644
-1.369949341,-10.57868958,-1.695968628,0.651779175,-0.540542603,-0.225509644
0.271514893,-8.910888672,1.596557617,-0.676223755,-0.731124878,-0.059967041
0.431838989,-8.669219971,0.759063721,-0.117904663,-0.641937256,-0.003158569
-2.427581787,-10.09773254,-1.315505981,0.191192627,-0.590637207,-0.017822266
-2.561584473,-9.600021362,-0.152603149,-0.347579956,-0.787322998,0.230194092
-1.310134888,-9.126251221,1.665939331,-0.173492432,-0.426315308,0.271102905
-1.290985107,-8.87260437,0.737533569,-0.173492432,-0.426315308,0.271102905
-1.511138916,-9.647872925,-0.054489136,0.045806885,-0.03414917,0.128158569
-1.113922119,-10.08337402,-0.334457397,0.05557251,0.315261841,0.057296753
-1.135452271,-10.157547,0.105819702,-0.12828064,0.30305481,0.043258667
-1.204849243,-10.40161133,0.079498291,-0.251052856,0.43989563,0.079299927
-0.266860962,-10.19343567,0.177612305,-0.398895264,0.515029907,0.055465698
-0.039550781,-9.918273926,0.500640869,-0.398895264,0.515029907,0.055465698
-0.364974976,-10.28436279,0.541320801,-0.381164551,0.657958984,0.034088135
-0.168762207,-10.38487244,0.596359253,-0.477096558,0.64453125,0.079910278
0.941513062,-9.571304321,1.211303711,-0.570541382,0.68850708,0.027374268
1.475112915,-8.85824585,1.639633179,-0.447753906,0.795410156,-0.153427124
1.202331543,-8.901321411,1.551086426,-0.200363159,0.728210449,-0.229797363
0.991760254,-9.54258728,1.364456177,0.02381897,0.544952393,-0.32875061
1.778991699,-9.791442871,0.105819702,0.02381897,0.544952393,-0.32875061
0.943908691,-11.04049683,-1.863464355,0.392776489,0.31892395,-0.106994629
-0.431976318,-10.24607849,-2.361175537,0.392776489,0.31892395,-0.106994629
-0.565963745,-9.53062439,-1.76776123,0.784957886,0.111236572,0.269882202
-0.338653564,-11.38267517,-2.495178223,1.209487915,-0.145309448,0.018829346
0.960647583,-13.1078949,-2.973739624,0.85824585,-0.166091919,-0.227340698
2.154678345,-10.05705261,-0.229171753,0.059860229,-0.112930298,-0.14793396
1.092254639,-8.963531494,0.948104858,0.523498535,-0.056732178,-0.194366455
1.511001587,-9.631134033,-0.982910156,0.602310181,-0.024978638,-0.216964722
1.953674316,-9.56652832,0.402542114,0.138656616,-0.412261963,-0.213302612
1.314788818,-8.949172974,0.799743652,0.138656616,-0.412261963,-0.213302612
0.692657471,-8.530426025,1.113204956,-0.356124878,-0.410415649,-0.034927368
0.867340088,-7.657043457,1.553482056,-0.422714233,-0.482513428,0.257049561
1.597137451,-6.970306396,2.11340332,-0.382385254,-0.550308228,0.452529907
2.26234436,-7.783874512,2.771438599,-0.110549927,-0.436080933,0.359069824
2.48248291,-9.434921265,2.721176147,0.365890503,-0.365219116,0.097625732
2.681091309,-10.65046692,2.187576294,0.548553467,-0.621170044,0.105560303
3.109405518,-13.84967041,0.742324829,0.548553467,-0.621170044,0.105560303
0.307418823,-15.54139709,-2.339645386,0.104446411,-0.497177124,-0.047149658
-2.602264404,-16.8837738,-2.145812988,0.104446411,-0.497177124,-0.047149658
-2.027984619,-6.83392334,0.278106689,-0.868652344,-1.208206177,-0.287216187
-2.092590332,-10.81318665,1.792770386,0.472183228,-0.27053833,0.198425293
-3.64074707,-11.40660095,-1.188690186,0.40133667,-0.015808105,0.403671265
-0.561187744,-9.501922607,-1.222183228,-0.492965698,0.380630493,0.108612061
-0.092193604,-8.362930298,0.213500977,-0.336578369,0.056259155,0.181915283
-0.295578003,-8.260040283,0.756668091,-0.336578369,0.056259155,0.181915283
-0.061080933,-8.989852905,-0.236343384,0.149047852,-0.096435547,0.234451294
-0.489395142,-10.54518127,-0.255493164,-0.098342896,0.018386841,0.075622559
-0.987106323,-10.3944397,0.168045044,-0.30909729,-0.117828369,0.135498047
-1.276641846,-10.02593994,0.74949646,-0.327423096,0.199813843,0.162979126
-1.173736572,-9.868011475,0.919387817,-0.327423096,0.199813843,0.162979126
-0.376937866,-9.975692749,0.890670776,-0.251663208,0.482650757,0.129379272
0.046600342,-10.40879822,0.864349365,-0.284042358,0.519302368,0.123275757
-0.283615112,-10.49972534,0.76625061,-0.442871094,0.583435059,0.057922363
-0.364974976,-10.27479553,0.622680664,-0.442871094,0.583435059,0.057922363
0.467727661,-9.370315552,0.943313599,-0.578491211,0.607269287,-0.006225586
0.986968994,-9.085571289,1.247207642,-0.565658569,0.631698608,-0.063034058
1.187973022,-9.186065674,0.804534912,-0.372009277,0.667739868,-0.175430298
0.503631592,-10.71986389,-0.655090332,0.009155273,0.513793945,-0.111282349
-0.747817993,-12.01437378,-2.531066895,0.009155273,0.513793945,-0.111282349
-0.542037964,-8.812789917,-2.41859436,0.890625,0.276779175,0.121444702
0.319381714,-8.707504272,-1.401657104,0.890625,0.276779175,0.121444702
1.393753052,-11.16253662,-1.650512695,1.042739868,0.110031128,-0.141830444
2.389175415,-13.00500488,-2.18649292,1.133132935,0.25112915,-0.256668091
1.721572876,-10.43032837,-2.152999878,0.202194214,0.294494629,-0.273773193
0.747695923,-8.992248535,0.09147644,0.202194214,0.294494629,-0.273773193
1.187973022,-9.178878784,0.170425415,0.171646118,0.084365845,-0.354415894
1.460754395,-8.992248535,-0.315307617,0.133163452,0.133850098,-0.245071411
1.57321167,-8.142791748,0.318786621,-0.053756714,-0.099487305,-0.094787598
1.168823242,-7.836517334,0.565246582,-0.271835327,-0.249160767,0.22895813
1.302825928,-8.027938843,1.950698853,-0.518005371,-0.4427948,0.533782959
2.128356934,-7.996826172,2.390975952,-0.356750488,-0.466018677,0.639465332
3.62147522,-8.307891846,2.852783203,0.376281738,-0.478225708,0.280258179
1.549285889,-11.15534973,2.079910278,0.376281738,-0.478225708,0.280258179
1.159255981,-20.90611267,-2.088394165,1.105651855,-0.484329224,-0.166885376
0.44859314,-18.03710938,-2.399459839,-0.092254639,-0.342010498,-0.183349609
-0.204650879,-7.140197754,-0.848907471,-1.060455322,-1.134307861,0.008453369
-0.44631958,-6.898529053,1.369232178,-0.344528198,-0.921096802,0.230789185
-2.465866089,-8.767318726,0.148895264,0.209518433,-0.53565979,0.158096313
-3.616821289,-9.674194336,-0.38470459,0.209518433,-0.53565979,0.158096313
-2.001663208,-8.673995972,0.242218018,-0.171661377,-0.502044678,0.277206421
-1.104354858,-7.733627319,0.414505005,-0.150878906,-0.006652832,0.190460205
-1.551803589,-9.633514404,0.05317688,0.190567017,-0.00541687,0.137329102
-1.685806274,-11.96652222,-0.746017456,0.195465088,-0.117218018,0.230178833
-1.209640503,-10.42315674,0.110610962,-0.293823242,0.218139648,0.206359863
-1.042144775,-10.33940125,0.180007935,-0.4453125,0.328704834,0.10067749
-0.865066528,-10.63850403,0.012512207,-0.4453125,0.328704834,0.10067749
-0.264465332,-10.33222961,0.625076294,-0.495422363,0.411178589,0.134887695
0.139907837,-8.925247192,1.632446289,-0.406829834,0.755706787,-0.125335693
0.068130493,-8.578292847,1.484085083,-0.226013184,0.795410156,-0.301269531
0.965438843,-9.683776855,0.672927856,-0.226013184,0.795410156,-0.301269531
1.743103027,-9.992446899,0.469528198,-0.135604858,0.686676025,-0.426483154
1.298034668,-10.57868958,-0.511520386,0.043365479,0.616424561,-0.619522095
-0.056289673,-10.47819519,-1.796463013,0.372619629,0.496078491,-0.599365234
-1.247924805,-9.291351318,-2.66506958,0.830154419,0.337265015,-0.292098999
-0.649719238,-8.793640137,-1.471038818,0.830154419,0.337265015,-0.292098999
-0.106552124,-11.06921387,-1.078613281,1.335327148,0.207748413,-0.41305542
1.376998901,-13.51707458,-2.358779907,1.126419067,0.502792358,-0.454574585
1.910598755,-10.52844238,-1.081008911,0.23274231,0.305496216,-0.267654419
1.537322998,-9.403808594,1.44102478,0.243728638,0.369628906,-0.278671265
1.690460205,-9.351165771,0.364257813,0.243728638,0.369628906,-0.278671265
2.137924194,-9.183670044,-0.346420288,0.062911987,0.196762085,-0.180923462
1.984786987,-8.585464478,0.646606445,-0.273666382,-0.056137085,0.021270752
1.57800293,-7.848480225,1.022277832,-0.535110474,-0.283966064,0.444580078
1.800537109,-7.482376099,2.154083252,-0.672561646,-0.582687378,0.707260132
2.783981323,-7.341201782,3.187774658,-0.301147461,-0.525878906,0.574707031
2.458557129,-9.923049927,3.048995972,0.432479858,-0.342010498,0.109832764
2.898834229,-12.45944214,0.29006958,0.761734009,-0.675537109,-0.114334106
1.673721313,-16.76412964,-1.853897095,0.761734009,-0.675537109,-0.114334106
-1.415420532,-16.07022095,-1.772537231,0.076950073,-0.395767212,-0.171142578
-2.420410156,-8.575897217,-0.226776123,-0.490524292,-0.943099976,-0.072799683
-0.759780884,-10.60261536,1.067733765,0.029312134,-0.599182129,0.162368774
-2.434768677,-10.30351257,-1.703140259,-0.055587769,-0.379272461,0.245452881
-2.05670166,-8.65246582,-0.370346069,-0.055587769,-0.379272461,0.245452881
-1.156997681,-7.446487427,0.194366455,-0.436141968,-0.125762939,0.169708252
-0.362579346,-7.96812439,-0.061676025,-0.261444092,-0.050628662,0.04447937
-0.137649536,-9.812988281,-0.131057739,-0.014663696,-0.164245605,0.173980713
-0.324295044,-10.45187378,0.194366455,-0.032989502,-0.023147583,0.194137573
-0.66885376,-10.00920105,0.373825073,-0.234573364,-0.056137085,0.062194824
-0.884216309,-9.903915405,0.447998047,-0.277938843,0.178436279,0.007217407
-0.458297729,-10.41357422,1.156280518,-0.281005859,0.420349121,-0.028213501
-0.202255249,-10.50689697,1.670730591,-0.281005859,0.420349121,-0.028213501
-0.326690674,-10.3441925,1.723373413,-0.381774902,0.807617188,-0.064254761
-0.065872192,-10.46621704,1.689880371,-0.554046631,0.839996338,-0.1277771
0.44380188,-10.52365112,1.240020752,-0.543060303,0.750213623,-0.187637329
0.8984375,-10.08097839,0.0675354,-0.439804077,0.633529663,-0.1925354
0.790756226,-9.683776855,-0.963760376,-0.078796387,0.351303101,-0.106399536
0.338516235,-10.1192627,-1.712722778,-0.078796387,0.351303101,-0.106399536
-0.046722412,-9.891952515,-2.325286865,0.554046631,0.160110474,0.081130981
0.034637451,-8.379684448,-1.628967285,0.960250854,0.201034546,0.106170654
1.111404419,-10.26043701,-0.923080444,1.10748291,0.296951294,-0.209625244
2.011108398,-12.815979,-1.803649902,1.10748291,0.296951294,-0.209625244
1.790969849,-12.265625,-2.495178223,0.026870728,0.137512207,-0.296386719
1.776611328,-8.212188721,0.52456665,0.026870728,0.137512207,-0.296386719
1.877105713,-9.164535522,1.086883545,0.132553101,0.027557373,-0.309814453
2.329345703,-8.796035767,-0.411026001,0.063522339,0.016555786,-0.242630005
2.305419922,-8.394042969,0.036437988,-0.161880493,-0.257705688,-0.088668823
1.743103027,-7.477584839,0.756668091,-0.161880493,-0.257705688,-0.088668823
1.384185791,-6.996627808,1.194564819,-0.337799072,-0.478851318,0.303482056
1.750289917,-7.231124878,2.072723389,-0.481964111,-0.615066528,0.587539673
3.470718384,-7.96333313,3.135147095,-0.169815063,-0.57963562,0.577758789
2.135528564,-10.53561401,2.735534668,0.556472778,-0.577804565,0.131835938
1.070724487,-16.31188965,0.07711792,1.042114258,-0.541152954,-0.066696167
0.616088867,-18.65686035,-2.064468384,1.042114258,-0.541152954,-0.066696167
0.106414795,-9.887161255,-0.961380005,0.231506348,-0.238769531,-0.154647827
-0.738250732,-9.614379883,0.543716431,-0.627960205,-1.01701355,-0.246902466
-1.850906372,-10.91607666,-0.064056396,-0.243728638,-0.87651062,0.167266846
-2.542434692,-9.731628418,-0.39666748,-0.167984009,-0.710968018,0.37739563
-1.015823364,-8.219360352,0.349899292,-0.486251831,-0.356674194,0.18069458
-0.649719238,-7.429733276,0.242218018,-0.299942017,-0.447677612,0.070129395
-0.891387939,-8.513687134,0.022079468,-0.299942017,-0.447677612,0.070129395
-0.427185059,-9.437316895,-0.15737915,-0.023208618,-0.402481079,0.274169922
-0.436752319,-10.2293396,0.211105347,0.00793457,-0.253433228,0.286987305
-0.436752319,-10.67678833,0.694458008,-0.294433594,-0.269317627,0.153213501
-0.927276611,-10.01637268,1.019882202,-0.502746582,-0.123931885,0.211853027
-0.936859131,-9.229141235,1.378814697,-0.444702148,0.133224487,0.216125488
-0.647323608,-8.925247192,1.850189209,-0.444702148,0.133224487,0.216125488
-0.692779541,-8.688354492,1.850189209,-0.362243652,0.520523071,-0.010498047
-0.477432251,-9.384674072,0.610717773,-0.186920166,0.657958984,-0.384338379
0.075302124,-12.26083374,-0.700561523,-0.186920166,0.657958984,-0.384338379
0.343307495,-12.29434204,-1.918502808,0.051315308,0.538238525,-0.315917969
-0.740646362,-10.10250854,-1.930465698,0.678665161,0.50402832,-0.052032471
-0.147216797,-8.152359009,-1.698364258,0.678665161,0.50402832,-0.052032471
1.922561646,-10.33222961,-1.368148804,1.373809814,0.135070801,-0.177856445
2.829452515,-15.18247986,-2.605239868,1.386032104,0.527236938,-0.431365967
1.269332886,-9.571304321,-1.710327148,-0.219299316,0.373901367,-0.381286621
0.563446045,-8.664428711,0.962463379,-0.259002686,0.247467041,-0.358078003
1.018081665,-7.822158813,0.52456665,-0.259002686,0.247467041,-0.358078003
1.396148682,-7.491943359,-0.458877563,0.00793457,0.152160645,-0.207183838
1.288467407,-7.082778931,0.163253784,-0.222351074,0.216308594,-0.053863525
1.278900146,-6.893737793,0.938522339,-0.376907349,-0.003585815,0.266830444
1.972824097,-7.537414551,1.919586182,-0.277328491,-0.188079834,0.492858887
3.233840942,-8.85345459,2.950897217,-0.277328491,-0.188079834,0.492858887
3.375015259,-10.55953979,2.347900391,0.171646118,-0.20211792,0.467193604
3.109405518,-11.77510071,1.567840576,0.516784668,-0.248535156,0.312637329
2.448989868,-15.96731567,-0.073638916,0.379959106,-0.549697876,0.197799683
0.986968994,-13.11268616,-0.891983032,-0.079406738,-0.469070435,0.011489868
0.123168945,-10.85864258,-0.509124756,-0.32925415,-0.517318726,-0.310424805
-1.951416016,-9.865631104,-0.729263306,-0.32925415,-0.517318726,-0.310424805
-2.487411499,-9.997238159,-0.169342041,-0.402557373,-0.720748901,-0.126556396
-2.587905884,-10.38008118,0.649002075,-0.05619812,-0.4556427,0.222244263
-1.415420532,-9.006607056,0.555679321,-0.113006592,-0.114776611,0.273544312
-1.707336426,-9.133422852,0.06993103,-0.262664795,0.210205078,-0.00378418
-1.561386108,-9.279388428,-0.006637573,-0.122161865,0.135665894,0.118392944
-0.91053772,-9.284164429,0.184783936,-0.122161865,0.135665894,0.118392944
-0.355392456,-9.623947144,0.349899292,-0.007324219,0.289001465,0.239334106
-0.496582031,-11.3467865,0.263748169,-0.081237793,0.33114624,0.203903198
-0.269256592,-10.73661804,0.471923828,-0.439819336,0.279830933,0.387771606
-0.089797974,-9.427734375,1.472122192,-0.583984375,0.475311279,0.281494141
-0.625793457,-8.348571777,1.802337646,-0.339019775,0.992721558,-0.129608154
-0.786102295,-8.697921753,1.254379272,-0.339019775,0.992721558,-0.129608154
0.245193481,-9.102310181,-0.119094849,0.042144775,1.130157471,-0.500396729
0.235626221,-9.805801392,-0.554595947,0.042144775,1.130157471,-0.500396729
-0.144836426,-9.236312866,-1.540435791,0.625518799,1.048919678,-0.384338379
0.261947632,-8.822357178,-0.927871704,0.821594238,0.943847656,-0.209640503
2.207321167,-13.19644165,-0.882415771,1.273635864,0.587097168,-0.199234009
2.72416687,-15.24708557,-2.822982788,1.19178772,0.541290283,-0.305541992
2.539916992,-11.95695496,-2.600448608,-0.503952026,0.249298096,-0.33241272
1.735931396,-9.812988281,1.713806152,-0.314590454,0.252334595,-0.3409729
2.113998413,-9.676589966,1.921981812,-0.314590454,0.252334595,-0.3409729
2.094848633,-9.195632935,0.328353882,-0.314590454,0.252334595,-0.3409729
2.513595581,-8.372497559,0.098648071,-0.200973511,-0.131881714,0.040802002
2.245605469,-7.769515991,0.778213501,-0.502120972,-0.41104126,0.297363281
2.140319824,-7.733627319,1.728164673,-0.538772583,-0.586349487,0.42137146
2.367630005,-7.707305908,2.56803894,-0.538772583,-0.586349487,0.42137146
2.690658569,-7.731231689,2.55128479,-0.120956421,-0.519760132,0.442138672
2.901229858,-8.391647339,2.034439087,0.316421509,-0.586349487,0.276596069
3.346298218,-9.602416992,2.709213257,0.599243164,-0.866134644,0.219177246
2.94190979,-14.38806152,1.027069092,0.421478271,-1.100097656,0.318130493
-0.376937866,-16.03193665,-2.176925659,0.421478271,-1.100097656,0.318130493
-2.461090088,-15.64428711,-0.918304443,-0.137451172,-0.769607544,-0.293319702
-2.008834839,-8.621353149,-0.061676025,-0.748291016,-1.021286011,-0.606689453
-1.731277466,-9.53062439,0.713607788,-0.337203979,-0.91255188,-0.063644409
-2.750610352,-11.10749817,1.19934082,0.4453125,-0.661483765,0.416488647
-2.695587158,-10.21498108,-0.236343384,0.133773804,-0.513671875,0.519119263
-0.819610596,-9.513885498,-0.85609436,-0.670715332,-0.053085327,0.167877197
-1.322097778,-7.771911621,0.601135254,-0.358566284,-0.13369751,0.234451294
-1.58770752,-7.893936157,0.818893433,-0.358566284,-0.13369751,0.234451294
-1.226379395,-9.135818481,0.335540771,0.114212036,-0.242431641,0.436645508
-0.307540894,-10.61697388,0.09147644,0.117874146,0.041000366,0.393264771
0.111206055,-10.47340393,0.500640869,-0.277938843,0.116744995,0.250946045
0.187774658,-9.870407104,1.050994873,-0.277938843,0.116744995,0.250946045
-0.123291016,-9.903915405,0.955276489,-0.416610718,0.29083252,0.121444702
-0.872253418,-10.30351257,0.522171021,-0.470977783,0.436828613,0.063415527
-0.68081665,-9.899124146,0.567642212,-0.65423584,0.467376709,-0.008666992
-0.338653564,-9.348770142,0.933746338,-0.781906128,0.671401978,-0.136322021
-0.154403687,-9.379882813,1.194564819,-0.648742676,0.890701294,-0.218795776
-0.518112183,-10.21498108,1.182601929,-0.648742676,0.890701294,-0.218795776
-0.45111084,-11.81817627,-1.260482788,-0.416610718,0.964614868,-0.22857666
-0.23097229,-11.87319946,-3.088592529,0.023208618,0.65612793,-0.1118927
0.013092041,-9.016174316,-3.449905396,0.823425293,0.444778442,0.067077637
0.439025879,-7.72644043,-1.396865845,0.940109253,0.450271606,-0.089904785
0.90562439,-11.12185669,-1.502151489,1.080596924,0.490585327,-0.404495239
1.800537109,-13.78266907,-2.870849609,1.080596924,0.490585327,-0.404495239
1.683288574,-8.250473022,-1.521286011,0.797790527,0.164993286,-0.271957397
1.585174561,-8.511291504,1.230453491,0.181427002,-0.172805786,-0.217559814
1.460754395,-9.011383057,0.285293579,0.262664795,0.039169312,-0.284759521
1.518188477,-8.87260437,-0.638336182,0.262664795,0.039169312,-0.284759521
1.778991699,-8.176300049,-0.198059082,0.139266968,-0.111099243,-0.242630005
1.501434326,-7.716873169,0.658569336,-0.101394653,-0.48677063,0.061584473
1.408111572,-7.791046143,1.299850464,-0.330474854,-0.777557373,0.55027771
2.48248291,-7.527832031,2.264160156,-0.330474854,-0.777557373,0.55027771
3.145294189,-7.850875854,3.02507019,-0.21685791,-0.842300415,0.617462158
1.910598755,-9.200424194,3.070541382,0.227844238,-0.754333496,0.195968628
1.750289917,-12.09333801,2.527359009,0.73425293,-0.863067627,-0.032485962
2.425064087,-19.89155579,-1.365753174,0.690872192,-0.790985107,0.234451294
0.063339233,-19.9178772,-3.631759644,0.690872192,-0.790985107,0.234451294
-1.695373535,-6.666427612,-0.633560181,-0.242507935,-0.534439087,-0.304931641
-1.36038208,-9.442092896,1.488876343,-0.850326538,-1.514251709,-0.292098999
-2.939651489,-11.44728088,-0.14302063,0.1484375,-0.758605957,0.193527222
-3.635955811,-9.78187561,-1.145614624,0.126434326,-0.651702881,0.488571167
-2.092590332,-8.444290161,-0.468444824,-0.401931763,0.061767578,0.162994385
-1.779129028,-7.94418335,-0.044921875,-0.401931763,0.061767578,0.162994385
-1.681030273,-9.059249878,0.610717773,-0.320709229,0.020843506,0.004776001
-1.448913574,-10.31307983,-0.226776123,-0.056808472,0.093521118,0.211853027
-1.563781738,-10.32264709,-0.219604492,-0.11239624,0.445999146,0.177017212
-1.070846558,-10.17909241,0.27571106,-0.315216064,0.293884277,0.115936279
-0.554000854,-9.903915405,0.615493774,-0.474029541,0.523574829,0.141601563
-0.022796631,-9.480377197,1.036636353,-0.474029541,0.523574829,0.141601563
0.707015991,-8.882171631,1.591766357,-0.506408691,0.858322144,0.103729248
1.259750366,-8.262435913,1.797546387,-0.414154053,1.103286743,0.00050354
1.566040039,-7.611587524,1.780807495,-0.301147461,1.097183228,-0.267654419
1.329147339,-9.537811279,-0.513916016,-0.301147461,1.097183228,-0.267654419
-0.91293335,-11.55735779,-1.894577026,0.042755127,0.91696167,-0.572494507
-1.269454956,-11.66741943,-2.243927002,0.6743927,0.997589111,-0.414886475
-0.424789429,-11.44248962,-1.889785767,0.736083984,0.964004517,0.142211914
0.692657471,-13.1844635,-2.901947021,1.370147705,0.418502808,0.038986206
1.924957275,-11.86842346,-3.746612549,0.476470947,0.197982788,-0.259719849
2.71937561,-8.841491699,-0.312911987,0.070861816,0.282897949,-0.474761963
1.738327026,-8.65007019,1.134735107,0.070861816,0.282897949,-0.474761963
1.405715942,-8.535217285,-0.186096191,0.185684204,0.364135742,-0.374572754
1.731140137,-8.216964722,-0.3775177,0.132553101,-0.147750854,-0.182754517
2.020675659,-7.750366211,0.268539429,0.132553101,-0.147750854,-0.182754517
1.604324341,-7.621154785,0.845214844,-0.200973511,-0.334060669,0.057312012
1.960861206,-8.1978302,2.10383606,-0.316421509,-0.624847412,0.592422485
2.917984009,-7.680984497,2.848007202,-0.316421509,-0.624847412,0.592422485
2.71697998,-8.154754639,3.034637451,0.27671814,-0.481277466,0.197799683
1.908218384,-10.83711243,2.587188721,0.689041138,-0.497772217,-0.077697754
3.262542725,-17.53941345,0.07472229,0.689041138,-0.497772217,-0.077697754
1.460754395,-15.70172119,-2.679412842,0.530227661,-0.56741333,0.013931274
-0.958389282,-13.48118591,-1.554794312,-0.087966919,-0.43913269,-0.494293213
-1.858093262,-8.216964722,0.180007935,-0.660354614,-1.265014648,-0.44480896
-1.685806274,-11.13621521,1.311813354,0.020767212,-0.776947021,0.129394531
-3.738845825,-11.53820801,-0.097564697,0.29624939,-0.485549927,0.442138672
-2.384506226,-9.31288147,-0.652694702,-0.312759399,0.086807251,0.186187744
-1.432174683,-8.470611572,-0.504348755,-0.438583374,0.205307007,0.026153564
-1.255096436,-8.784072876,0.036437988,-0.438583374,0.205307007,0.026153564
-1.061279297,-9.241104126,0.390579224,-0.013442993,-0.020095825,0.282104492
-0.738250732,-9.600021362,-0.296173096,-0.025039673,0.321365356,0.279663086
-0.781326294,-10.06661987,-0.341629028,-0.025039673,0.321365356,0.279663086
-0.865066528,-10.38487244,0.400146484,-0.313369751,0.240142822,0.175201416
-0.479827881,-9.731628418,1.263946533,-0.527786255,0.339706421,0.20880127
-0.278823853,-9.53062439,1.807128906,-0.516784668,0.777694702,0.078079224
-0.21421814,-9.387054443,1.864547729,-0.40927124,1.088012695,-0.110061646
0.285873413,-9.583267212,1.496063232,-0.379333496,1.071517944,-0.230407715
0.991760254,-10.01397705,0.385787964,-0.185089111,0.962158203,-0.303100586
0.953475952,-10.17669678,-0.583312988,0.193023682,0.784408569,-0.174209595
0.276306152,-9.537811279,-1.423187256,0.511886597,0.662857056,0.041427612
-0.025192261,-8.791244507,-1.892181396,0.83442688,0.504638672,0.115325928
0.709411621,-9.643096924,-1.815612793,0.83442688,0.504638672,0.115325928
2.233642578,-12.75614929,-1.873031616,1.294403076,0.180877686,-0.133270264
2.468139648,-12.57191467,-1.791687012,1.125198364,0.340316772,-0.341583252
1.527755737,-10.88735962,1.113204956,0.021377563,0.044662476,-0.347686768
1.702423096,-9.458847046,0.129760742,0.040924072,0.047103882,-0.191314697
1.917785645,-8.573501587,-0.212417603,0.040924072,0.047103882,-0.191314697
2.080490112,-8.152359009,0.388183594,-0.227859497,-0.048797607,-0.055084229
1.695251465,-7.73840332,0.577209473,-0.526550293,-0.301696777,0.20513916
1.393753052,-7.606796265,1.084487915,-0.632247925,-0.466003418,0.475753784
1.901031494,-7.575698853,1.888473511,-0.42149353,-0.401260376,0.60647583
2.901229858,-7.762329102,2.55607605,-0.42149353,-0.401260376,0.60647583
2.365234375,-8.829528809,2.692474365,0.108718872,-0.474563599,0.269882202
1.970428467,-12.33502197,2.730758667,0.698806763,-0.569854736,-0.072799683
2.728942871,-17.21159363,-0.020996094,0.698806763,-0.569854736,-0.072799683
2.130737305,-13.26821899,-1.717498779,0.565032959,-0.428131104,-0.031265259
0.041809082,-12.61019897,-0.875228882,-0.057418823,-0.349334717,-0.350128174
-1.384307861,-7.96572876,-0.37991333,-0.54548645,-1.16545105,-0.163208008
-1.046920776,-9.391845703,0.995956421,-0.03237915,-0.795883179,0.233840942
-2.458694458,-10.70071411,1.266342163,0.388504028,-0.583908081,0.37739563
-1.838943481,-9.571304321,-0.080810547,0.388504028,-0.583908081,0.37739563
-1.12588501,-9.583267212,-0.042526245,-0.052536011,-0.145309448,0.095794678
-1.673843384,-9.571304321,-0.128677368,-0.128890991,-0.117218018,0.167861938
-1.456100464,-9.693344116,0.215896606,0.054962158,-0.298629761,0.376174927
-0.534866333,-10.14079285,0.07711792,0.054962158,-0.298629761,0.376174927
-0.199859619,-10.51647949,0.024475098,-0.090408325,0.011062622,0.245452881
-0.915313721,-9.970916748,0.491073608,-0.347579956,-0.073242188,0.129989624
-0.963180542,-9.334411621,0.97203064,-0.46975708,0.028778076,0.163589478
-0.640151978,-8.726638794,1.821487427,-0.406829834,0.455154419,-0.003173828
-0.408035278,-8.702713013,2.163650513,-0.406829834,0.455154419,-0.003173828
-0.020401001,-8.863037109,1.850189209,-0.356735229,0.861984253,-0.2762146
0.479690552,-9.355957031,1.517593384,-0.40927124,0.90536499,-0.460693359
0.723770142,-9.865631104,0.842819214,-0.262680054,0.855270386,-0.515670776
0.534729004,-11.4616394,-0.028167725,-0.262680054,0.855270386,-0.515670776
-0.429580688,-12.18666077,-1.928070068,0.07572937,0.673843384,-0.420379639
-1.721694946,-10.32264709,-2.392272949,0.331085205,0.684844971,-0.149154663
-1.480026245,-8.580673218,-1.628967285,0.643844604,0.83694458,0.007827759
0.276306152,-9.370315552,-1.490188599,0.643844604,0.83694458,0.007827759
2.975402832,-11.55973816,-2.002243042,1.211334229,0.512588501,-0.096618652
4.107208252,-12.45227051,-2.464065552,0.971878052,0.3671875,-0.256072998
3.229049683,-9.674194336,-0.793869019,0.050079346,0.336654663,-0.315917969
1.006118774,-10.0307312,0.742324829,0.044586182,0.26701355,-0.318969727
1.216690063,-9.796234131,0.2996521,0.044586182,0.26701355,-0.318969727
2.322174072,-9.221954346,0.376220703,0.048248291,0.078262329,-0.165039063
2.355667114,-8.812789917,0.414505005,-0.233963013,0.017181396,-0.009277344
2.341308594,-8.645278931,0.957672119,-0.668884277,-0.097045898,0.280273438
2.578201294,-8.111679077,1.802337646,-0.830764771,-0.315734863,0.531951904
3.315185547,-7.209594727,2.245010376,-0.61819458,-0.513061523,0.629074097
2.865341187,-8.42036438,2.032043457,0.023208618,-0.597351074,0.261322021
1.862747192,-11.22714233,1.893264771,0.583984375,-0.786727905,0.050582886
2.243209839,-15.61079407,0.196746826,0.133163452,-0.869186401,-0.018447876
1.089859009,-14.78288269,-0.714904785,0.133163452,-0.869186401,-0.018447876
-0.872253418,-11.08596802,-0.947021484,-0.109954834,-0.441574097,-0.312866211
-0.778930664,-6.793243408,-0.999664307,-0.109954834,-0.441574097,-0.312866211
-0.790893555,-9.420562744,0.605926514,0.301147461,-0.606506348,0.038986206
-2.997070313,-11.98327637,-0.638336182,0.087966919,-0.723800659,0.324249268
-1.37953186,-9.997238159,-0.133453369,-0.367126465,-0.242431641,0.206344604
-0.697570801,-9.154953003,0.706420898,-0.367126465,-0.242431641,0.206344604
-0.642532349,-8.999420166,0.180007935,-0.201583862,-0.062850952,0.125717163
-0.975143433,-9.678985596,-0.336853027,-0.094680786,-0.309020996,0.247283936
-1.216812134,-10.15994263,-0.233947754,-0.094680786,-0.309020996,0.247283936
-1.401062012,-9.994842529,0.285293579,-0.174713135,-0.055526733,0.257659912
-1.097167969,-10.51408386,0.656173706,-0.351242065,0.176605225,0.192901611
-0.640151978,-10.05465698,0.866744995,-0.426361084,0.330535889,0.155044556
-0.350616455,-9.047286987,1.450592041,-0.426361084,0.330535889,0.155044556
-0.46307373,-8.207397461,2.323974609,-0.244949341,0.943237305,-0.280487061
-0.766967773,-8.276794434,2.216293335,-0.244949341,0.943237305,-0.280487061
-0.290786743,-8.901321411,0.51739502,0.070251465,0.957901001,-0.411834717
-1.14263916,-10.15994263,-0.901550293,0.070251465,0.957901001,-0.411834717
-0.570755005,-10.28675842,-1.818008423,0.700653076,0.722106934,-0.178482056
1.228652954,-10.81796265,-1.107330322,1.147796631,0.557174683,0.166656494
3.324768066,-13.20121765,-1.241333008,1.287689209,0.508911133,0.026153564
3.461151123,-13.22993469,-2.985702515,1.167358398,0.709884644,-0.426483154
2.855773926,-12.75854492,-2.550201416,-0.193649292,0.197357178,-0.433822632
1.525360107,-10.52604675,0.52935791,-0.193649292,0.197357178,-0.433822632
1.453582764,-9.399017334,0.881103516,-0.285263062,0.084976196,-0.419769287
1.496643066,-8.240905762,-0.487594604,-0.139266968,0.066650391,-0.249954224
1.551681519,-7.913085938,-0.348815918,-0.229690552,0.080688477,-0.062408447
1.585174561,-7.345977783,0.491073608,-0.440429688,-0.245483398,0.199020386
1.597137451,-7.305297852,1.074920654,-0.558319092,-0.489212036,0.400604248
1.910598755,-8.008789063,1.555877686,-0.419052124,-0.432403564,0.464752197
2.293457031,-8.489746094,1.981796265,-0.419052124,-0.432403564,0.464752197
2.243209839,-8.685958862,2.31678772,0.416610718,-0.778778076,0.222839355
2.661956787,-9.387054443,3.266738892,0.416610718,-0.778778076,0.222839355
3.8487854,-12.08616638,2.651794434,0.863754272,-0.786727905,0.325469971
3.269729614,-15.17529297,-1.176727295,0.359786987,-0.524658203,0.05607605
0.422271729,-15.38586426,-3.796875,0.359786987,-0.524658203,0.05607605
-2.382125854,-11.70330811,-1.557189941,-0.3775177,-1.023117065,-0.579818726
-2.420410156,-8.248077393,-0.243530273,-0.759902954,-1.35055542,-0.248733521
-1.8150177,-10.92564392,1.448196411,-0.759902954,-1.35055542,-0.248733521
-2.633361816,-9.803405762,0.651382446,0.047653198,-0.788543701,0.294937134
-1.094787598,-9.262634277,-0.559371948,0.243728638,-0.356674194,0.296157837
-0.764572144,-8.831924438,-0.339233398,-0.327423096,-0.128814697,-0.034927368
-1.216812134,-9.042495728,0.51739502,-0.328033447,-0.20211792,0.078079224
-1.176132202,-9.76751709,0.05557251,0.043365479,-0.205169678,0.315093994
-0.939254761,-10.13601685,-0.126281738,-0.062301636,0.023895264,0.250946045
-0.632965088,-10.52844238,-0.193283081,-0.062301636,0.023895264,0.250946045
-0.360183716,-9.896728516,-0.102355957,-0.442871094,0.000671387,0.110443115
-0.587509155,-8.930038452,0.570037842,-0.631027222,0.096572876,0.070739746
-0.628173828,-8.748184204,1.096450806,-0.590698242,0.48387146,0.002334595
-0.554000854,-9.178878784,1.531951904,-0.527175903,0.758758545,-0.146713257
-0.171157837,-9.829727173,1.510406494,-0.487457275,0.930404663,-0.282333374
0.092056274,-10.78686523,0.402542114,-0.487457275,0.930404663,-0.282333374
-0.070648193,-11.93063354,-0.777130127,-0.312759399,0.944458008,-0.248718262
0.312194824,-11.54777527,-1.612213135,0.159423828,0.818618774,0.039596558
0.041809082,-10.1958313,-2.062072754,0.159423828,0.818618774,0.039596558
0.558654785,-8.331832886,-2.703353882,0.577255249,0.744094849,0.297363281
1.12097168,-8.717071533,-2.167358398,0.977371216,0.364135742,0.101287842
1.544509888,-11.64828491,-1.877822876,1.238815308,0.436218262,-0.394729614
1.266937256,-11.75117493,-1.820388794,0.255325317,0.818008423,-0.418548584
0.393554688,-10.16233826,0.258972168,0.255325317,0.818008423,-0.418548584
0.977401733,-9.650268555,-0.174133301,0.153320313,0.473480225,-0.32875061
2.001525879,-9.07598877,-0.815414429,0.283432007,0.557174683,-0.155883789
2.303024292,-8.566329956,-0.207626343,-0.105667114,0.441116333,-0.14793396
2.219284058,-8.087753296,0.086685181,-0.370178223,0.119186401,0.050598145
2.310211182,-8.059051514,0.51499939,-0.587036133,-0.158752441,0.297988892
2.779205322,-8.087753296,1.070129395,-0.587036133,-0.158752441,0.297988892
3.087875366,-7.451263428,1.711410522,-0.588867188,-0.420806885,0.440917969
2.865341187,-7.530227661,1.735336304,-0.087966919,-0.508773804,0.241790771
1.977600098,-9.262634277,2.56086731,0.633453369,-0.601623535,-0.076461792
2.286270142,-13.00500488,2.046401978,0.633453369,-0.601623535,-0.076461792
1.077896118,-18.02514648,-3.241729736,0.797775269,-0.444641113,-0.074630737
-0.582717896,-8.678787231,-1.035552979,0.086120605,-0.427536011,-0.122879028
0.563446045,-7.554153442,0.675323486,-0.441040039,-1.112304688,0.051803589
-0.479827881,-10.22694397,0.397750854,0.177139282,-0.558258057,0.082962036
-2.544830322,-11.16253662,-0.772338867,0.177139282,-0.558258057,0.082962036
-1.398666382,-9.980484009,0.371429443,0.236999512,-0.863693237,0.210021973
-1.068466187,-8.764923096,0.830856323,-0.076965332,-0.497787476,0.089675903
-1.81741333,-8.994644165,0.211105347,0.111785889,-0.254653931,0.035324097
-1.386703491,-9.98765564,-0.3775177,0.15637207,-0.401260376,0.191696167
-1.006240845,-10.47579956,-0.418197632,-0.164932251,-0.120269775,0.206970215
-1.37713623,-9.698120117,-0.181304932,-0.463653564,0.047103882,0.177642822
-1.35798645,-9.454055786,-0.116699219,-0.729370117,0.202255249,0.162368774
-1.058883667,-9.851272583,0.081893921,-0.729370117,0.202255249,0.162368774
-0.594680786,-9.611984253,0.53175354,-0.861923218,0.419128418,0.120834351
-0.44631958,-9.047286987,1.022277832,-0.820999146,0.582214355,0.082962036
-0.582717896,-8.453857422,1.177810669,-0.568099976,0.828994751,-0.107009888
-0.264465332,-9.355957031,1.175415039,-0.568099976,0.828994751,-0.107009888
0.068130493,-10.45187378,1.64440918,-0.316421509,0.903533936,-0.245666504
0.955871582,-9.925445557,-0.178924561,-0.038482666,1.15397644,-0.367233276
0.077697754,-11.13861084,-1.873031616,0.459365845,1.190032959,-0.296981812
-1.1378479,-9.473205566,-2.655487061,0.987747192,1.308532715,0.126327515
-0.475036621,-8.834320068,-1.877822876,1.321289063,0.848556519,0.231994629
1.020477295,-11.62434387,-1.691177368,1.451400757,0.455154419,-0.156478882
3.992355347,-13.50032043,-3.129272461,0.520446777,0.34336853,-0.235290527
3.62147522,-10.57389832,-1.451904297,0.520446777,0.34336853,-0.235290527
1.855575562,-8.767318726,0.756668091,-0.012832642,0.378189087,-0.292098999
1.290863037,-10.39923096,-0.277023315,0.316421509,0.412384033,-0.284164429
1.647399902,-10.17909241,-0.583312988,0.14414978,-0.039642334,-0.183990479
2.166641235,-9.013778687,-0.262664795,0.14414978,-0.039642334,-0.183990479
1.893859863,-8.630935669,0.208724976,-0.394012451,-0.204574585,0.022491455
1.556472778,-8.394042969,1.491271973,-0.704315186,-0.392715454,0.26071167
2.413101196,-7.044494629,2.146911621,-0.74281311,-0.566818237,0.404891968
2.738525391,-7.367523193,2.608718872,-0.321914673,-0.481292725,0.212463379
2.393951416,-10.152771,1.618087769,0.527786255,-0.500839233,-0.067306519
2.94670105,-14.098526,-0.265060425,0.757461548,-0.808700562,-0.058151245
2.425064087,-15.88117981,-1.353790283,0.757461548,-0.808700562,-0.058151245
-0.69039917,-10.92324829,-0.131057739,0.105056763,-0.846588135,-0.017227173
-0.003646851,-8.480178833,-0.178924561,-0.170425415,-0.983413696,0.072570801
0.096847534,-8.578292847,-0.200454712,-0.246780396,-1.119628906,0.15687561
-2.961181641,-10.34896851,-0.360778809,0.028091431,-1.007843018,0.108627319
-2.425186157,-9.77230835,0.873916626,0.028091431,-1.007843018,0.108627319
-1.214416504,-8.906097412,1.826263428,-0.202804565,-1.197219849,0.36517334
-0.982315063,-9.119064331,1.235244751,-0.097122192,-0.384765625,0.322418213
-0.812423706,-9.901519775,0.096252441,0.078796387,-0.21434021,0.304092407
-0.664077759,-10.47579956,-0.16456604,0.025650024,-0.437911987,0.36946106
-0.537246704,-9.669418335,0.536529541,-0.172866821,-0.205780029,0.297973633
-0.91053772,-9.475601196,0.871536255,-0.225402832,-0.103775024,0.172744751
-1.049316406,-9.99005127,0.584396362,-0.242507935,-0.072616577,0.167877197
-0.999069214,-10.73422241,0.230255127,-0.242507935,-0.072616577,0.167877197
-1.027786255,-10.49732971,0.455184937,-0.462432861,0.031219482,0.158096313
-0.692779541,-9.169311523,1.316589355,-0.664611816,0.305496216,0.072570801
-0.958389282,-8.848678589,1.639633179,-0.613922119,0.633529663,-0.165039063
-0.788497925,-9.140594482,1.086883545,-0.613922119,0.633529663,-0.165039063
0.017883301,-9.796234131,0.723175049,-0.50151062,0.653686523,-0.310424805
1.223861694,-9.899124146,1.405136108,-0.329864502,0.679336548,-0.364181519
0.771621704,-10.61457825,0.199142456,-0.045822144,0.924285889,-0.402664185
-0.508544922,-11.65785217,-2.277420044,0.265090942,0.521133423,-0.108840942
-0.958389282,-9.384674072,-3.160369873,0.725692749,0.194320679,0.24055481
-0.183120728,-8.542388916,-2.559783936,0.725692749,0.194320679,0.24055481
1.025253296,-10.83711243,-1.861068726,0.910186768,0.104522705,-0.275604248
2.458557129,-12.17469788,-1.377716064,0.707992554,0.331756592,-0.336685181
2.05178833,-10.73661804,-1.095367432,0.707992554,0.331756592,-0.336685181
1.1353302,-9.978088379,-0.104736328,0.396438599,-0.031707764,-0.310424805
1.678497314,-9.418167114,-0.131057739,-0.092849731,-0.110488892,-0.271331787
1.831634521,-8.944381714,0.570037842,-0.092849731,-0.110488892,-0.271331787
1.685684204,-8.532821655,0.785385132,-0.263290405,-0.274200439,-0.039215088
1.618682861,-8.085357666,1.065353394,-0.423339844,-0.464187622,0.346237183
1.898635864,-7.312484741,2.077514648,-0.436767578,-0.649887085,0.588760376
2.874908447,-6.886566162,2.970031738,0.134994507,-0.495941162,0.260726929
2.757659912,-7.798233032,2.998748779,0.134994507,-0.495941162,0.260726929
2.549484253,-10.21975708,2.737930298,0.835021973,-0.560089111,-0.177246094
3.252975464,-17.39823914,-0.241134644,0.862533569,-0.737838745,-0.157089233
1.11618042,-14.96473694,-1.652893066,-0.08795166,-0.611404419,-0.103347778
-1.149810791,-12.00480652,-0.15737915,-0.08795166,-0.611404419,-0.103347778
-1.963378906,-10.7964325,0.270935059,-0.5418396,-1.011520386,-0.264602661
-2.446731567,-10.19822693,-0.16217041,-0.386672974,-0.839248657,-0.019668579
-2.738647461,-9.879989624,0.29006958,-0.141113281,-0.65171814,0.359069824
-1.805450439,-8.743392944,0.493469238,-0.141113281,-0.65171814,0.359069824
-1.302963257,-8.64289856,-0.16217041,-0.177764893,-0.334060669,0.332183838
-0.800460815,-8.915679932,-0.707733154,-0.169219971,-0.265045166,0.294326782
-0.47026062,-8.772109985,0.455184937,-0.00428772,-0.272369385,0.396331787
-0.264465332,-9.186065674,1.117996216,-0.00428772,-0.272369385,0.396331787
-0.530075073,-10.22694397,0.493469238,0.105056763,-0.153244019,0.198425293
-0.838745117,-11.00939941,0.30682373,-0.077575684,-0.001159668,0.111053467
-1.188095093,-10.91847229,0.567642212,-0.280380249,0.279220581,0.101287842
-1.171356201,-10.25804138,0.945709229,-0.280380249,0.279220581,0.101287842
-0.960784912,-9.882369995,1.414703369,-0.45753479,0.533340454,0.029205322
-0.611434937,-9.78187561,1.914794922,-0.565658569,0.840621948,-0.11555481
-0.094573975,-9.463638306,2.041625977,-0.468536377,1.061737061,-0.24810791
0.386383057,-9.504302979,1.737731934,-0.218673706,1.000045776,-0.250564575
0.814697266,-9.875198364,0.663360596,-0.218673706,1.000045776,-0.250564575
0.936721802,-11.30371094,-0.801055908,0.085510254,0.775253296,-0.173599243
1.077896118,-11.64109802,-2.20324707,0.433700562,0.270065308,0.127548218
-0.144836426,-9.473205566,-2.545425415,0.841156006,0.035507202,0.219177246
-0.575531006,-8.135620117,-1.928070068,0.841156006,0.035507202,0.219177246
0.436630249,-9.884765625,-1.652893066,0.982879639,0.172943115,-0.124725342
2.410705566,-13.41418457,-1.332260132,0.899185181,0.009216309,-0.365402222
3.193161011,-12.94039917,-1.078613281,0.762969971,0.204101563,-0.334869385
2.073318481,-9.839309692,-0.332061768,0.108123779,0.268234253,-0.327529907
0.984588623,-8.953964233,0.596359253,0.232727051,-0.156295776,-0.359909058
1.467926025,-9.511489868,0.220687866,0.007324219,-0.147766113,-0.190689087
1.905822754,-8.903717041,0.543716431,0.007324219,-0.147766113,-0.190689087
1.628250122,-7.664230347,0.641815186,-0.337188721,-0.371337891,0.322418213
1.420074463,-7.50869751,1.20652771,-0.337188721,-0.371337891,0.322418213
1.762252808,-7.618759155,2.312011719,-0.448989868,-0.562530518,0.567977905
2.798339844,-7.527832031,3.111206055,-0.203414917,-0.585128784,0.568588257
3.654968262,-9.923049927,3.168640137,0.268768311,-0.717086792,0.394500732
2.496841431,-14.44070435,0.806930542,0.549758911,-0.908889771,0.301651001
-0.286010742,-20.48257446,-1.449508667,0.549758911,-0.908889771,0.301651001
-2.004058838,-10.64089966,-0.456481934,-0.155151367,-0.54359436,-0.054473877
-0.503753662,-7.74559021,0.586776733,-0.904067993,-0.922943115,-0.243225098
-1.073242188,-9.501922607,0.582000732,-0.151489258,-0.746398926,0.110458374
-1.14743042,-10.21975708,-1.631362915,0.005493164,-0.580245972,0.195343018
-1.101959229,-9.265029907,-0.736450195,-0.516784668,-0.686538696,0.106781006
-1.826980591,-8.221755981,0.443222046,-0.474029541,-0.497772217,0.093963623
-2.365371704,-8.348571777,0.689682007,-0.474029541,-0.497772217,0.093963623
-2.49937439,-9.202819824,0.385787964,-0.067199707,-0.43913269,0.250946045
-2.410827637,-10.16233826,0.337936401,0.158813477,0.036102295,0.315704346
-2.075836182,-10.0690155,0.007720947,0.158813477,0.036102295,0.315704346
-1.700164795,-10.31307983,0.06993103,0.028091431,0.394073486,0.29675293
-1.080429077,-10.05226135,0.371429443,-0.162490845,0.334213257,0.348068237
-0.482223511,-10.04029846,0.672927856,-0.156982422,0.52784729,0.332199097
-0.053909302,-10.04508972,0.842819214,-0.181427002,0.64024353,0.263778687
-0.293182373,-9.726837158,1.072525024,-0.262664795,0.802734375,0.126327515
-0.554000854,-9.54977417,1.170639038,-0.370788574,0.90536499,-0.033706665
0.010696411,-9.406204224,1.469741821,-0.388504028,0.893753052,-0.122283936
0.876907349,-9.138214111,1.771224976,-0.248626709,0.940170288,-0.214523315
1.534927368,-8.516067505,1.170639038,-0.248626709,0.940170288,-0.214523315
1.065933228,-9.339202881,-0.903945923,-0.00428772,0.882751465,-0.403884888
-0.939254761,-10.60740662,-2.610031128,0.466079712,0.537017822,-0.444824219
-0.482223511,-10.43751526,-2.20803833,0.955368042,0.237075806,-0.109451294
-0.132873535,-12.24169922,-1.229370117,1.411697388,0.493637085,-0.234680176
-0.00604248,-13.67021179,-3.33026123,0.937667847,0.66835022,-0.448486328
1.790969849,-11.19602966,-0.755584717,-0.027496338,0.003723145,-0.261550903
1.618682861,-9.78427124,1.156280518,0.278533936,0.413009644,-0.309814453
1.331542969,-9.375091553,-1.06187439,0.278533936,0.413009644,-0.309814453
1.618682861,-9.042495728,-1.021194458,0.363449097,0.555328369,-0.327529907
1.726364136,-8.480178833,0.153686523,0.041549683,0.13873291,-0.249954224
1.429641724,-7.764724731,0.577209473,-0.303588867,-0.00541687,0.017608643
1.465545654,-7.456054688,0.976806641,-0.477081299,-0.240600586,0.27293396
2.190567017,-7.154556274,1.811904907,-0.513122559,-0.304748535,0.401229858
2.774414063,-7.298126221,2.11579895,-0.292602539,-0.339569092,0.432983398
2.544708252,-8.427536011,2.5728302,-0.292602539,-0.339569092,0.432983398
1.439224243,-11.61477661,2.290466309,0.385452271,-0.341400146,0.19291687
1.81729126,-19.57809448,-0.714904785,0.775787354,-0.35484314,-0.009887695
0.541915894,-15.78068542,-2.830169678,-0.15637207,7.63E-05,-0.311645508
-0.00843811,-7.793441772,-0.303344727,-0.659118652,-0.791000366,-0.191314697
-0.219009399,-8.329437256,1.015106201,-0.177749634,-0.757995605,0.192306519
-3.446929932,-11.25346375,-0.064056396,0.110549927,-0.577194214,0.320587158
-2.939651489,-9.410995483,0.180007935,0.110549927,-0.577194214,0.320587158
-1.606842041,-8.530426025,0.613098145,-0.408050537,-0.229614258,0.303482056
-1.537460327,-7.96572876,0.53414917,-0.412338257,0.201644897,0.126937866
-1.542236328,-8.662033081,0.397750854,0.026885986,0.049545288,0.206970215
-0.649719238,-9.98526001,-0.16217041,0.161865234,0.117355347,0.30897522
-0.173538208,-9.844085693,-0.054489136,0.161865234,0.117355347,0.30897522
-0.431976318,-10.20301819,0.158462524,-0.059860229,0.175384521,0.158096313
-0.874633789,-10.25326538,0.139328003,-0.256561279,0.032440186,0.120834351
-0.90335083,-10.48297119,0.491073608,-0.327423096,0.11491394,0.129989624
-0.755004883,-10.30830383,0.665740967,-0.412948608,0.306106567,0.079910278
-0.647323608,-9.676589966,0.617889404,-0.56137085,0.463699341,0.043258667
-0.472640991,-9.456451416,0.675323486,-0.624298096,0.580383301,-0.01234436
-0.120895386,-9.272201538,1.149093628,-0.527175903,0.811294556,-0.149154663
0.649581909,-9.410995483,1.460159302,-0.428207397,0.972549438,-0.311645508
0.975006104,-9.662231445,1.548706055,-0.428207397,0.972549438,-0.311645508
1.14012146,-10.5475769,-0.310531616,-0.181427002,0.913925171,-0.470458984
0.266738892,-11.89474487,-2.397064209,0.312133789,0.445983887,-0.238342285
-1.214416504,-10.04748535,-2.945022583,0.312133789,0.445983887,-0.238342285
-0.664077759,-8.841491699,-1.660079956,0.654830933,0.342758179,0.042037964
0.185379028,-10.08576965,-1.51411438,0.809997559,0.27923584,-0.04776001
1.860351563,-12.07659912,-2.617202759,1.090377808,0.185150146,-0.290878296
1.958465576,-10.40879822,-1.667251587,0.724472046,0.183334351,-0.198638916
1.422470093,-8.915679932,0.002929688,0.265716553,-0.007263184,-0.217559814
1.039611816,-9.671813965,-0.133453369,0.354293823,-0.079956055,-0.276824951
1.314788818,-9.676589966,-0.781906128,0.354293823,-0.079956055,-0.276824951
1.707214355,-8.889358521,0.27571106,0.103225708,-0.164245605,-0.212677002
1.231048584,-8.377288818,0.29006958,-0.065353394,-0.368881226,-0.031265259
0.88168335,-8.623748779,0.775817871,-0.30909729,-0.514266968,0.276596069
1.293258667,-8.664428711,1.6587677,-0.527175903,-0.652938843,0.53805542
1.941711426,-7.858047485,2.55368042,-0.378738403,-0.545425415,0.491622925
2.307815552,-7.676193237,2.802536011,0.232116699,-0.560699463,0.121444702
1.264541626,-11.15296936,2.419692993,0.736679077,-0.676147461,0.073181152
2.683486938,-15.51986694,0.727966309,0.736679077,-0.676147461,0.073181152
2.05178833,-14.41917419,-2.148208618,0.331695557,-0.642547607,0.239334106
