3.987579346,-7.94418335,-1.262863159,-0.638336182,0.425231934,0.613189697
2.099639893,-6.309890747,0.457565308,-0.9871521,0.785018921,0.290039063
2.425064087,-9.157348633,2.35269165,0.311523438,-0.103164673,-0.406326294
2.815093994,-9.681381226,0.603530884,0.311523438,-0.103164673,-0.406326294
2.520767212,-10.46383667,-0.040130615,0.12828064,-0.33039856,-0.297592163
1.946502686,-10.15994263,0.270935059,0.12828064,-0.33039856,-0.297592163
1.58757019,-8.228927612,-0.107131958,-0.760528564,-0.411651611,-0.215744019
1.726364136,-8.429931641,0.400146484,-0.760528564,-0.411651611,-0.215744019
1.843612671,-8.848678589,1.18737793,-0.316436768,-0.637054443,-0.362960815
1.709609985,-8.602218628,0.522171021,-0.463638306,-0.659042358,-0.472915649
1.042007446,-8.532821655,0.680099487,-0.42149353,-0.74395752,-0.559051514
0.094451904,-8.989852905,1.362060547,-0.42149353,-0.74395752,-0.559051514
-0.88899231,-9.98526001,1.933944702,-0.42149353,-0.74395752,-0.559051514
-0.90335083,-10.02116394,1.704238892,-0.395217896,-0.862457275,-0.250564575
0.115982056,-11.43771362,0.105819702,-0.453872681,-0.534439087,0.012115479
2.537521362,-11.87080383,2.132553101,-0.453872681,-0.534439087,0.012115479
0.326553345,-9.147781372,3.611312866,0.467300415,-0.384170532,-0.055084229
0.522766113,-7.396224976,0.139328003,1.186279297,-0.076278687,0.340133667
3.339126587,-11.49992371,-2.727279663,1.758056641,0.960342407,-0.016616821
5.057159424,-17.67819214,-4.69178772,1.758056641,0.960342407,-0.016616821
0.561050415,-15.34040833,-4.323287964,0.010971069,0.175384521,0.475753784
-4.370559692,-10.57629395,1.981796265,0.010971069,0.175384521,0.475753784
-2.066268921,-7.982467651,2.063156128,0.321304321,0.902313232,1.029800415
1.077896118,-7.762329102,1.091674805,0.898574829,0.262741089,0.725585938
2.137924194,-7.975296021,-0.372741699,0.898574829,0.262741089,0.725585938
1.432037354,-8.130828857,-0.303344727,0.37689209,0.821670532,0.430541992
0.182983398,-7.714477539,0.950485229,-0.244338989,0.861984253,-0.139389038
0.924758911,-7.647476196,2.199539185,-0.564437866,0.555953979,-0.575546265
0.178207397,-7.037307739,2.065551758,-0.671936035,0.471038818,-0.86630249
-0.848327637,-7.381881714,2.910217285,-0.324371338,0.332366943,-0.916397095
-0.542037964,-11.5501709,2.158874512,-0.324371338,0.332366943,-0.916397095
-1.12348938,-13.46203613,3.726165771,0.37322998,0.127120972,-0.383117676
-0.661682129,-14.72544861,2.048797607,0.426986694,0.263946533,0.19291687
1.738327026,-18.60421753,-3.081420898,-0.157608032,0.169265747,0.131210327
3.109405518,-7.666625977,-0.564163208,-0.615127563,0.72454834,0.622344971
3.39894104,-8.336608887,1.649200439,-1.077560425,1.056259155,0.063415527
1.771820068,-10.42555237,1.591766357,-1.077560425,1.056259155,0.063415527
3.207519531,-9.53302002,-0.095169067,0.036651611,0.054428101,-0.547439575
3.16204834,-8.463424683,0.778213501,-0.311538696,-0.280303955,-0.409988403
2.460952759,-7.546981812,0.220687866,-0.635299683,-0.590026855,-0.133270264
1.676101685,-7.798233032,0.127365112,-0.554672241,-0.657226563,-0.229797363
1.58039856,-8.525650024,-0.468444824,-0.461212158,-0.930877686,-0.319595337
0.589767456,-8.006408691,1.103637695,-0.461212158,-0.930877686,-0.319595337
0.613693237,-8.214584351,0.191970825,-0.529006958,-0.68409729,-0.418548584
0.785980225,-8.898925781,1.034240723,-0.61390686,-0.934539795,-0.51751709
-0.515716553,-8.676391602,2.060760498,-0.526550293,-1.070159912,-0.190689087
0.104019165,-11.21278381,-0.020996094,-0.662780762,-0.877731323,0.277832031
3.39654541,-11.67460632,2.644607544,0.133163452,-0.742111206,-0.005004883
1.767028809,-9.276992798,3.056182861,1.359161377,-0.640731812,0.142227173
1.271713257,-8.547180176,-0.652694702,1.965133667,0.115524292,-0.001327515
2.657165527,-13.62475586,-2.495178223,1.965133667,0.115524292,-0.001327515
3.497039795,-17.72843933,-4.854492188,2.970001221,0.51991272,0.175201416
-1.611633301,-14.72544861,-3.418807983,1.290130615,-0.334671021,0.528884888
-4.550018311,-8.903717041,2.11100769,-0.367126465,0.835723877,0.900909424
0.168624878,-8.080581665,1.957870483,0.611465454,-0.167922974,0.809890747
2.305419922,-8.190643311,0.424072266,0.729354858,-0.002975464,0.426254272
2.417877197,-7.975296021,-0.229171753,0.729354858,-0.002975464,0.426254272
0.766830444,-7.826934814,-0.044921875,-0.041534424,0.308547974,-0.036773682
-0.707138062,-8.092544556,1.749694824,-0.776397705,0.092910767,-0.496124268
-0.896179199,-7.72644043,2.836044312,-0.825271606,0.277404785,-0.978103638
-1.793487549,-7.06602478,2.711608887,-0.825271606,0.277404785,-0.978103638
-3.099960327,-11.40899658,2.347900391,-0.489898682,0.329315186,-1.00680542
-0.781326294,-13.1414032,2.517791748,-0.021987915,0.177215576,-0.225509644
1.202331543,-15.82853699,1.87890625,0.169815063,0.616424561,0.418319702
3.63104248,-18.034729,-0.272232056,-0.601089478,0.289611816,0.561889648
3.080688477,-6.740600586,-0.585693359,-1.183853149,0.693389893,0.476364136
1.219085693,-11.53820801,1.905227661,-0.541229248,0.584671021,-0.194976807
3.288864136,-8.324645996,-0.915908813,-0.237625122,0.168045044,-0.399612427
3.296051025,-8.262435913,0.51020813,-0.237625122,0.168045044,-0.399612427
2.197738647,-7.355560303,0.431243896,-0.500915527,0.009231567,-0.299423218
2.116394043,-7.855651855,-0.334457397,-0.63835144,-0.283355713,-0.036148071
2.063751221,-9.011383057,-0.746017456,-0.555267334,-0.588806152,-0.177261353
1.228652954,-8.379684448,0.857177734,-0.542449951,-0.649276733,-0.411819458
0.879302979,-8.544784546,0.503036499,-0.466690063,-0.289489746,-0.497344971
0.704620361,-8.901321411,0.476715088,-0.63835144,-0.576583862,-0.522399902
-0.563568115,-8.769714355,2.508224487,-0.554656982,-0.660873413,-0.210250854
-0.276428223,-11.25346375,1.034240723,-0.483810425,-0.513061523,0.13609314
2.188171387,-12.82794189,2.149291992,-0.483810425,-0.513061523,0.13609314
1.053970337,-10.91607666,3.405532837,-0.003067017,-0.468444824,0.026763916
1.044403076,-7.932220459,-0.681411743,0.915054321,-0.224716187,0.125106812
3.705215454,-13.00022888,-2.868453979,2.507583618,0.595657349,0.288208008
4.894454956,-19.48956299,-4.347213745,2.507583618,0.595657349,0.288208008
-1.604446411,-14.13920593,-4.44770813,1.656036377,0.151565552,0.347457886
-4.30116272,-11.20321655,0.29246521,-0.174102783,1.015930176,0.826980591
-1.173736572,-6.61138916,1.479309082,-0.174102783,1.015930176,0.826980591
1.312393188,-8.008789063,1.108413696,0.920562744,0.185760498,0.933288574
2.015884399,-7.702514648,-0.645523071,0.869873047,0.460647583,0.539260864
1.80770874,-7.860443115,-0.40145874,0.189361572,0.968902588,-0.041656494
0.977401733,-7.499130249,0.629852295,-0.366516113,0.441101074,-0.527282715
0.922363281,-7.305297852,1.8621521,-0.366516113,0.441101074,-0.527282715
-0.556396484,-6.439102173,2.11819458,-0.546112061,0.496078491,-1.048950195
-1.161773682,-7.9609375,2.383789063,-0.546112061,0.496078491,-1.048950195
-0.082611084,-15.15136719,4.312408447,0.258987427,0.309158325,-0.440536499
-1.917907715,-13.818573,3.68788147,0.711654663,0.365982056,0.138549805
-0.290786743,-15.21836853,1.41947937,-0.167373657,0.441116333,-0.066085815
2.616485596,-19.61398315,-3.358978271,-0.626739502,0.403839111,0.103118896
4.358459473,-7.410583496,0.108215332,-1.342666626,0.541290283,0.770782471
3.236221313,-5.560943604,1.041427612,-1.012191772,0.678726196,-0.008682251
3.707611084,-9.932617188,1.060562134,0.379943848,-0.078720093,-0.642730713
2.72177124,-10.47579956,-0.068847656,0.379943848,-0.078720093,-0.642730713
2.286270142,-9.224349976,0.117797852,-0.117294312,-0.519165039,-0.270721436
3.370223999,-8.013580322,-0.272232056,-0.784957886,-0.565582275,0.001724243
2.374816895,-8.027938843,-0.300949097,-0.648132324,-0.524047852,-0.29699707
1.673721313,-8.599822998,-0.300949097,-0.508239746,-1.076873779,-0.358688354
0.625656128,-7.771911621,1.374023438,-0.508239746,-1.076873779,-0.358688354
0.757263184,-7.688156128,0.361862183,-0.544265747,-0.839248657,-0.532775879
0.403121948,-8.102111816,0.177612305,-0.411102295,-0.985244751,-0.325683594
-0.513320923,-8.329437256,0.98638916,-0.411102295,-0.985244751,-0.325683594
-1.36517334,-9.523452759,0.955276489,-0.777023315,-0.538085938,0.110458374
-0.22618103,-13.32086182,-1.487792969,-0.777023315,-0.538085938,0.110458374
2.798339844,-13.15336609,3.003540039,-0.546707153,-0.508773804,-0.094787598
-0.029968262,-10.95436096,4.125762939,0.21257019,-0.794052124,-0.191314697
1.247787476,-9.396636963,0.328353882,1.032958984,-0.481292725,0.280883789
3.243408203,-9.930236816,-3.09576416,1.586395264,0.445373535,0.206970215
3.741119385,-14.01239014,-4.938247681,2.240020752,0.481430054,0.299194336
-0.223800659,-13.87838745,-3.136444092,0.912017822,0.199203491,0.402435303
-3.671844482,-10.10969543,0.124969482,0.323135376,0.750198364,0.807449341
-0.896179199,-7.326843262,1.297454834,1.223556519,0.17477417,0.940612793
0.958267212,-8.051864624,0.182403564,0.901626587,0.666519165,0.644943237
1.712005615,-8.425140381,-0.463668823,0.901626587,0.666519165,0.644943237
0.762054443,-8.358154297,-0.253097534,0.198516846,0.882751465,0.194747925
0.051376343,-7.994430542,0.902633667,0.198516846,0.882751465,0.194747925
0.783584595,-7.814971924,1.974624634,-0.270004272,0.466140747,-0.210861206
0.204528809,-7.255050659,2.201934814,-0.502120972,0.636581421,-0.686721802
-2.298370361,-7.561340332,2.838424683,-0.417816162,0.670181274,-1.030639648
-3.231567383,-13.59603882,2.546508789,0.10383606,0.51991272,-0.747192383
-1.276641846,-14.3354187,3.123168945,0.466079712,0.735534668,-0.006225586
-0.740646362,-14.85705566,2.721176147,-0.516784668,0.900482178,0.157485962
1.13772583,-13.69413757,1.718582153,-0.516784668,0.900482178,0.157485962
4.07850647,-15.30212402,-0.482803345,-0.555267334,0.394073486,0.341964722
3.762649536,-7.905899048,-1.856292725,-0.555267334,0.394073486,0.341964722
2.571029663,-9.241104126,0.282897949,-1.003036499,0.445388794,-0.046539307
3.738723755,-9.729232788,0.51499939,-1.003036499,0.445388794,-0.046539307
2.542312622,-7.697723389,0.428863525,-0.27305603,0.000671387,-0.620132446
1.898635864,-7.420166016,0.739929199,-0.356124878,-0.397613525,-0.505889893
2.183380127,-7.793441772,-0.080810547,-0.491744995,-0.680435181,-0.265838623
2.130737305,-8.906097412,-0.341629028,-0.491744995,-0.680435181,-0.265838623
1.81729126,-9.487564087,0.187179565,-0.404388428,-0.845962524,-0.32875061
0.558654785,-8.671600342,1.010314941,-0.404388428,-0.845962524,-0.32875061
0.041809082,-8.592636108,0.488677979,-0.474014282,-0.805053711,-0.337921143
-0.044326782,-9.054458618,0.273330688,-0.412338257,-0.697540283,-0.48878479
-0.764572144,-9.973297119,1.287887573,-0.461212158,-0.76473999,-0.471084595
-1.106750488,-9.762741089,1.065353394,-0.620635986,-0.733566284,-0.01171875
1.1353302,-12.60780334,-1.238937378,-0.644454956,-0.423858643,0.041427612
1.941711426,-11.4233551,3.02986145,0.301147461,-0.485565186,-0.058746338
-0.175933838,-7.807800293,3.271530151,1.108703613,-0.678588867,0.451309204
2.745697021,-8.097335815,-0.891983032,1.108703613,-0.678588867,0.451309204
3.997146606,-14.05784607,-2.904342651,1.618774414,-0.259536743,0.356628418
2.157058716,-17.93661499,-5.423980713,3.262619019,-0.095230103,0.24911499
-3.980529785,-11.23910522,-2.136245728,0.351257324,0.095962524,0.251556396
-4.686401367,-9.688552856,0.74949646,-0.175933838,0.990875244,0.893569946
0.776412964,-7.496734619,2.106231689,1.113586426,-0.119659424,0.715209961
2.276702881,-7.860443115,0.120178223,1.113586426,-0.119659424,0.715209961
1.59475708,-7.616378784,-0.805831909,0.04397583,1.159484863,-0.108230591
0.972610474,-7.874801636,0.115402222,0.04397583,1.159484863,-0.108230591
0.958267212,-8.276794434,1.730560303,-0.471572876,0.468597412,-0.548049927
0.202133179,-8.281570435,2.194763184,-0.74281311,0.536407471,-0.862030029
-1.420211792,-7.243087769,2.666152954,-0.514968872,0.619491577,-0.860809326
-1.786300659,-11.31806946,2.044006348,-0.514968872,0.619491577,-0.860809326
-0.405654907,-14.57948303,2.922180176,-0.006118774,0.568786621,-0.293319702
-0.979919434,-14.21337891,2.264160156,0.409881592,0.617645264,0.255218506
0.171020508,-14.71827698,0.909820557,-0.552215576,0.86869812,0.207580566
2.422668457,-12.50012207,-1.53086853,-0.50579834,0.797851563,0.41343689
2.94909668,-6.326644897,-0.076034546,-0.50579834,0.797851563,0.41343689
2.236022949,-9.710098267,1.735336304,-1.541824341,1.699478149,0.250946045
3.626251221,-9.372711182,0.089080811,-0.396453857,0.672622681,-0.118011475
3.446792603,-8.240905762,-0.358383179,-0.193023682,0.543121338,-0.486358643
2.202529907,-8.032730103,0.840423584,-0.497238159,0.100234985,-0.261566162
2.628448486,-8.054260254,0.658569336,-0.500915527,-0.062240601,-0.180923462
2.353271484,-8.757751465,-0.231567383,-0.500915527,-0.062240601,-0.180923462
2.276702881,-9.233917236,-0.592880249,-0.390350342,-0.235717773,-0.259109497
1.300430298,-8.824752808,0.488677979,-0.392776489,-0.577804565,-0.390457153
0.795547485,-8.673995972,0.282897949,-0.347579956,-0.451339722,-0.488189697
-0.022796631,-9.166915894,0.546112061,-0.449584961,-0.531982422,-0.536437988
-0.128082275,-8.87020874,1.153884888,-0.50151062,-0.819702148,-0.111297607
0.130340576,-9.834518433,0.582000732,-0.741577148,-0.686538696,0.277832031
3.011306763,-12.26322937,0.890670776,-0.741577148,-0.686538696,0.277832031
3.377410889,-11.32763672,2.591964722,-0.025650024,-0.55947876,-0.06362915
1.420074463,-9.473205566,0.771026611,1.172241211,-0.670028687,0.002349854
2.350891113,-10.9065094,-3.012023926,1.800201416,-0.181350708,0.027984619
3.389373779,-13.43571472,-3.746612549,2.467880249,-0.06590271,0.313858032
1.171218872,-14.69433594,-2.62677002,2.467880249,-0.06590271,0.313858032
-3.133468628,-9.702911377,-0.296173096,1.401306152,-0.540542603,0.45803833
-2.51133728,-8.932418823,-0.188491821,0.538162231,0.157058716,0.704208374
-0.558792114,-8.367721558,1.412307739,0.609634399,-0.068954468,0.908233643
0.819473267,-8.645278931,0.397750854,0.606567383,0.326873779,0.66204834
1.032440186,-8.501724243,0.153686523,0.606567383,0.326873779,0.66204834
0.22366333,-8.367721558,1.108413696,-0.295043945,0.496704102,-0.315917969
0.187774658,-8.63571167,1.488876343,-0.295043945,0.496704102,-0.315917969
0.180587769,-8.231323242,1.697052002,-0.452026367,0.329315186,-0.598129272
-0.221405029,-7.649871826,2.041625977,-0.610244751,0.389801025,-0.921295166
-1.219207764,-7.922653198,2.783401489,-0.610244751,0.389801025,-0.921295166
-2.403656006,-10.90411377,2.99395752,-0.381790161,0.473480225,-1.027572632
-1.12828064,-13.75634766,3.953491211,0.21685791,0.389175415,-0.267059326
-1.293380737,-16.93881226,2.034439087,0.530822754,0.445999146,0.195343018
0.510803223,-14.72305298,-2.014221191,-0.182037354,0.603607178,0.012115479
0.862548828,-11.17210388,-0.793869019,-0.575439453,0.910247803,0.221008301
2.0493927,-7.393844604,0.079498291,-0.575439453,0.910247803,0.221008301
3.911010742,-11.55496216,0.768630981,-0.868026733,1.003723145,0.274154663
3.824859619,-9.729232788,-0.83934021,-0.486846924,0.421569824,-0.16809082
2.0493927,-8.221755981,0.680099487,-0.54977417,0.169891357,-0.418548584
1.152084351,-6.183074951,1.476913452,-0.41293335,-0.252822876,-0.165023804
1.697647095,-8.566329956,-0.040130615,-0.411102295,-0.049423218,-0.183364868
1.776611328,-9.901519775,-0.772338867,-0.411102295,-0.049423218,-0.183364868
2.023071289,-8.860641479,0.153686523,-0.50151062,-0.15814209,-0.188247681
1.152084351,-8.372497559,1.378814697,-0.510681152,-0.705474854,-0.273162842
-0.23576355,-8.841491699,0.359466553,-0.208312988,-0.575973511,-0.472305298
-1.12828064,-9.714874268,1.022277832,-0.466690063,-0.509384155,-0.040435791
-0.266860962,-9.528244019,0.931350708,-0.767868042,-0.469070435,0.201461792
2.48487854,-11.44010925,-0.193283081,-0.767868042,-0.469070435,0.201461792
5.808517456,-11.14338684,2.216293335,-0.01222229,-0.668197632,-0.177261353
3.023269653,-9.432525635,3.412704468,-0.01222229,-0.668197632,-0.177261353
2.381988525,-9.128631592,0.481506348,1.309692383,-1.016403198,0.100067139
2.063751221,-12.83750916,-3.361373901,1.926651001,-0.562530518,0.018829346
2.405914307,-15.32125854,-5.167953491,2.940063477,-0.289474487,0.403060913
-2.94921875,-11.11946106,-1.561965942,0.986541748,-0.961425781,0.692596436
-2.772155762,-9.590454102,1.168243408,0.016494751,-0.111724854,0.933273315
1.053970337,-9.236312866,2.156478882,0.692092896,-0.716461182,1.05178833
1.879501343,-9.09513855,-0.092773438,0.882064819,-0.453796387,0.738418579
1.278900146,-8.614181519,-0.463668823,0.105667114,-0.279083252,0.28515625
0.257156372,-8.714675903,0.670532227,-0.397064209,-0.668212891,-0.134490967
-0.319503784,-8.458648682,2.106231689,-0.397064209,-0.668212891,-0.134490967
-0.838745117,-7.984863281,2.304824829,-0.535110474,-0.522201538,-0.433807373
-2.116516113,-7.479980469,2.223480225,-0.535110474,-0.522201538,-0.433807373
-4.131271362,-9.712478638,2.79536438,-0.675003052,0.137496948,-0.752685547
-3.870452881,-11.75834656,3.0131073,-0.675003052,0.137496948,-0.752685547
-0.812423706,-14.66801453,3.90562439,0.126449585,0.000686646,0.108627319
-1.484817505,-14.37849426,1.417098999,0.291366577,0.489974976,0.35357666
-0.077835083,-13.53620911,-1.270050049,-0.60597229,0.482635498,0.019424438
2.917984009,-7.424942017,-0.044921875,-0.282836914,0.323822021,0.324859619
2.408309937,-7.602020264,0.596359253,-0.943786621,0.770965576,0.215515137
2.781585693,-11.24627686,0.625076294,-0.317657471,0.213867188,-0.334869385
1.767028809,-9.748382568,0.101043701,-0.317657471,0.213867188,-0.334869385
0.855361938,-8.140396118,1.266342163,-0.323760986,0.184539795,-0.433807373
1.420074463,-7.867614746,0.699249268,-0.590698242,0.127120972,-0.223678589
1.436828613,-8.470611572,0.05317688,-0.665222168,0.425216675,-0.169921875
1.802932739,-8.774505615,-0.087997437,-0.589477539,0.123458862,-0.320205688
1.714385986,-8.013580322,0.672927856,-0.589477539,0.123458862,-0.320205688
0.575408936,-7.96812439,0.397750854,-0.375686646,-0.157531738,-0.399002075
0.532333374,-9.071212769,-0.645523071,-0.375686646,-0.157531738,-0.399002075
0.470123291,-10.54997253,0.129760742,-0.610855103,-0.522216797,-0.404495239
-0.192687988,-10.64089966,0.649002075,-0.844207764,-0.414703369,-0.285385132
-0.207046509,-10.18386841,-0.547409058,-0.844818115,-0.570480347,-0.08013916
2.872512817,-10.36094666,2.769042969,-0.209533691,-0.560089111,-0.146102905
0.876907349,-12.1890564,4.369842529,0.890640259,-0.131866455,0.034103394
1.501434326,-10.36094666,-0.188491821,0.890640259,-0.131866455,0.034103394
4.219680786,-9.537811279,-2.160171509,1.194824219,-0.09765625,0.310806274
3.334335327,-12.33023071,-3.023986816,1.535705566,0.586502075,0.524612427
2.712203979,-16.58467102,-3.670043945,2.028656006,-0.172195435,0.298583984
-2.248123169,-11.85884094,-2.236740112,2.028656006,-0.172195435,0.298583984
-2.94682312,-10.33700562,0.079498291,0.831985474,0.354354858,0.362121582
0.68069458,-8.075790405,0.500640869,0.812438965,0.280456543,0.95892334
1.522964478,-7.999221802,1.012710571,0.805725098,0.201644897,0.758560181
0.819473267,-7.635513306,0.280502319,0.352462769,0.793579102,0.461685181
-0.393676758,-7.537414551,0.07472229,0.058029175,0.490585327,0.079910278
-0.101760864,-7.692947388,0.938522339,0.058029175,0.490585327,0.079910278
1.13772583,-7.946578979,1.785583496,-0.322525024,0.269454956,-0.399002075
0.714187622,-7.807800293,1.852584839,-0.533889771,0.325042725,-0.738647461
-0.711929321,-8.367721558,2.149291992,-0.533889771,0.325042725,-0.738647461
-2.061477661,-9.750762939,2.859970093,-0.42149353,0.155227661,-0.86630249
-2.226593018,-11.96412659,3.032241821,0.291381836,0.073974609,-0.371505737
-1.556594849,-11.92344666,3.982192993,0.623062134,0.316482544,0.144042969
-0.23576355,-16.06303406,2.57522583,-0.408050537,0.446594238,0.010284424
1.606719971,-12.49533081,-0.353591919,-0.408050537,0.446594238,0.010284424
-0.654495239,-12.60540771,-2.41859436,-0.745254517,0.338485718,-0.048980713
3.523361206,-9.887161255,1.445800781,-0.63835144,0.166824341,0.613800049
3.891860962,-6.123245239,0.103439331,-0.793502808,0.576721191,0.266220093
3.520980835,-10.88256836,0.948104858,-0.147216797,-0.196014404,-0.482681274
1.183181763,-9.949371338,0.857177734,-0.09223938,-0.663925171,-0.091110229
1.3722229,-8.800827026,1.476913452,-0.09223938,-0.663925171,-0.091110229
2.082885742,-8.1978302,0.136932373,-0.511291504,-0.402481079,-0.060577393
1.668930054,-8.406005859,-0.540237427,-0.568099976,-0.341400146,-0.289047241
1.525360107,-8.463424683,-0.202850342,-0.568099976,-0.341400146,-0.289047241
1.597137451,-9.470809937,0.366638184,-0.455703735,-0.704864502,-0.336074829
0.439025879,-9.33203125,-0.14541626,-0.464874268,-0.784881592,-0.32019043
-0.405654907,-8.513687134,-0.523483276,-0.625518799,-0.78427124,-0.337921143
-0.989501953,-8.078186035,0.407318115,-0.678039551,-0.613845825,-0.402053833
-1.085205078,-8.159545898,1.409912109,-0.678039551,-0.613845825,-0.402053833
-0.460678101,-8.831924438,0.926559448,-0.535720825,-0.352996826,-0.218795776
0.154266357,-12.33979797,-1.112121582,-0.716537476,-0.459899902,-0.053863525
4.277099609,-15.76872253,-0.815414429,-0.452041626,-0.521606445,-0.357467651
0.568237305,-13.17489624,2.053588867,0.139266968,-0.574142456,-0.227340698
0.321777344,-9.480377197,1.134735107,0.139266968,-0.574142456,-0.227340698
2.298248291,-7.252670288,-0.303344727,0.738525391,-0.564361572,0.348068237
1.841217041,-8.595031738,-1.621795654,1.457504272,0.088638306,0.407333374
0.44140625,-12.815979,-3.079025269,2.107467651,0.14302063,0.502624512
-1.037353516,-14.88337708,-3.007232666,1.031738281,0.21875,0.483688354
-2.71232605,-8.798431396,0.677703857,0.741577148,1.067230225,0.84286499
0.305023193,-7.846084595,1.098846436,0.741577148,1.067230225,0.84286499
1.171218872,-9.020965576,1.039031982,1.318847656,0.520523071,0.716415405
0.269134521,-9.513885498,-0.054489136,0.897964478,0.858932495,0.386566162
-0.565963745,-9.446884155,0.182403564,0.261428833,1.014099121,0.103729248
-0.130477905,-8.865432739,1.101242065,0.261428833,1.014099121,0.103729248
1.106613159,-8.20022583,1.850189209,-0.447769165,0.80090332,-0.659225464
0.364837646,-7.207199097,1.737731934,-0.621246338,0.615203857,-0.936569214
-1.202453613,-7.355560303,2.230651855,-0.621246338,0.615203857,-0.936569214
-2.092590332,-8.63571167,3.70463562,-0.416610718,0.508911133,-0.903579712
-2.138046265,-14.50770569,5.444213867,0.413543701,0.498535156,-0.329360962
-0.180725098,-18.26921082,1.400344849,0.111175537,0.683609009,0.145889282
-0.192687988,-12.79682922,-1.865859985,-0.682327271,0.615203857,0.390838623
2.310211182,-11.33003235,-0.425384521,-0.81489563,0.920623779,0.574707031
3.185974121,-6.721450806,-1.018798828,-0.786178589,1.059295654,0.126327515
4.98059082,-9.09274292,-0.667053223,-0.786178589,1.059295654,0.126327515
3.664550781,-9.229141235,0.27571106,-0.581542969,0.431945801,-0.698318481
3.063949585,-7.082778931,1.393157959,-0.337188721,-0.179519653,-0.542556763
2.496841431,-7.52545166,0.213500977,-0.091018677,-0.991348267,-0.293930054
2.338912964,-10.34179688,-0.860870361,-0.297485352,-0.910110474,-0.249954224
1.999145508,-11.43052673,0.117797852,-0.416610718,-0.96875,-0.444213867
0.699829102,-8.963531494,0.885879517,-0.416610718,-0.96875,-0.444213867
0.211700439,-7.659439087,-0.272232056,-0.521072388,-1.042678833,-0.504074097
0.699829102,-8.449081421,-0.171737671,-0.524734497,-1.147125244,-0.497955322
0.132736206,-9.269805908,0.727966309,-0.463027954,-0.940658569,-0.488189697
-0.051513672,-8.958740234,1.043807983,-0.458145142,-0.984024048,-0.37272644
-0.554000854,-10.81079102,0.225463867,-0.519226074,-1.039611816,-0.165039063
-0.168762207,-15.2877655,0.806930542,-0.19303894,-0.648666382,-0.006225586
-1.178527832,-12.68197632,1.065353394,0.191802979,-0.733566284,0.188034058
1.295654297,-10.07858276,-0.274627686,0.191802979,-0.733566284,0.188034058
3.961257935,-8.334213257,-1.07623291,0.663391113,-0.337738037,0.507507324
3.499435425,-9.588058472,-1.875427246,1.55279541,0.345809937,0.480010986
0.618484497,-13.25386047,-3.294372559,2.340820313,0.10635376,0.528884888
-4.494979858,-12.31347656,-2.42817688,2.340820313,0.10635376,0.528884888
-4.229385376,-9.384674072,-0.188491821,0.996307373,0.78074646,0.439697266
0.185379028,-7.788650513,0.873916626,0.550994873,1.19430542,0.817214966
2.336532593,-8.745788574,1.323776245,1.081832886,0.577331543,0.530105591
1.546890259,-8.791244507,0.199142456,0.565643311,1.110610962,0.258895874
0.300231934,-9.09274292,-0.176528931,0.565643311,1.110610962,0.258895874
0.695053101,-8.561538696,0.787780762,0.207687378,1.001876831,-0.117401123
1.300430298,-8.544784546,1.649200439,-0.340240479,0.723327637,-0.496734619
1.099441528,-8.054260254,1.931549072,-0.483810425,0.678741455,-0.726425171
0.235626221,-8.133224487,1.503234863,-0.483810425,0.678741455,-0.726425171
-1.049316406,-9.406204224,3.297851563,-0.508239746,0.260894775,-0.859588623
-0.096969604,-12.23690796,3.022674561,-0.083084106,0.234634399,-0.680007935
-0.886611938,-12.26083374,2.680496216,0.662780762,0.26272583,-0.254226685
-0.836349487,-16.76173401,-2.933059692,0.149658203,0.252960205,0.109237671
2.082885742,-9.801025391,-2.263061523,-0.799606323,0.723937988,0.194137573
4.104827881,-6.302719116,1.445800781,-0.799606323,0.723937988,0.194137573
5.045196533,-9.042495728,1.519989014,-0.847259521,1.02935791,-0.06791687
4.104827881,-9.949371338,-0.83934021,-0.028091431,-0.205169678,-0.640914917
2.468139648,-8.975494385,0.335540771,-0.45753479,-0.575363159,-0.518112183
2.216888428,-6.290740967,0.704025269,-0.799621582,-0.881408691,0.006607056
2.135528564,-8.047073364,-0.37991333,-0.354919434,-0.60774231,-0.052642822
1.915390015,-9.77947998,-0.530670166,-0.354919434,-0.60774231,-0.052642822
0.568237305,-8.367721558,0.960067749,-0.164321899,-1.043884277,-0.397155762
0.00592041,-8.19543457,-0.092773438,-0.11668396,-0.958984375,-0.383728027
-0.085006714,-8.494537354,-0.035354614,-0.412338257,-0.894241333,-0.307983398
-0.585113525,-8.489746094,0.74949646,-0.323760986,-0.673095703,-0.351959229
-1.073242188,-10.74858093,0.201538086,-0.392776489,-0.607727051,-0.125946045
-0.539642334,-11.81578064,-0.590484619,-0.652404785,-0.618118286,0.115341187
2.149887085,-14.47898865,0.416900635,-0.602310181,-0.475784302,0.002334595
0.501235962,-11.71289063,2.486679077,-0.602310181,-0.475784302,0.002334595
2.70741272,-7.731231689,1.680297852,0.136825562,-0.947372437,0.12449646
4.815490723,-6.632919312,0.562850952,0.64994812,-0.799545288,0.529495239
2.236022949,-11.08357239,-1.4949646,1.957199097,0.064193726,0.450698853
1.834030151,-16.86463928,-5.38092041,2.535064697,-0.387817383,0.339538574
-3.8465271,-11.01657104,-3.076629639,-0.221740723,0.486923218,0.453140259
-2.697967529,-7.862838745,1.457778931,0.847869873,0.208358765,0.887466431
1.319580078,-7.72164917,1.65397644,0.847869873,0.208358765,0.887466431
1.881896973,-8.312683105,0.022079468,1.236999512,0.381240845,0.571044922
0.726150513,-8.690750122,-0.748413086,0.475845337,1.223007202,0.253997803
0.594558716,-8.379684448,1.22328186,-0.141723633,0.687896729,-0.112503052
1.403320313,-8.267227173,2.211517334,-0.328643799,0.513793945,-0.450912476
0.805114746,-7.664230347,1.747299194,-0.18081665,0.325042725,-0.675704956
-0.443939209,-9.32244873,1.539123535,-0.445327759,0.105133057,-0.695892334
-2.587905884,-10.01397705,2.151687622,-0.445327759,0.105133057,-0.695892334
-1.960983276,-11.55256653,4.709625244,0.043365479,0.270065308,-0.307983398
-1.458496094,-13.01219177,4.233444214,0.766021729,0.397735596,0.081130981
-1.180923462,-15.2111969,1.491271973,-0.13621521,0.594436646,-0.013549805
0.90083313,-19.60202026,-4.765960693,-0.773345947,0.645751953,0.236282349
3.422866821,-6.783676147,0.168045044,-0.773345947,0.645751953,0.236282349
3.552078247,-5.46522522,1.448196411,-1.265701294,1.154586792,0.515457153
4.29624939,-8.65725708,0.816497803,-0.605361938,0.89743042,-0.204742432
3.750686646,-9.757949829,-0.769943237,0.01159668,-0.052459717,-0.673278809
2.810302734,-9.004211426,0.541320801,-0.319473267,-0.390884399,-0.314697266
3.054367065,-7.238311768,1.132354736,-0.414169312,-0.477630615,-0.163208008
1.860351563,-8.748184204,-0.198059082,-0.302368164,-0.492294312,-0.141815186
1.886672974,-10.20541382,-0.774734497,-0.43737793,-0.836807251,-0.31652832
1.427261353,-8.803207397,0.876312256,-0.43737793,-0.836807251,-0.31652832
0.180587769,-7.7240448,0.110610962,-0.450805664,-0.781829834,-0.351959229
-0.587509155,-7.834121704,-0.578521729,-0.433105469,-0.798324585,-0.456420898
-0.592285156,-8.64289856,0.237426758,-0.436157227,-0.767791748,-0.413650513
-0.755004883,-9.915878296,0.605926514,-0.436157227,-0.767791748,-0.413650513
-1.561386108,-11.36352539,0.108215332,-0.769073486,-0.542373657,0.166030884
2.195343018,-12.815979,0.51499939,-0.769073486,-0.542373657,0.166030884
2.109207153,-11.56213379,3.290679932,-0.300552368,-0.445861816,-0.337310791
2.633239746,-8.645278931,1.328552246,0.582748413,-0.590637207,-0.077087402
2.968231201,-8.303115845,-1.102554321,1.283401489,-0.561904907,0.312042236
1.479888916,-12.17709351,-3.866256714,2.522857666,0.269454956,0.538040161
1.494247437,-15.73283386,-5.218200684,2.522857666,0.269454956,0.538040161
-2.358184814,-11.77270508,-2.64831543,1.791046143,-0.455627441,0.720092773
-3.257888794,-9.339202881,1.309417725,-0.204025269,0.444778442,0.977874756
0.127944946,-6.905700684,1.929153442,1.21987915,-0.047576904,1.07194519
1.568435669,-9.212387085,0.797348022,1.21987915,-0.047576904,1.07194519
0.852981567,-10.26043701,-1.372940063,1.441619873,0.053833008,0.560653687
0.025054932,-9.047286987,0.278106689,0.47706604,0.591369629,0.143432617
0.668731689,-8.365325928,2.137329102,-0.511291504,0.019012451,-0.353790283
-0.22857666,-6.539596558,2.166046143,-0.552825928,0.328094482,-0.547439575
-1.561386108,-5.802612305,3.0131073,-0.331085205,0.52784729,-0.747207642
-2.659683228,-10.47579956,3.039428711,0.018936157,0.207138062,-0.372116089
-3.446929932,-14.01239014,3.616104126,0.018936157,0.207138062,-0.372116089
-1.561386108,-12.68916321,3.821884155,0.131942749,0.693389893,-0.078918457
-0.498962402,-15.33082581,-0.805831909,-0.609634399,0.456375122,0.064025879
1.932144165,-16.32624817,-2.964172363,-0.609634399,0.456375122,0.064025879
3.865539551,-8.446685791,-0.135848999,-0.64201355,0.158889771,0.668167114
1.451187134,-6.905700684,0.239822388,-0.977996826,0.979888916,0.486129761
2.563842773,-10.2341156,-0.049713135,-0.660949707,0.761810303,-0.354400635
4.284286499,-9.614379883,-0.119094849,-0.262680054,0.245010376,-0.827835083
3.867935181,-8.662033081,0.034042358,-0.262680054,0.245010376,-0.827835083
2.422668457,-7.788650513,-0.006637573,-0.507003784,-0.254653931,-0.375793457
1.233428955,-8.666824341,-1.576324463,-0.697601318,-0.520385742,-0.097854614
1.257369995,-8.882171631,0.141723633,-0.47769165,-0.374984741,-0.486358643
0.850585938,-8.18586731,0.409713745,-0.47769165,-0.374984741,-0.486358643
0.068130493,-8.319854736,-0.791488647,-0.431884766,-0.429962158,-0.590194702
0.285873413,-8.482574463,-0.36555481,-0.490524292,-0.619338989,-0.588363647
0.034637451,-8.999420166,1.421875,-0.43737793,-0.522827148,-0.538879395
-0.692779541,-9.980484009,0.522171021,-0.43737793,-0.522827148,-0.538879395
-0.936859131,-12.46183777,-1.346618652,-0.365905762,-0.448303223,-0.226745605
1.068328857,-13.16772461,1.603729248,-0.26083374,-0.657821655,0.004776001
2.276702881,-11.17929077,1.919586182,0.150878906,-0.384155273,0.027374268
3.025665283,-9.413375854,-0.954193115,0.936447144,-0.389648438,0.436660767
2.917984009,-10.38008118,-2.473632813,1.875350952,-0.064682007,0.463531494
2.590164185,-13.69413757,-4.160583496,1.875350952,-0.064682007,0.463531494
-1.896377563,-10.90888977,-2.315704346,2.624252319,-0.376220703,0.559432983
-3.248321533,-8.214584351,0.335540771,0.75440979,0.185165405,0.571655273
-0.628173828,-9.250671387,1.065353394,1.322509766,0.418502808,0.671218872
0.809906006,-9.229141235,0.794952393,1.322509766,0.418502808,0.671218872
0.807510376,-8.764923096,-0.126281738,0.764785767,0.924911499,0.428695679
0.127944946,-9.001815796,0.936141968,0.764785767,0.924911499,0.428695679
0.376800537,-9.190856934,1.268737793,-0.177154541,0.841217041,-0.291488647
0.467727661,-8.477783203,1.228057861,-0.177154541,0.841217041,-0.291488647
0.168624878,-7.530227661,1.536727905,-0.585205078,0.757537842,-0.588989258
-1.011032104,-6.723846436,2.326370239,-0.8387146,0.460662842,-0.788116455
-0.281219482,-8.315078735,3.096847534,-0.538787842,0.57611084,-0.782012939
-0.396072388,-12.75854492,2.78817749,0.357955933,0.450271606,-0.478408813
0.276306152,-14.9407959,3.977416992,0.357955933,0.450271606,-0.478408813
-0.661682129,-16.68276978,3.649597168,0.498443604,0.133224487,-0.108230591
-1.006240845,-14.84269714,0.239822388,-0.355514526,0.063598633,0.041427612
-0.333862305,-15.43611145,-1.246124268,-0.485031128,0.097793579,0.609527588
1.757461548,-6.056243896,-0.982910156,-0.951721191,0.78074646,0.525222778
3.226654053,-8.130828857,-0.133453369,-0.562606812,0.517456055,-0.340362549
3.925354004,-10.73661804,0.05317688,-0.562606812,0.517456055,-0.340362549
2.48248291,-8.563934326,0.687286377,-0.448364258,-0.280914307,-0.279266357
3.157272339,-7.094741821,1.1849823,-0.448364258,-0.280914307,-0.279266357
2.563842773,-8.008789063,0.261352539,-0.400115967,-0.718902588,-0.169311523
1.960861206,-10.26283264,-0.62159729,-0.400115967,-0.718902588,-0.169311523
1.80531311,-9.281784058,-0.032958984,-0.459365845,-0.942489624,-0.513839722
1.058761597,-8.738601685,0.165649414,-0.459365845,-0.942489624,-0.513839722
0.20690918,-9.042495728,-0.226776123,-0.516784668,-1.04083252,-0.528503418
-0.508544922,-9.284164429,-0.176528931,-0.518630981,-1.083587646,-0.457641602
-0.728683472,-8.829528809,0.701644897,-0.485626221,-1.015182495,-0.245666504
-0.752609253,-7.846084595,0.97442627,-0.56199646,-0.792831421,-0.166259766
-0.647323608,-9.32723999,0.438430786,-0.499069214,-0.522827148,-0.059967041
-0.558792114,-13.26104736,1.436233521,0.141708374,-0.585754395,0.042648315
-0.063476563,-14.70152283,2.867141724,0.423934937,-0.55947876,0.272949219
0.072921753,-10.64807129,0.773422241,0.423934937,-0.55947876,0.272949219
1.745498657,-7.542190552,-0.915908813,0.563201904,-0.172180176,0.608306885
1.972824097,-10.97111511,-2.64112854,1.567459106,0.433166504,0.501403809
3.322372437,-16.23771667,-4.792282104,1.995681763,0.351913452,0.555145264
0.151885986,-14.80441284,-3.935653687,1.995681763,0.351913452,0.555145264
-2.96836853,-9.138214111,-0.260269165,-0.022613525,0.973175049,0.447647095
-0.697570801,-7.52545166,1.058166504,1.159408569,1.253555298,0.773849487
0.790756226,-7.767120361,1.031845093,1.38053894,0.287780762,0.598526001
1.376998901,-8.693145752,0.558074951,1.38053894,0.287780762,0.598526001
-0.23336792,-9.305709839,-0.250701904,0.724472046,1.212631226,0.430541992
0.324157715,-8.226547241,1.304626465,0.238845825,1.513168335,0.082351685
1.958465576,-7.877182007,1.936340332,-0.131942749,0.841827393,-0.341583252
1.642608643,-7.010986328,1.417098999,-0.342697144,0.637176514,-0.621963501
-0.034759521,-7.077987671,1.278305054,-0.42149353,0.373916626,-0.857147217
-1.032562256,-8.496932983,3.175811768,-0.42149353,0.373916626,-0.857147217
-1.207244873,-13.35914612,2.967636108,0.003051758,0.257232666,-0.819885254
-0.783706665,-13.89753723,4.654586792,0.823425293,0.055664063,-0.343414307
-1.491989136,-15.7663269,3.096847534,0.131332397,0.010467529,-0.155273438
-1.649917603,-12.57429504,-0.480407715,-0.646896362,0.390396118,-0.040420532
-0.202255249,-17.20440674,-3.33984375,-0.732421875,0.698898315,0.68711853
5.6769104,-7.692947388,0.479110718,-1.043960571,1.042816162,0.319351196
4.609710693,-4.1300354,0.07711792,-1.043960571,1.042816162,0.319351196
2.980194092,-9.489959717,0.424072266,-0.260223389,0.275558472,-0.591430664
2.757659912,-11.4616394,-0.485198975,-0.260223389,0.275558472,-0.591430664
2.465744019,-6.809997559,1.307022095,-0.502120972,-0.510620117,-0.256668091
1.006118774,-6.972702026,0.06036377,-0.48135376,-0.32673645,-0.364181519
0.812301636,-9.777084351,-0.61920166,-0.219909668,-0.428131104,-0.263381958
1.697647095,-10.58346558,0.043609619,-0.219909668,-0.428131104,-0.263381958
0.331344604,-9.159744263,0.07711792,-0.558334351,-0.685317993,-0.397155762
-0.357788086,-8.595031738,-0.846511841,-0.510681152,-0.786727905,-0.425888062
-0.843536377,-8.6381073,-0.403839111,-0.571762085,-0.759841919,-0.413665771
-0.518112183,-9.049667358,0.500640869,-0.571762085,-0.759841919,-0.413665771
-0.130477905,-9.032928467,0.086685181,-0.635910034,-0.391494751,-0.270721436
0.077697754,-10.10250854,-1.451904297,-0.449584961,-0.519165039,0.065856934
1.214294434,-13.13421631,-0.492385864,-0.321914673,-0.480072021,0.109222412
0.541915894,-13.85925293,1.823867798,-0.009170532,-0.63583374,-0.116165161
1.752685547,-10.95436096,0.325973511,-0.009170532,-0.63583374,-0.116165161
4.848983765,-8.630935669,-0.408630371,0.598632813,-0.805053711,0.081741333
2.212097168,-7.623550415,-0.726882935,1.105651855,-0.489227295,0.277832031
0.084884644,-10.96392822,-1.841934204,2.056762695,-0.374984741,0.591812134
-1.712127686,-15.34757996,-2.586105347,1.920547485,-0.93637085,0.508117676
-3.499572754,-10.42555237,-0.982910156,0.764190674,0.159500122,0.538665771
-1.264678955,-7.219161987,0.012512207,0.764190674,0.159500122,0.538665771
-0.125686646,-8.19303894,0.991165161,1.065338135,0.087417603,0.694442749
0.45098877,-9.700515747,0.416900635,0.809387207,0.397735596,0.477584839
-0.518112183,-9.241104126,0.158462524,0.475845337,0.494873047,0.128768921
-0.362579346,-8.219360352,1.005523682,-0.046432495,0.467987061,-0.175430298
0.417480469,-8.075790405,1.551086426,-0.046432495,0.467987061,-0.175430298
0.271514893,-7.836517334,1.572631836,-0.507629395,0.505859375,-0.417327881
-0.70475769,-7.391448975,1.625274658,-0.712249756,0.393463135,-0.593261719
-1.470458984,-5.91746521,2.8097229,-0.554046631,0.376953125,-0.713592529
-0.90814209,-13.19882202,4.551696777,0.475845337,0.24256897,-0.364181519
-1.487197876,-15.81178284,2.735534668,0.855819702,0.026947021,-0.083175659
0.46295166,-16.00561523,-3.248916626,-0.587036133,0.431930542,0.113510132
0.776412964,-15.33082581,-2.459274292,-0.875366211,0.706222534,0.47756958
2.209701538,-8.061431885,1.249603271,-0.874145508,0.799682617,0.531951904
2.140319824,-8.236114502,0.242218018,-0.482574463,0.800292969,-0.343414307
4.09286499,-10.43511963,0.483886719,-0.482574463,0.800292969,-0.343414307
3.389373779,-9.116668701,0.584396362,-0.21685791,0.274963379,-0.802780151
2.906021118,-7.676193237,1.158660889,-0.461196899,-0.282745361,-0.339141846
2.676300049,-7.341201782,0.52935791,-0.361618042,-0.393920898,-0.286605835
1.537322998,-8.516067505,0.002929688,-0.183868408,-0.607727051,-0.406341553
1.365036011,-9.595230103,-0.430160522,-0.326812744,-0.766555786,-0.515075684
1.168823242,-8.987457275,0.29006958,-0.326812744,-0.766555786,-0.515075684
-0.135253906,-8.348571777,-0.044921875,-0.574813843,-0.469070435,-0.351348877
-0.207046509,-7.685760498,-0.643127441,-0.667678833,-0.509994507,-0.292098999
-0.00604248,-6.987060547,-0.231567383,-0.667678833,-0.509994507,-0.292098999
0.793151855,-8.202606201,0.330749512,-0.525344849,-0.239395142,-0.265213013
1.207107544,-9.858444214,-0.310531616,-0.525344849,-0.239395142,-0.265213013
1.463150024,-12.6293335,-0.880020142,-0.561981201,-0.390274048,-0.011123657
0.967834473,-13.95018005,1.496063232,-0.22052002,-0.83190918,-0.143051147
-1.12348938,-13.56492615,3.039428711,0.046417236,-0.791610718,0.078079224
0.982192993,-9.518661499,-0.085601807,0.046417236,-0.791610718,0.078079224
3.329544067,-7.695327759,-0.700561523,0.69821167,-0.80809021,0.45803833
1.606719971,-11.46881104,-2.160171509,1.228439331,0.022064209,0.731689453
1.398544312,-16.64927673,-2.923492432,2.324325562,-0.272979736,0.777511597
-2.047119141,-9.678985596,-1.260482788,0.907119751,-0.083618164,0.399383545
-0.604248047,-7.518264771,0.479110718,1.178955078,0.541290283,0.781188965
0.154266357,-9.439697266,0.593963623,1.489273071,0.331771851,0.599746704
-0.530075073,-9.135818481,-0.322494507,1.489273071,0.331771851,0.599746704
-0.826782227,-8.578292847,0.129760742,0.656661987,1.04586792,0.421981812
0.484481812,-7.74559021,1.907623291,0.001831055,0.996383667,0.139160156
1.446395874,-7.166519165,1.979400635,-0.147827148,0.717834473,-0.199859619
0.91998291,-6.618560791,1.852584839,-0.290161133,0.650024414,-0.565765381
-0.580322266,-6.518066406,2.285690308,-0.415390015,0.413619995,-0.946334839
-2.343841553,-9.375091553,2.769042969,-0.211349487,0.615203857,-0.967712402
-2.839141846,-15.47918701,3.118392944,0.227844238,0.578552246,-0.329345703
0.214096069,-13.61039734,3.819488525,0.227844238,0.578552246,-0.329345703
-0.709533691,-16.08695984,3.405532837,0.235168457,0.453933716,-0.049591064
0.910400391,-13.35197449,-1.430358887,-0.652404785,0.401412964,0.002319336
4.628845215,-13.84967041,-0.635955811,-0.572982788,0.482040405,0.531341553
3.442016602,-5.096725464,0.493469238,-1.158187866,0.885192871,0.394500732
1.410507202,-7.202407837,1.216094971,-0.188140869,0.177825928,-0.518112183
1.836425781,-10.38008118,0.627456665,-0.035446167,0.025726318,-0.755142212
3.903823853,-9.702911377,0.414505005,-0.035446167,0.025726318,-0.755142212
3.451583862,-7.822158813,0.392959595,-0.383621216,-0.223510742,-0.33241272
1.778991699,-8.233718872,-0.245925903,-0.507019043,-0.617507935,-0.185806274
1.841217041,-9.53302002,-0.580917358,-0.381790161,-0.739685059,-0.270721436
1.566040039,-9.537811279,0.115402222,-0.381790161,-0.739685059,-0.270721436
0.68548584,-8.449081421,0.239822388,-0.550384521,-0.941879272,-0.547439575
0.269134521,-7.841293335,-0.066452026,-0.527786255,-0.941879272,-0.448486328
-0.202255249,-7.645080566,0.29725647,-0.576660156,-1.074432373,-0.497344971
-0.355392456,-8.700317383,0.452789307,-0.565048218,-0.910720825,-0.448471069
-0.259689331,-11.15774536,-0.178924561,-0.680496216,-0.488616943,-0.226135254
1.290863037,-14.34020996,-0.154998779,-0.516174316,-0.701797485,-0.237121582
-0.955993652,-12.86383057,2.771438599,-0.237625122,-0.677368164,-0.150985718
0.159057617,-10.5092926,0.991165161,0.523498535,-0.690795898,0.31690979
3.267333984,-10.08576965,-1.368148804,0.88269043,-0.467834473,0.505081177
4.478103638,-11.65785217,-3.679626465,1.524093628,0.149719238,0.456802368
2.212097168,-12.5790863,-3.629364014,1.140472412,0.274337769,0.370681763
-1.654708862,-11.32046509,-2.906738281,1.140472412,0.274337769,0.370681763
-1.81980896,-7.712081909,-0.564163208,0.777008057,0.141174316,0.732910156
1.649780273,-7.432128906,0.201538086,1.381149292,0.326873779,0.900283813
2.080490112,-8.511291504,-0.679016113,1.3487854,0.464309692,0.73046875
0.285873413,-8.733825684,-0.15020752,0.589477539,0.770980835,0.503845215
0.156661987,-8.705108643,0.96963501,0.408660889,0.384292603,0.142822266
1.147293091,-8.85824585,1.809509277,-0.074523926,0.35496521,-0.372131348
0.640014648,-8.121261597,1.697052002,-0.074523926,0.35496521,-0.372131348
-0.936859131,-7.427337646,2.345504761,-0.602905273,0.436828613,-0.724594116
-2.453903198,-8.556747437,3.587387085,-0.602905273,0.436828613,-0.724594116
-4.219802856,-12.3757019,3.00592041,-0.350631714,0.304275513,-0.865081787
-1.515914917,-13.12704468,3.900848389,0.467315674,0.370849609,-0.273162842
0.68309021,-17.04170227,2.493865967,0.158203125,0.595031738,0.227737427
1.668930054,-13.67739868,-1.73425293,-0.757461548,0.348251343,0.274780273
2.140319824,-13.73721313,-0.851303101,-0.718978882,0.589553833,0.725585938
3.451583862,-6.654464722,-0.561767578,-1.185699463,1.16986084,0.20880127
2.535125732,-8.295928955,0.191970825,-1.185699463,1.16986084,0.20880127
3.753082275,-10.13362122,1.120376587,-0.354309082,0.37147522,-0.538269043
3.238616943,-9.145385742,0.05557251,-0.155761719,-0.061019897,-0.686721802
2.647598267,-7.496734619,0.127365112,-0.535110474,-0.531387329,-0.22857666
1.951278687,-7.27897644,0.51260376,-0.604751587,-0.726242065,-0.386779785
0.671127319,-7.865219116,0.273330688,-0.334136963,-0.65965271,-0.39654541
0.869720459,-9.09992981,-0.006637573,-0.334136963,-0.65965271,-0.39654541
0.159057617,-9.489959717,0.354675293,-0.539382935,-0.545425415,-0.323867798
-0.238143921,-9.418167114,-0.39906311,-0.539382935,-0.545425415,-0.323867798
-0.207046509,-9.774703979,-0.210021973,-0.697601318,-0.512435913,-0.38861084
-0.140045166,-9.401412964,0.677703857,-0.696380615,-0.544204712,-0.275604248
-0.893783569,-9.133422852,1.017486572,-0.837493896,-0.379272461,0.002944946
0.290664673,-11.97131348,-0.217208862,-0.837493896,-0.379272461,0.002944946
2.094848633,-13.15336609,2.644607544,-0.251052856,-0.53503418,-0.085021973
1.221466064,-11.42575073,2.017684937,0.488067627,-0.33895874,0.041427612
3.308013916,-10.77967834,-3.148406982,1.139251709,-0.356674194,0.29737854
4.064147949,-10.67201233,-3.945220947,1.593139648,0.205917358,0.228347778
3.121368408,-11.94976807,-3.77293396,1.781265259,-0.09828186,0.388381958
0.386383057,-11.96652222,-2.243927002,1.781265259,-0.09828186,0.388381958
-3.542633057,-9.736419678,0.031646729,0.857650757,0.141174316,0.632736206
-2.238555908,-8.367721558,-0.37991333,1.178955078,0.387359619,0.882568359
-0.159194946,-7.130630493,0.168045044,1.178955078,0.387359619,0.882568359
0.864944458,-8.602218628,0.790176392,1.238815308,0.150344849,0.652282715
0.46295166,-8.841491699,0.488677979,0.643234253,0.857711792,0.36517334
-0.329071045,-8.65246582,0.663360596,0.19241333,1.02204895,0.054855347
0.620880127,-8.269607544,1.445800781,-0.083694458,0.523574829,-0.202301025
0.972610474,-8.111679077,1.716201782,-0.332305908,0.353759766,-0.44480896
0.252380371,-7.97769165,2.024871826,-0.332305908,0.353759766,-0.44480896
-1.063674927,-8.149978638,3.154281616,-0.295043945,0.3152771,-0.772842407
-1.865264893,-9.561737061,3.171035767,0.186294556,0.352523804,-0.851043701
-1.463272095,-13.24668884,2.922180176,0.186294556,0.352523804,-0.851043701
-1.334060669,-12.92126465,3.929550171,0.249832153,0.471664429,-0.417327881
0.364837646,-19.75515747,2.711608887,-0.166763306,0.472869873,-0.274383545
2.209701538,-13.86882019,-1.07623291,-0.935836792,0.546173096,-0.050201416
2.626052856,-13.97410583,-2.523880005,-0.879043579,0.285949707,0.444595337
2.463348389,-6.506103516,0.180007935,-0.817947388,0.354980469,0.474517822
2.104415894,-7.336410522,-0.104736328,-0.60534668,0.510131836,-0.441757202
3.894256592,-10.69833374,0.05557251,-0.60534668,0.510131836,-0.441757202
3.217086792,-9.09513855,-0.14302063,-0.344512939,0.121017456,-0.899902344
2.896453857,-7.30291748,1.058166504,-0.475860596,-0.2784729,-0.350738525
2.70741272,-7.499130249,0.357070923,-0.142333984,-0.621170044,-0.2603302
2.499237061,-9.422958374,-0.525878906,-0.096511841,-0.781829834,-0.272537231
2.166641235,-9.863235474,-0.427780151,-0.096511841,-0.781829834,-0.272537231
0.640014648,-9.260238647,0.282897949,-0.36529541,-1.108032227,-0.329971313
-0.032363892,-8.465820313,0.036437988,-0.568099976,-1.015777588,-0.279281616
0.092056274,-7.695327759,-0.499557495,-0.708602905,-1.125747681,-0.278656006
-0.01083374,-6.800415039,-0.152603149,-0.708602905,-1.125747681,-0.278656006
0.142303467,-7.06842041,0.302032471,-0.67805481,-0.991973877,-0.261550903
0.984588623,-8.827133179,-0.020996094,-0.557113647,-0.660873413,-0.080123901
1.384185791,-13.06483459,-0.444519043,-0.571762085,-0.596740723,0.216125488
1.061157227,-16.90530396,0.09147644,-0.571762085,-0.596740723,0.216125488
-1.681030273,-13.33761597,3.063354492,-0.293212891,-0.991348267,-0.012939453
-1.243133545,-10.37290955,1.094055176,0.058044434,-0.713409424,0.082962036
2.798339844,-9.068817139,-2.030960083,1.151473999,-0.199676514,0.362731934
4.021072388,-9.066421509,-2.959381104,1.495986938,0.494247437,0.396942139
3.090270996,-10.25566101,-3.933258057,2.037216187,-0.156295776,0.608306885
-0.790893555,-12.98347473,-2.332458496,1.358551025,0.067871094,0.423217773
-4.159988403,-11.43531799,-0.37991333,1.358551025,0.067871094,0.423217773
-2.305541992,-8.425140381,0.002929688,1.205230713,1.146652222,0.693832397
0.324157715,-10.157547,0.457565308,0.916900635,0.778915405,0.728027344
1.164047241,-9.470809937,-0.042526245,0.634063721,1.180847168,0.497131348
0.096847534,-8.087753296,0.560455322,0.006103516,1.301193237,0.121444702
-0.312332153,-8.319854736,1.472122192,-0.086730957,1.163757324,-0.256057739
0.766830444,-7.582870483,1.292663574,-0.236404419,1.069076538,-0.673278809
0.735733032,-6.59463501,1.177810669,-0.236404419,1.069076538,-0.673278809
-0.771743774,-5.958145142,3.115997314,-0.066589355,0.460037231,-0.879745483
-0.070648193,-9.303314209,3.446212769,-0.066589355,0.460037231,-0.879745483
-1.276641846,-12.61737061,4.331558228,0.98286438,0.537612915,-0.38067627
-2.133270264,-14.67520142,4.276519775,0.70614624,0.460037231,-0.100891113
0.300231934,-19.21678162,0.266143799,-0.365905762,0.752639771,-0.457641602
1.637817383,-17.80023193,-1.916107178,-0.787399292,0.7605896,-0.01171875
2.539916992,-8.429931641,0.191970825,-0.990219116,0.774032593,0.527053833
2.731338501,-7.276596069,-0.193283081,-0.640792847,0.604202271,-0.318984985
4.403930664,-10.99024963,-0.698165894,-0.468536377,-0.001754761,-0.915786743
3.456375122,-9.602416992,0.024475098,-0.468536377,-0.001754761,-0.915786743
3.209899902,-7.329238892,1.67791748,-0.577880859,-0.567428589,-0.343414307
2.815093994,-7.025344849,0.402542114,-0.334136963,-0.572296143,-0.199249268
2.279098511,-9.439697266,-0.947021484,-0.238235474,-0.837417603,-0.220016479
2.405914307,-9.497131348,0.407318115,-0.331085205,-1.157501221,-0.329360962
1.345901489,-8.913284302,0.218292236,-0.527786255,-1.128189087,-0.294540405
0.611297607,-8.209793091,-0.571334839,-0.509460449,-1.269302368,-0.239562988
-0.053909302,-6.939208984,-0.066452026,-0.48197937,-1.173995972,-0.268890381
-0.623397827,-7.161727905,0.902633667,-0.48197937,-1.173995972,-0.268890381
-0.573150635,-8.41557312,0.811706543,-0.442871094,-0.858184814,-0.227966309
0.979797363,-10.97111511,-0.418197632,-0.442871094,-0.858184814,-0.227966309
1.721572876,-15.1394043,-0.741226196,-0.408050537,-0.794036865,-0.14364624
-0.152008057,-15.11068726,0.538925171,-0.403778076,-0.818481445,-0.130828857
-2.798477173,-13.84967041,2.005722046,-0.226013184,-1.023742676,-0.066070557
-1.36756897,-11.63870239,-0.123886108,0.494796753,-0.481887817,0.038375854
3.573623657,-9.485168457,-2.145812988,0.748901367,-0.244888306,0.346237183
5.6434021,-7.779083252,-2.236740112,1.641372681,0.296340942,0.388381958
3.200332642,-7.568511963,-2.937850952,1.641372681,0.296340942,0.388381958
-0.664077759,-9.53302002,-1.815612793,1.883270264,-0.272979736,0.404891968
-3.612030029,-10.08337402,0.397750854,1.361602783,-0.196624756,0.742080688
-0.44631958,-9.518661499,0.627456665,1.361602783,-0.196624756,0.742080688
0.795547485,-9.935012817,-0.272232056,1.323120117,0.293273926,0.863037109
0.053771973,-11.06921387,-0.15977478,1.081222534,0.11491394,0.723144531
-1.032562256,-10.03312683,1.213699341,0.480133057,0.509521484,0.462921143
-0.611434937,-9.198028564,1.405136108,0.138046265,0.672622681,0.189865112
0.319381714,-8.504104614,1.321380615,-0.138671875,0.742874146,-0.198638916
0.439025879,-7.757553101,1.268737793,-0.455688477,0.615203857,-0.50100708
-0.039550781,-6.857849121,1.766448975,-0.455688477,0.615203857,-0.50100708
-1.281417847,-6.577880859,2.079910278,-0.530838013,0.424606323,-0.62562561
-1.250320435,-10.22694397,2.874328613,-0.11668396,0.488754272,-0.552322388
-0.666473389,-13.62475586,4.762252808,0.638336182,0.318328857,-0.230392456
-1.195281982,-17.82655334,3.125564575,0.026260376,0.475326538,-0.161987305
0.640014648,-13.83770752,-1.009231567,-0.824050903,0.307327271,0.071960449
1.003723145,-12.7776947,-1.825180054,-0.824050903,0.307327271,0.071960449
2.953872681,-7.74319458,0.172821045,-0.64994812,0.536407471,0.486740112
3.028045654,-7.702514648,-0.36315918,-0.692108154,0.551681519,0.5337677
3.16204834,-11.22714233,-0.186096191,-0.570556641,0.530288696,-0.251785278
2.099639893,-9.207595825,0.436035156,-0.328643799,-0.017044067,-0.578598022
2.281494141,-7.343597412,1.228057861,-0.468536377,-0.393325806,-0.2603302
2.188171387,-9.32723999,-0.312911987,-0.483795166,-0.332244873,-0.293930054
1.898635864,-10.01397705,-0.336853027,-0.485031128,-0.497161865,-0.346466064
0.788375854,-8.382080078,1.240020752,-0.511901855,-0.775726318,-0.362350464
0.439025879,-8.023147583,0.572433472,-0.511901855,-0.775726318,-0.362350464
0.546691895,-7.915481567,-0.501953125,-0.409881592,-0.737228394,-0.554779053
-0.522903442,-6.788452148,0.218292236,-0.409881592,-0.737228394,-0.554779053
-0.745422363,-7.575698853,0.849990845,-0.60597229,-0.74029541,-0.48085022
-0.551605225,-9.760345459,0.29246521,-0.510070801,-0.456222534,-0.060577393
-0.783706665,-14.95277405,0.189575195,-0.306030273,-0.359725952,-0.094177246
-0.802856445,-15.33082581,2.228256226,-0.111175537,-0.333450317,-0.307373047
-1.793487549,-13.6199646,1.486480713,0.360397339,-0.090332031,-0.071594238
1.187973022,-11.31567383,0.830856323,0.360397339,-0.090332031,-0.071594238
3.827255249,-7.970504761,-1.112121582,0.70614624,-0.16973877,0.601577759
4.478103638,-6.300323486,-2.834945679,0.857025146,0.139343262,0.589355469
2.389175415,-10.30351257,-3.512115479,1.738494873,-0.120269775,0.391448975
1.266937256,-13.73002625,-2.394668579,1.738494873,-0.120269775,0.391448975
-2.827178955,-10.95436096,-1.51890564,1.770874023,-0.077514648,0.250946045
0.343307495,-9.004211426,0.627456665,0.972473145,0.275558472,0.768966675
0.479690552,-10.36572266,0.7447052,1.152679443,0.21446228,0.779953003
0.182983398,-9.489959717,0.416900635,0.805099487,0.42338562,0.583862305
-0.46307373,-8.20022583,0.376220703,0.238220215,0.629852295,0.340133667
-0.252502441,-7.757553101,1.378814697,-0.375076294,0.570007324,-0.024551392
0.642410278,-7.30291748,1.809509277,-0.607192993,0.466766357,-0.512619019
0.405517578,-6.37928772,2.09664917,-0.607192993,0.466766357,-0.512619019
-1.36517334,-6.544387817,2.843215942,0.000610352,0.217544556,-0.683670044
-2.980331421,-14.10331726,2.864746094,0.000610352,0.217544556,-0.683670044
-0.544433594,-15.68257141,2.926971436,0.620010376,0.062988281,0.054870605
-2.403656006,-15.24468994,2.914993286,-0.19241333,0.540679932,0.213684082
-0.90574646,-11.93302917,0.156082153,-0.623687744,0.362304688,0.242401123
2.355667114,-14.56274414,-0.281814575,-0.225402832,0.450271606,0.545379639
2.011108398,-7.137802124,-0.444519043,-1.072677612,0.965835571,0.262542725
2.456161499,-10.432724,0.842819214,-0.729370117,0.911468506,-0.469238281
2.547088623,-9.817764282,0.07232666,-0.367736816,0.342758179,-0.55355835
2.283889771,-8.085357666,0.254180908,-0.367736816,0.342758179,-0.55355835
2.054168701,-7.207199097,0.687286377,-0.583374023,-0.116592407,-0.337295532
2.092453003,-8.384475708,0.369033813,-0.591934204,-0.02192688,-0.336090088
2.137924194,-9.774703979,-0.193283081,-0.324371338,-0.354217529,-0.411224365
0.843399048,-8.812789917,0.716003418,-0.298095703,-0.583297729,-0.466796875
0.060958862,-8.394042969,-0.023391724,-0.280395508,-0.446472168,-0.443588257
-0.417617798,-8.846282959,-0.454101563,-0.455093384,-0.483734131,-0.460693359
-0.819610596,-9.870407104,-0.080810547,-0.661560059,-0.43119812,-0.203521729
-1.037353516,-8.841491699,0.818893433,-0.661560059,-0.43119812,-0.203521729
-0.460678101,-10.27958679,0.586776733,-0.998764038,-0.361557007,0.145874023
2.594955444,-12.31826782,1.295059204,-0.998764038,-0.361557007,0.145874023
2.417877197,-12.45944214,3.094467163,-0.395217896,-0.186233521,-0.276824951
1.281295776,-10.80599976,0.000549316,0.713470459,-0.380493164,-0.428329468
3.243408203,-9.877593994,-2.19128418,1.409255981,-0.521606445,0.073196411
5.040420532,-9.205200195,-2.803848267,1.695739746,-0.250991821,0.368850708
4.655166626,-11.77749634,-3.069442749,2.100143433,-1.010910034,0.358459473
1.384185791,-12.84947205,-2.923492432,1.600448608,-0.811767578,0.387176514
-3.545028687,-12.0287323,-1.566757202,1.600448608,-0.811767578,0.387176514
-3.363174438,-9.262634277,0.046005249,1.12336731,-0.307189941,1.035903931
-0.817214966,-10.18626404,1.235244751,0.676834106,-0.213729858,1.087219238
0.623260498,-10.68397522,1.117996216,0.676834106,-0.213729858,1.087219238
0.453369141,-8.339004517,0.940917969,0.397659302,0.10206604,0.66633606
-0.635360718,-7.489547729,1.101242065,-0.059249878,0.197982788,0.133651733
-0.486999512,-8.075790405,1.519989014,-0.429443359,0.314651489,-0.268890381
-0.434356689,-7.786254883,2.125366211,-0.599868774,0.417892456,-0.667785645
-0.946426392,-6.350570679,2.11579895,-0.511901855,0.353134155,-0.93901062
-1.996871948,-6.565917969,2.522583008,-0.511901855,0.353134155,-0.93901062
-1.279022217,-10.92564392,3.305023193,0.042755127,0.176589966,-0.476577759
-2.26965332,-12.9810791,4.867538452,0.770904541,0.262115479,0.150772095
-2.355804443,-17.28337097,2.800140381,0.295043945,0.687896729,-0.246292114
0.68309021,-13.3830719,-1.607437134,-0.483795166,0.503417969,-0.078292847
2.334136963,-8.575897217,-0.324874878,-0.464248657,0.808837891,0.585083008
2.149887085,-6.238113403,1.244812012,-1.161254883,1.239501953,0.417098999
4.856170654,-11.24150085,0.414505005,-0.375061035,0.566940308,-0.681838989
3.327148438,-10.28915405,-0.303344727,-0.444107056,-0.019485474,-0.642730713
1.834030151,-7.489547729,1.606124878,-0.385452271,-0.370101929,-0.167480469
1.802932739,-6.60899353,1.091674805,-0.440429688,-0.251602173,-0.281097412
1.664138794,-8.525650024,-0.494766235,-0.440429688,-0.251602173,-0.281097412
2.728942871,-10.87539673,-1.569152832,-0.459350586,-0.417144775,-0.249343872
2.772018433,-9.958938599,-0.403839111,-0.459350586,-0.417144775,-0.249343872
1.147293091,-8.496932983,0.759063721,-0.737319946,-0.80871582,-0.525436401
-0.085006714,-8.061431885,-0.14302063,-0.636520386,-0.703643799,-0.620132446
-0.66885376,-8.250473022,-0.109527588,-0.605361938,-0.787948608,-0.58164978
-0.752609253,-8.65725708,0.859558105,-0.655456543,-0.593688965,-0.347076416
-0.118515015,-9.461242676,0.452789307,-0.629806519,-0.539932251,-0.094787598
0.00831604,-12.88775635,-1.095367432,-0.48135376,-0.406143188,-0.129608154
1.81729126,-14.25405884,2.012908936,-0.48135376,-0.406143188,-0.129608154
-0.178329468,-12.87339783,3.620880127,-0.219299316,-0.851470947,-0.304931641
2.843811035,-8.64050293,-0.702941895,0.179580688,-1.053665161,0.018218994
2.803131104,-5.970108032,-2.239135742,0.81060791,-0.852081299,0.551498413
1.58039856,-9.714874268,-3.485794067,1.877792358,0.122238159,0.492858887
1.046798706,-14.74220276,-3.064666748,1.944976807,-0.079330444,0.720687866
-1.188095093,-16.07739258,-2.727279663,0.367721558,0.222427368,0.748199463
-2.169158936,-8.106903076,0.012512207,0.367721558,0.222427368,0.748199463
0.714187622,-8.008789063,-0.15737915,1.271194458,0.837554932,0.82699585
1.144897461,-8.39881897,0.199142456,1.430023193,0.099624634,0.641906738
-0.23336792,-8.592636108,0.194366455,0.646286011,0.822280884,0.462921143
0.204528809,-7.96812439,0.938522339,0.26083374,1.085571289,0.082351685
1.226257324,-7.640304565,1.469741821,-0.152099609,0.770980835,-0.441757202
1.073120117,-7.585266113,1.251983643,-0.152099609,0.770980835,-0.441757202
0.156661987,-6.970306396,1.740127563,-0.59803772,0.497314453,-0.740463257
-1.503952026,-7.06362915,3.714202881,-0.52166748,0.584655762,-0.856536865
-2.51133728,-12.77050781,3.092071533,0.188735962,0.513793945,-0.588363647
-1.255096436,-14.75894165,4.022872925,0.87046814,0.149124146,0.115951538
-2.599868774,-10.82992554,4.924972534,-0.408676147,0.805786133,-0.159545898
-1.353210449,-19.25267029,2.419692993,-0.408676147,0.805786133,-0.159545898
3.844009399,-11.72724915,-4.404647827,-1.076339722,0.39163208,-0.018432617
2.468139648,-8.738601685,0.249389648,-1.183242798,0.946289063,0.60218811
2.183380127,-6.029937744,1.271133423,-0.974334717,0.993331909,0.32975769
2.894058228,-10.37528992,0.345108032,-0.974334717,0.993331909,0.32975769
3.899032593,-11.28695679,-1.07623291,-0.478317261,-0.130050659,-0.768569946
1.896240234,-8.767318726,0.991165161,-0.478317261,-0.130050659,-0.768569946
2.748092651,-6.977493286,0.952880859,-0.709213257,-0.195404053,-0.040420532
2.123565674,-8.006408691,-0.537841797,-0.570541382,-0.479446411,-0.23223877
2.350891113,-8.291152954,-0.980514526,-0.335357666,-0.932098389,-0.439331055
1.030044556,-6.740600586,1.168243408,-0.335357666,-0.932098389,-0.439331055
0.307418823,-6.568313599,0.558074951,-0.245559692,-0.930877686,-0.519943237
0.130340576,-8.585464478,-0.638336182,-0.141723633,-0.977310181,-0.540115356
-0.635360718,-10.66482544,0.792572021,-0.265106201,-1.0493927,-0.441772461
-2.389297485,-11.04768372,1.338134766,-0.399490356,-0.999298096,-0.122894287
-2.099761963,-11.75595093,0.242218018,-0.842376709,-0.730529785,0.084793091
0.403121948,-11.98088074,1.785583496,-0.343307495,-0.341400146,-0.020278931
2.058959961,-11.00221252,2.3359375,0.819763184,-0.417755127,0.283325195
3.183578491,-9.525848389,-2.141036987,1.668869019,0.105148315,0.073791504
5.373016357,-11.83731079,-5.165557861,2.673126221,0.009841919,0.241165161
4.147888184,-15.44569397,-4.060073853,2.673126221,0.009841919,0.241165161
-4.545227051,-10.96153259,-1.183898926,1.64503479,-0.236938477,0.423202515
-5.492782593,-9.399017334,0.191970825,1.078155518,0.413009644,0.949768066
-1.384307861,-8.85345459,0.881103516,0.952926636,0.514419556,0.954040527
0.508407593,-8.846282959,0.397750854,0.952926636,0.514419556,0.954040527
1.467926025,-8.257644653,0.251785278,0.054367065,0.902297974,0.401824951
0.549087524,-7.716873169,0.692062378,0.054367065,0.902297974,0.401824951
0.539520264,-7.573303223,1.247207642,-0.266342163,0.872375488,-0.090515137
1.144897461,-7.654663086,1.575012207,-0.332305908,0.407516479,-0.727035522
0.517974854,-7.829330444,1.754486084,-0.332305908,0.407516479,-0.727035522
-1.436950684,-7.855651855,2.292861938,-0.533889771,0.234649658,-1.061782837
-3.018615723,-10.47579956,3.175811768,-0.327423096,0.229141235,-0.85043335
-1.805450439,-13.88078308,3.393569946,0.356124878,0.226089478,-0.151611328
-1.276641846,-15.0891571,2.029663086,0.102615356,0.599319458,0.255844116
0.025054932,-15.06523132,-0.322494507,0.102615356,0.599319458,0.255844116
1.853179932,-8.126037598,-0.913513184,-0.543045044,0.889480591,0.59425354
1.79574585,-8.18347168,0.692062378,-1.242492676,1.664672852,0.071960449
3.628646851,-10.6743927,1.010314941,-0.26083374,0.546783447,-0.479019165
3.954071045,-9.336807251,0.079498291,-0.381774902,0.225479126,-0.585922241
2.886871338,-9.30809021,0.239822388,-0.618804932,-0.483734131,-0.271942139
2.748092651,-7.479980469,0.629852295,-0.684768677,-0.396987915,-0.447250366
1.752685547,-9.169311523,-0.308135986,-0.684768677,-0.396987915,-0.447250366
1.778991699,-9.468414307,-0.690979004,-0.488693237,-0.695083618,-0.419158936
0.960647583,-8.281570435,0.653778076,-0.492355347,-0.834976196,-0.515670776
0.104019165,-7.807800293,0.668136597,-0.492355347,-0.834976196,-0.515670776
-0.393676758,-8.942001343,-0.085601807,-0.420883179,-0.634613037,-0.591415405
-1.176132202,-9.817764282,0.500640869,-0.425140381,-0.703033447,-0.585922241
-0.812423706,-8.482574463,0.634643555,-0.533889771,-0.783050537,-0.250549316
0.785980225,-10.64807129,-0.102355957,-0.787399292,-0.659042358,-0.057525635
2.204925537,-12.67718506,0.778213501,-0.285263062,-0.384155273,-0.262786865
1.427261353,-11.76313782,2.513000488,0.677444458,-0.723800659,-0.086853027
1.881896973,-10.68637085,-0.578521729,1.329833984,-0.669433594,0.242385864
4.856170654,-10.73661804,-3.351806641,2.307830811,-0.298629761,0.430541992
5.389770508,-13.35675049,-4.222793579,2.307830811,-0.298629761,0.430541992
1.764648438,-13.03372192,-3.351806641,2.307830811,-0.298629761,0.430541992
-4.272445679,-10.69593811,-2.349212646,1.654205322,-0.533218384,0.431152344
-2.918106079,-7.831726074,0.548492432,0.640792847,-0.398208618,0.548431396
0.108810425,-8.327041626,1.20413208,1.188720703,-0.325515747,1.044464111
1.422470093,-9.274597168,-0.693374634,1.284637451,-0.222885132,0.987045288
0.824264526,-9.430130005,-0.590484619,0.489898682,0.426452637,0.6822052
-0.290786743,-8.886962891,1.64440918,-0.169830322,0.238296509,0.139770508
0.013092041,-8.865432739,2.151687622,-0.381790161,-0.040847778,-0.325698853
-0.733459473,-8.082977295,2.221084595,-0.381790161,-0.040847778,-0.325698853
-2.303161621,-7.276596069,2.149291992,-0.566879272,0.342758179,-0.73374939
-3.813034058,-8.64050293,2.56086731,-0.761749268,0.329315186,-0.891967773
-3.600067139,-12.04548645,3.058563232,-0.323150635,0.249298096,-0.358078003
-1.903549194,-12.87339783,3.149490356,0.637741089,0.533950806,0.206359863
-0.934463501,-13.71328735,0.110610962,-0.384841919,1.0574646,0.079299927
-0.132873535,-16.55117798,-2.449707031,-0.638961792,0.741653442,0.407333374
4.159851074,-7.221557617,0.567642212,-1.195465088,1.651824951,0.697494507
2.913192749,-7.082778931,0.488677979,-1.345733643,2.077606201,-0.053878784
3.774612427,-10.04269409,1.541519165,0.066574097,0.715988159,-0.751464844
3.169235229,-9.238708496,-0.035354614,-0.202789307,-0.000549316,-0.40083313
2.130737305,-8.520858765,0.022079468,-0.202789307,-0.000549316,-0.40083313
2.70980835,-8.283966064,-0.092773438,-0.454483032,-0.031082153,-0.209640503
2.437026978,-9.066421509,-0.975723267,-0.41293335,0.007400513,-0.538879395
1.752685547,-9.054458618,-0.444519043,-0.326812744,-0.262588501,-0.564544678
0.809906006,-8.846282959,0.632247925,-0.326812744,-0.262588501,-0.564544678
0.151885986,-8.494537354,0.845214844,-0.346359253,-0.451965332,-0.57371521
-0.357788086,-8.511291504,0.397750854,-0.399490356,-0.437911987,-0.620132446
-0.91053772,-9.044891357,0.469528198,-0.367736816,-0.448913574,-0.273162842
-1.113922119,-9.367919922,1.20413208,-0.367736816,-0.448913574,-0.273162842
0.324157715,-10.87060547,-0.650299072,-0.619415283,-0.290084839,0.216110229
5.014099121,-13.12464905,0.598754883,-0.495407104,-0.069564819,-0.126556396
1.345901489,-9.937408447,3.020278931,0.345748901,-0.588180542,-0.325698853
0.589767456,-8.676391602,0.627456665,1.119094849,-0.930267334,0.20880127
2.659561157,-10.13841248,-3.186691284,1.119094849,-0.930267334,0.20880127
4.624069214,-14.16313171,-4.813812256,1.806304932,-0.634002686,0.301651001
-0.22857666,-14.91447449,-3.354202271,2.495361328,-0.913162231,0.439712524
-3.798675537,-10.1192627,-0.781906128,0.75440979,-0.548477173,0.35723877
-2.049514771,-8.504104614,0.407318115,0.566268921,0.113067627,0.849594116
0.424667358,-8.465820313,0.916992188,0.971878052,-0.554595947,0.941223145
1.494247437,-8.621353149,-0.38230896,0.838699341,0.064804077,0.732299805
0.797943115,-7.592437744,0.366638184,0.178359985,0.184555054,0.323028564
-0.175933838,-7.458450317,1.701843262,-0.21257019,-0.025588989,-0.052032471
-0.362579346,-8.525650024,2.146911621,-0.21257019,-0.025588989,-0.052032471
-0.860290527,-8.803207397,2.369430542,-0.317047119,-0.039627075,-0.416717529
-2.128479004,-8.563934326,2.369430542,-0.434921265,0.087417603,-0.763076782
-3.710128784,-11.56452942,2.668533325,-0.61819458,0.132614136,-0.739257813
-2.109344482,-11.48796082,3.24520874,0.106903076,0.275558472,-0.168716431
-2.587905884,-13.26821899,3.123168945,0.199142456,0.795410156,0.085403442
-0.946426392,-15.42175293,1.146697998,0.199142456,0.795410156,0.085403442
-0.245330811,-11.44488525,-0.171737671,-0.71836853,0.775253296,0.177642822
2.697845459,-17.17330933,-0.935058594,-0.877197266,0.592605591,0.760406494
3.798538208,-6.711883545,-1.313110352,-1.378707886,1.223007202,0.631500244
2.547088623,-9.53302002,0.354675293,-1.44468689,1.316467285,-0.137557983
2.434631348,-8.310287476,0.720779419,-0.2290802,0.517471313,-0.723983765
2.618881226,-7.764724731,0.184783936,-0.320083618,0.025726318,-0.499786377
2.468139648,-8.152359009,-0.154998779,-0.236404419,-0.254043579,-0.552322388
2.408309937,-9.729232788,-0.353591919,-0.236404419,-0.254043579,-0.552322388
1.819671631,-9.722061157,-0.114318848,-0.177154541,-0.33039856,-0.609741211
0.855361938,-8.970703125,-0.020996094,-0.271835327,-0.550308228,-0.510787964
-0.018005371,-8.65725708,0.163253784,-0.27305603,-0.667602539,-0.566986084
-0.67124939,-8.480178833,-0.121490479,-0.310928345,-0.44708252,-0.584091187
-0.759780884,-8.910888672,-0.303344727,-0.445922852,-0.49961853,-0.336685181
-1.013427734,-9.683776855,0.223068237,-0.445922852,-0.49961853,-0.336685181
-0.47026062,-10.44947815,0.768630981,-0.5259552,-0.472747803,0.084793091
1.857955933,-12.51687622,-0.087997437,-0.695770264,-0.41897583,0.049972534
2.303024292,-11.61717224,1.828659058,-0.025054932,-0.437301636,-0.052642822
1.001327515,-8.757751465,1.295059204,-0.025054932,-0.437301636,-0.052642822
2.779205322,-8.336608887,-1.270050049,0.95904541,-0.798324585,0.390838623
4.600143433,-11.00221252,-2.672241211,1.658477783,-0.558868408,0.325469971
4.98298645,-15.65386963,-4.055297852,2.762908936,-0.643157959,0.270492554
-0.554000854,-14.71109009,-3.818405151,1.748275757,-0.644393921,0.189865112
-4.865875244,-8.925247192,-0.109527588,0.868637085,0.365356445,0.815994263
-3.982925415,-9.487564087,-0.099960327,0.668899536,-0.120864868,1.004150391
-0.563568115,-8.671600342,1.318984985,0.668899536,-0.120864868,1.004150391
1.470321655,-8.279190063,-0.286590576,0.68536377,0.456375122,0.767120361
0.967834473,-7.690551758,0.388183594,0.310302734,0.770370483,0.216125488
0.092056274,-7.975296021,1.101242065,-0.244949341,0.65184021,-0.335464478
0.077697754,-8.281570435,2.206726074,-0.552215576,0.631698608,-0.726425171
-1.37713623,-7.355560303,2.228256226,-0.604141235,0.511962891,-0.836380005
-2.183517456,-9.123855591,3.24760437,-0.230911255,0.385513306,-0.647003174
-1.506347656,-12.04069519,3.45098877,-0.230911255,0.385513306,-0.647003174
-2.463470459,-11.37310791,4.731155396,0.414154053,0.452713013,-0.064239502
-3.265075684,-14.1368103,2.836044312,0.274887085,0.827774048,-0.119827271
-1.12828064,-12.55516052,-2.727279663,-0.53326416,0.79296875,-0.116165161
5.057159424,-10.28675842,-1.29397583,-0.376296997,1.160095215,0.676116943
3.791366577,-6.994232178,0.500640869,-1.746444702,2.492996216,0.259490967
3.437225342,-9.927841187,0.692062378,-0.687225342,0.981719971,-0.634780884
5.246200562,-10.07858276,-1.155197144,-0.687225342,0.981719971,-0.634780884
3.138122559,-8.248077393,-0.056884766,-0.471588135,0.031845093,-0.868148804
2.827056885,-7.185668945,0.742324829,-0.529006958,-0.417755127,-0.361129761
2.860549927,-8.166717529,-0.585693359,-0.649337769,-0.269317627,-0.327529907
2.513595581,-8.901321411,-1.212615967,-0.363464355,-0.78427124,-0.30065918
2.020675659,-8.736206055,0.330749512,-0.363464355,-0.78427124,-0.30065918
0.192550659,-8.030334473,0.507827759,-0.117904663,-0.704864502,-0.399612427
-0.312332153,-8.427536011,-0.528274536,-0.125228882,-0.709762573,-0.548660278
-0.728683472,-9.389450073,0.256576538,-0.310317993,-0.697540283,-0.418548584
-1.087600708,-9.001815796,1.149093628,-0.425765991,-0.641937256,-0.211456299
-0.515716553,-9.176498413,1.067733765,-0.487472534,-0.670043945,-0.042266846
2.326950073,-13.54100037,-0.210021973,-0.151504517,-0.472747803,-0.278656006
2.499237061,-13.02655029,1.953079224,0.466690063,-0.938217163,-0.092971802
0.45098877,-8.386856079,1.670730591,0.466690063,-0.938217163,-0.092971802
1.503829956,-6.917663574,-0.925476074,1.232711792,-1.079925537,0.439697266
4.205322266,-10.26522827,-2.966552734,2.368301392,-0.640106201,0.369445801
5.308410645,-17.09674072,-4.713317871,3.00970459,-1.553955078,0.446426392
-0.879425049,-15.75196838,-3.33026123,3.00970459,-1.553955078,0.446426392
-4.875442505,-9.492340088,0.491073608,0.570541382,-0.561920166,0.475128174
-4.073852539,-10.20779419,0.019683838,0.525939941,-0.016418457,1.100662231
0.182983398,-9.824951172,1.448196411,0.525939941,-0.016418457,1.100662231
1.336334229,-8.571105957,-0.748413086,0.60597229,0.177215576,0.563095093
0.494049072,-7.441696167,0.414505005,0.60597229,0.177215576,0.563095093
-0.556396484,-7.305297852,1.65397644,-0.222351074,0.245635986,0.037765503
-0.431976318,-7.779083252,2.402938843,-0.56199646,0.15826416,-0.295150757
-1.207244873,-6.922454834,2.34072876,-0.653625488,0.344589233,-0.659240723
-2.525695801,-6.132827759,1.965057373,-0.592544556,0.440490723,-0.876083374
-3.305755615,-11.56692505,2.814498901,-0.592544556,0.440490723,-0.876083374
-2.078231812,-14.53642273,4.578018188,0.073303223,0.306716919,-0.356246948
-1.896377563,-13.1078949,3.778808594,0.485626221,0.623153687,0.19291687
-1.558990479,-13.94538879,1.508026123,-0.586425781,0.808227539,0.176422119
2.578201294,-22.29154968,-1.669647217,-0.475860596,0.555343628,0.669387817
2.855773926,-6.312286377,-0.332061768,-0.475860596,0.555343628,0.669387817
1.197540283,-10.01158142,1.278305054,-1.275482178,1.453308105,0.339523315
4.018676758,-9.623947144,0.065155029,-0.609039307,0.757537842,-0.397155762
2.451385498,-9.339202881,-0.071243286,-0.203414917,0.430709839,-0.621353149
1.975204468,-8.317474365,0.617889404,-0.56993103,0.105743408,-0.249328613
2.685882568,-7.389053345,0.364257813,-0.753189087,0.121627808,-0.270721436
2.453781128,-8.848678589,-1.090591431,-0.646286011,-0.145309448,-0.322036743
2.343704224,-8.860641479,-0.777130127,-0.646286011,-0.145309448,-0.322036743
0.850585938,-7.922653198,0.955276489,-0.640808105,-0.720748901,-0.456436157
0.66394043,-8.140396118,-0.054489136,-0.323135376,-0.604064941,-0.479019165
-0.077835083,-8.831924438,0.000549316,-0.405609131,-0.650482178,-0.515060425
-1.614028931,-8.994644165,1.577407837,-0.40071106,-0.737243652,-0.237731934
-3.035354614,-8.944381714,1.936340332,-0.564437866,-0.356063843,0.184356689
-1.889190674,-10.85147095,0.328353882,-0.4453125,-0.083618164,-0.137557983
3.016082764,-11.77270508,2.580001831,-0.4453125,-0.083618164,-0.137557983
3.001724243,-9.451660156,3.601745605,0.397659302,-0.241821289,-0.334854126
1.857955933,-7.9609375,0.438430786,1.3646698,-0.546035767,0.263778687
3.748291016,-10.97828674,-3.093383789,1.3646698,-0.546035767,0.263778687
6.763244629,-19.58288574,-6.187301636,2.671295166,-0.819091797,0.336471558
-1.097167969,-14.25645447,-2.602844238,2.671295166,-0.819091797,0.336471558
-5.911529541,-9.657455444,0.792572021,0.270599365,-0.316955566,0.655334473
-2.939651489,-8.154754639,1.742523193,0.409881592,0.348251343,1.197784424
-0.01083374,-7.925048828,0.840423584,0.81060791,-0.16607666,1.002304077
1.448791504,-7.50151062,-0.767547607,0.627349854,0.434387207,0.647399902
1.089859009,-6.881774902,0.120178223,-0.089782715,0.850997925,0.035934448
-0.111328125,-7.458450317,1.804733276,-0.395233154,0.592605591,-0.42098999
0.077697754,-7.795837402,2.690078735,-0.547332764,0.496078491,-0.815002441
-0.171157837,-7.214370728,2.077514648,-0.547332764,0.496078491,-0.815002441
-2.111724854,-7.747970581,2.326370239,-0.566879272,0.277999878,-0.898071289
-2.568756104,-13.27778625,3.996551514,0.42515564,0.03793335,-0.43321228
-1.987304688,-12.49295044,4.738327026,0.535720825,0.382461548,-0.000106812
-3.143035889,-12.21777344,3.489273071,0.535720825,0.382461548,-0.000106812
-2.178726196,-15.70172119,-0.60723877,-0.491134644,0.778915405,0.0206604
4.9662323,-12.6628418,-1.408828735,-0.756851196,0.866271973,0.710922241
2.93951416,-6.769317627,0.687286377,-1.495391846,1.739807129,0.531326294
1.491867065,-10.17430115,0.7447052,-1.495391846,1.739807129,0.531326294
3.707611084,-9.487564087,-0.329666138,-0.574813843,0.576705933,-0.331802368
3.001724243,-9.174102783,0.354675293,-0.373840332,0.648803711,-0.921295166
2.877304077,-7.475189209,0.605926514,-0.418441772,0.18270874,-0.498565674
2.511199951,-7.444091797,-0.071243286,-0.659118652,-0.0103302,-0.309814453
1.996749878,-9.018569946,-0.767547607,-0.643234253,-0.387207031,-0.311035156
1.755065918,-9.209991455,0.565246582,-0.386672974,-0.537490845,-0.504669189
0.642410278,-8.64050293,0.481506348,-0.304199219,-0.623001099,-0.630523682
0.333740234,-8.898925781,0.364257813,-0.304199219,-0.623001099,-0.630523682
-0.709533691,-9.049667358,0.907424927,-0.420257568,-0.672470093,-0.62562561
-1.628387451,-8.673995972,1.548706055,-0.420257568,-0.672470093,-0.62562561
-0.692779541,-9.568908691,0.687286377,-0.388504028,-0.807495117,-0.22064209
2.408309937,-12.20820618,0.649002075,-0.681716919,-0.458679199,0.067687988
2.441818237,-10.42076111,3.496459961,-0.12461853,-0.447692871,-0.235305786
1.061157227,-7.953765869,2.615890503,0.707366943,-0.960800171,0.043869019
0.91758728,-8.453857422,-1.774932861,1.353668213,-1.154449463,0.547836304
5.473510742,-14.57948303,-5.462265015,2.659072876,-0.640716553,-0.001937866
5.614700317,-20.55914307,-4.952606201,2.659072876,-0.640716553,-0.001937866
-1.092391968,-13.48596191,-3.162765503,2.563171387,-0.805038452,0.304702759
-5.531066895,-10.71746826,0.457565308,-0.067199707,-0.237548828,0.713363647
-4.51651001,-8.616577148,0.627456665,0.571762085,-0.174026489,1.186782837
-0.506149292,-8.207397461,1.484085083,0.783721924,-0.231445313,0.873413086
1.412902832,-7.396224976,-0.255493164,0.783721924,-0.231445313,0.873413086
1.683288574,-6.898529053,-0.265060425,0.485015869,0.314651489,0.497741699
0.434234619,-7.149765015,0.859558105,0.485015869,0.314651489,0.497741699
0.063339233,-8.362930298,2.230651855,-0.208297729,0.29510498,-0.042877197
-0.934463501,-7.992050171,2.225860596,-0.721435547,0.255401611,-0.772247314
-2.485015869,-6.541992188,2.390975952,-0.721435547,0.255401611,-0.772247314
-3.152603149,-9.865631104,3.379211426,-0.468536377,0.269454956,-0.714202881
-3.152603149,-12.6676178,3.616104126,0.199127197,0.254196167,-0.143661499
-2.597473145,-10.82035828,4.305236816,0.395828247,0.735549927,0.123886108
-2.645324707,-12.95715332,-0.935058594,-0.420883179,0.388565063,0.404876709
1.324356079,-28.01997375,-0.564163208,-0.766021729,1.46307373,0.729873657
5.023666382,-4.900512695,1.216094971,-1.247375488,2.081283569,-0.215133667
1.489471436,-9.470809937,1.977020264,-1.247375488,2.081283569,-0.215133667
2.228851318,-11.83491516,0.476715088,0.313964844,-0.102539063,-0.79850769
2.453781128,-11.52384949,0.196746826,-0.315811157,0.30305481,-0.503463745
3.386978149,-9.269805908,-1.045120239,-1.056167603,0.49546814,-0.345855713
1.944107056,-7.326843262,-0.355987549,-1.056167603,0.49546814,-0.345855713
1.781387329,-7.546981812,0.285293579,-0.661560059,-0.409194946,-0.43258667
1.637817383,-7.26940918,0.261352539,-0.534500122,-0.577804565,-0.587753296
0.841018677,-7.343597412,0.364257813,-0.33291626,-0.64805603,-0.653121948
-0.711929321,-8.145187378,1.163452148,-0.33291626,-0.64805603,-0.653121948
-2.087799072,-8.784072876,1.732940674,-0.280990601,-0.535049438,-0.213912964
-1.702560425,-10.8347168,-0.049713135,-0.280990601,-0.535049438,-0.213912964
1.886672974,-13.36631775,-0.035354614,-0.536331177,-0.296813965,0.190460205
2.291061401,-11.21038818,3.218887329,-0.114837646,-0.241836548,-0.128387451
2.023071289,-7.941802979,1.831054688,0.586410522,-0.717697144,0.185592651
1.472717285,-8.583068848,-1.621795654,1.382995605,-0.862472534,0.486114502
7.177200317,-16.91966248,-5.440734863,2.959625244,-0.911941528,0.436035156
3.439620972,-17.00341797,-4.514709473,1.335952759,-0.35055542,0.26071167
-4.121704102,-12.13162231,-2.631561279,1.335952759,-0.35055542,0.26071167
-5.66267395,-8.377288818,0.625076294,0.374450684,0.132629395,0.618682861
-2.209838867,-8.908493042,1.531951904,1.011581421,-0.484344482,0.819046021
0.857757568,-8.700317383,0.282897949,0.885131836,0.160720825,0.593643188
1.006118774,-8.18347168,-1.260482788,0.158813477,0.848556519,0.171539307
-0.111328125,-7.128234863,1.050994873,-0.485641479,0.731277466,-0.253616333
0.051376343,-6.731033325,2.443618774,-0.60597229,0.623153687,-0.613418579
-0.814819336,-6.795639038,2.400543213,-0.60597229,0.623153687,-0.613418579
-1.982513428,-9.123855591,2.895858765,-0.436141968,0.597488403,-0.75819397
-1.314926147,-12.33262634,3.383987427,-0.14050293,0.548614502,-0.584091187
-2.963577271,-11.6985321,3.817092896,0.367721558,0.418502808,-0.16809082
-2.523300171,-14.20620728,1.019882202,0.065979004,0.865646362,-0.068527222
-0.599472046,-22.05227661,-4.072036743,-0.670120239,0.452102661,0.441543579
5.44480896,-5.163726807,0.218292236,-0.9712677,1.33480835,0.807449341
2.690658569,-8.791244507,0.864349365,-1.618164063,1.979873657,-0.16078186
2.515991211,-11.51667786,0.424072266,-0.262664795,0.372070313,-0.811935425
2.817489624,-8.939605713,0.258972168,-0.455703735,0.259063721,-0.53704834
3.377410889,-7.04927063,-0.212417603,-0.583984375,-0.059799194,-0.403884888
3.281692505,-8.097335815,-1.169540405,-0.583984375,-0.059799194,-0.403884888
2.496841431,-8.752960205,-0.521087646,-0.679275513,-0.281539917,-0.418548584
0.742904663,-8.054260254,0.168045044,-0.291992188,-0.778167725,-0.326919556
-0.21421814,-7.860443115,-0.138244629,-0.093460083,-0.747634888,-0.522994995
-0.544433594,-8.044692993,-0.334457397,-0.121551514,-0.520385742,-0.681213379
-0.640151978,-9.042495728,0.034042358,-0.246795654,-0.486175537,-0.318969727
-0.396072388,-9.748382568,0.708816528,-0.491744995,-0.778167725,0.131820679
0.484481812,-10.89215088,0.431243896,-0.254730225,-0.572921753,-0.072189331
2.166641235,-11.21517944,1.484085083,-0.254730225,-0.572921753,-0.072189331
2.092453003,-10.76771545,3.764450073,-0.254730225,-0.572921753,-0.072189331
0.283477783,-9.865631104,2.33354187,0.453857422,-0.728088379,-0.20475769
1.908218384,-8.803207397,-2.016601563,0.985931396,-1.075653076,0.278442383
5.578796387,-13.83293152,-4.68699646,1.540588379,-0.981582642,0.358459473
1.463150024,-17.57530212,-4.067260742,2.737258911,-0.926605225,0.283935547
-4.559585571,-12.65325928,-1.329864502,1.567474365,-0.710357666,0.161758423
-5.203262329,-9.269805908,0.251785278,0.764785767,0.003738403,0.865478516
-1.558990479,-9.241104126,1.101242065,0.660949707,-0.373764038,0.963821411
1.321975708,-8.669219971,0.187179565,0.519836426,0.265182495,0.783004761
1.668930054,-7.082778931,0.113006592,0.519836426,0.265182495,0.783004761
0.367233276,-6.307495117,1.127563477,-0.355514526,0.091079712,-0.079528809
-0.070648193,-6.936813354,1.515197754,-0.355514526,0.091079712,-0.079528809
-0.106552124,-7.908294678,2.33354187,-0.410491943,0.193099976,-0.540725708
-1.209640503,-7.838897705,2.041625977,-0.410491943,0.193099976,-0.540725708
-2.461090088,-8.425140381,2.31918335,-0.546112061,0.215103149,-0.849822998
-2.681228638,-12.42115784,2.938934326,-0.561386108,0.124679565,-0.763687134
-2.138046265,-12.01437378,4.259765625,0.453857422,0.097793579,-0.136932373
-3.329681396,-12.4259491,4.104232788,0.364685059,0.663452148,-0.032485962
-0.790893555,-11.66741943,-0.020996094,-0.542434692,0.868087769,-0.278656006
1.822067261,-22.90890503,-2.330062866,-0.601089478,1.047088623,0.219192505
3.465942383,-7.27180481,0.725570679,-1.268753052,1.284713745,0.615020752
3.107009888,-6.855453491,0.701644897,-1.268753052,1.284713745,0.615020752
4.487670898,-9.975692749,0.282897949,-0.9871521,1.160705566,-0.30065918
2.94909668,-10.26522827,-0.037750244,-0.351242065,0.362304688,-0.946929932
1.841217041,-8.463424683,1.292663574,-0.491744995,-0.123931885,-0.24017334
2.192962646,-7.867614746,-0.097564697,-0.604751587,0.077636719,-0.137542725
1.896240234,-8.334213257,-1.356185913,-0.602310181,-0.162414551,-0.229187012
1.960861206,-9.09274292,-0.827377319,-0.496017456,-0.407363892,-0.449707031
1.070724487,-8.731430054,0.615493774,-0.496017456,-0.407363892,-0.449707031
0.204528809,-8.104507446,0.830856323,-0.318252563,-0.438522339,-0.548660278
-0.752609253,-8.039901733,0.258972168,-0.343307495,-0.377441406,-0.711761475
-1.621200562,-8.008789063,1.072525024,-0.351242065,-0.517318726,-0.53338623
-1.688201904,-8.898925781,1.151489258,-0.351242065,-0.517318726,-0.53338623
-0.786102295,-10.83232117,-1.169540405,-0.503967285,-0.356048584,0.035934448
5.358657837,-13.84489441,-0.700561523,-0.430038452,-0.213119507,-0.133880615
3.494659424,-9.226745605,3.934341431,0.45324707,-0.850860596,-0.128997803
2.080490112,-8.245681763,0.282897949,1.182006836,-1.405517578,0.746353149
5.595550537,-16.72106934,-6.610824585,3.076293945,-0.996856689,0.731079102
1.250183105,-19.5589447,-4.830566406,2.937011719,-1.160552979,0.420761108
-4.55241394,-10.53561401,-1.858688354,-0.329864502,0.015350342,0.794006348
-4.861083984,-9.942199707,0.684890747,-0.329864502,0.015350342,0.794006348
-1.082809448,-9.265029907,2.304824829,0.805114746,-0.466629028,1.093322754
-0.132873535,-8.64289856,-0.104736328,1.127029419,0.083770752,0.757354736
0.537124634,-6.872207642,-0.468444824,0.216842651,0.799072266,0.415267944
0.841018677,-6.025146484,1.752090454,-0.64201355,0.665283203,-0.114334106
0.453369141,-6.283569336,2.534545898,-0.64201355,0.665283203,-0.114334106
-0.750213623,-7.214370728,1.981796265,-0.778244019,0.413009644,-0.577972412
-1.515914917,-8.006408691,2.233047485,-0.459365845,0.523574829,-0.838821411
-2.619003296,-11.95935059,2.481903076,-0.172866821,0.311599731,-0.690383911
-2.04473877,-10.96153259,4.489471436,-0.05682373,0.172927856,-0.132659912
-4.195877075,-15.32844543,-1.157577515,0.670715332,0.690338135,0.452529907
-0.324295044,-27.21359253,-1.75340271,0.14414978,0.733703613,1.2240448
5.107421875,-5.723648071,1.362060547,0.14414978,0.733703613,1.2240448
1.113800049,-13.15097046,1.539123535,-1.662765503,3.199768066,-0.01600647
2.676300049,-11.17689514,-0.679016113,-0.089813232,0.776473999,-0.64151001
4.726959229,-9.817764282,0.220687866,-0.681716919,0.613372803,-0.667785645
4.614486694,-9.320068359,0.29246521,-0.681716919,0.613372803,-0.667785645
3.420471191,-7.623550415,-0.061676025,-1.048233032,-0.012145996,-0.514450073
2.326950073,-8.17868042,-0.650299072,-0.852142334,-0.905227661,-0.40083313
2.472915649,-8.111679077,0.081893921,-0.852142334,-0.905227661,-0.40083313
1.027648926,-6.798019409,0.51739502,-0.552215576,-0.657211304,-0.628677368
-0.417617798,-6.903305054,0.52696228,-0.22845459,-0.605895996,-0.78994751
-2.568756104,-8.494537354,0.945709229,-0.186325073,-0.620559692,-0.516891479
-2.788894653,-9.695739746,0.2996521,-0.497848511,-0.412872314,0.029815674
0.175811768,-12.88775635,-1.136047363,-0.576644897,-0.141647339,-0.016616821
4.128753662,-11.52145386,1.460159302,0.084915161,-0.449523926,-0.126556396
3.808105469,-7.247879028,3.336135864,0.084915161,-0.449523926,-0.126556396
3.626251221,-6.675994873,0.206329346,1.15574646,-1.286392212,0.613800049
3.925354004,-15.40740967,-2.322891235,2.045166016,-1.19354248,0.45803833
5.980789185,-21.43731689,-6.27583313,4.10194397,-1.290679932,0.16053772
-4.210235596,-11.57649231,-2.846923828,0.058639526,-0.500213623,0.420150757
-6.911727905,-10.52125549,-0.138244629,0.199142456,0.478378296,1.08416748
-2.681228638,-7.74559021,1.840621948,0.199142456,0.478378296,1.08416748
0.123168945,-7.680984497,0.663360596,0.905288696,0.192489624,0.695648193
1.482284546,-6.675994873,-0.463668823,0.628570557,0.943847656,0.392654419
0.931945801,-7.245483398,1.393157959,-0.067810059,1.233398438,-0.139984131
0.742904663,-7.874801636,2.051193237,-0.654846191,0.848556519,-0.52545166
0.168624878,-7.446487427,2.11340332,-0.654846191,0.848556519,-0.52545166
-1.006240845,-6.987060547,2.297653198,-0.842987061,0.682998657,-0.831497192
-1.673843384,-9.683776855,3.209320068,0.193634033,0.291442871,-0.326324463
-1.178527832,-11.990448,4.769439697,0.193634033,0.291442871,-0.326324463
-3.329681396,-11.90908813,4.3722229,0.849700928,0.081298828,0.268051147
-4.700759888,-16.45306396,-0.901550293,0.849700928,0.081298828,0.268051147
0.271514893,-23.52624512,-3.028778076,-0.067199707,0.45942688,0.32975769
4.954269409,-5.367111206,1.409912109,-0.387893677,1.485687256,0.767745972
4.791564941,-13.7850647,0.897857666,-1.148422241,2.513778687,0.14894104
5.066741943,-10.55714417,-1.193481445,-0.191192627,0.285949707,-0.52545166
4.037826538,-9.745986938,0.249389648,-0.723861694,-0.130645752,-0.81439209
2.901229858,-7.673797607,0.663360596,-0.558319092,-0.427536011,-0.375793457
2.0493927,-7.7240448,-0.367950439,-0.659118652,-0.47946167,-0.484527588
1.599533081,-9.219558716,-0.83215332,-0.489303589,-0.966918945,-0.381896973
-0.099365234,-7.391448975,0.888275146,-0.427597046,-0.725631714,-0.483901978
-0.68321228,-7.410583496,0.354675293,-0.353683472,-0.684692383,-0.505905151
-1.463272095,-8.063827515,0.263748169,-0.353683472,-0.684692383,-0.505905151
-1.652313232,-9.454055786,0.926559448,-0.323745728,-0.698760986,-0.398986816
-0.616210938,-9.724441528,0.952880859,-0.502731323,-0.547866821,0.082962036
1.269332886,-11.12664795,0.572433472,-0.683547974,-0.316360474,0.176422119
2.71937561,-11.46403503,3.412704468,0.174087524,-0.200302124,-0.114334106
1.427261353,-9.157348633,0.476715088,1.148406982,-0.656600952,0.053024292
3.226654053,-10.81079102,-2.310928345,1.718963623,-0.682266235,0.280273438
5.605117798,-14.76373291,-4.847320557,2.937026978,-1.067718506,0.428710938
0.958267212,-15.88597107,-4.129470825,2.937026978,-1.067718506,0.428710938
-5.064468384,-11.37550354,-1.267654419,1.145980835,-0.516723633,0.344406128
-4.829971313,-9.071212769,0.146499634,0.291992188,0.133239746,0.875244141
-1.369949341,-8.585464478,1.694656372,0.855804443,-0.414703369,0.986434937
0.707015991,-8.367721558,0.615493774,0.725692749,0.116744995,0.699325562
1.582794189,-7.50390625,-0.207626343,0.725692749,0.116744995,0.699325562
0.690261841,-7.171310425,0.330749512,0.037872314,0.494247437,0.167861938
-0.058685303,-7.496734619,1.821487427,-0.424545288,0.190048218,-0.248733521
0.029846191,-7.712081909,2.474716187,-0.592529297,0.123458862,-0.610977173
-1.269454956,-7.166519165,2.7762146,-0.592529297,0.123458862,-0.610977173
-2.669265747,-8.092544556,3.307418823,-0.474014282,0.241973877,-0.864471436
-3.535461426,-12.79205322,2.084686279,0.000610352,0.17414856,-0.592025757
-1.614028931,-13.4548645,3.336135864,0.67010498,-0.020095825,0.074417114
-2.549621582,-14.49095154,2.771438599,-0.221130371,0.703781128,0.165420532
-0.563568115,-12.87339783,0.302032471,-0.50151062,0.582214355,0.227737427
1.482284546,-19.15934753,-0.420593262,-0.429428101,0.805786133,0.597915649
3.690856934,-6.513275146,-0.564163208,-0.429428101,0.805786133,0.597915649
2.298248291,-8.999420166,0.696853638,-1.465454102,1.544326782,0.065856934
4.391967773,-10.00680542,0.861953735,-0.347579956,0.482650757,-0.488800049
2.908416748,-8.961135864,0.132141113,-0.347579956,0.482650757,-0.488800049
1.391357422,-8.810394287,0.431243896,-0.426391602,0.080688477,-0.454574585
1.853179932,-7.999221802,0.629852295,-0.505783081,-0.343841553,-0.136947632
1.970428467,-8.267227173,-0.212417603,-0.532669067,-0.024368286,-0.3409729
1.712005615,-8.748184204,-0.813018799,-0.479537964,-0.303527832,-0.425888062
0.702224731,-8.824752808,0.52696228,-0.479537964,-0.303527832,-0.425888062
0.099243164,-8.757751465,0.656173706,-0.533889771,-0.479446411,-0.43258667
-0.154403687,-8.903717041,0.187179565,-0.466705322,-0.375595093,-0.460098267
-0.805252075,-9.3152771,0.426467896,-0.462417603,-0.411651611,-0.453994751
-0.977539063,-9.375091553,1.292663574,-0.51739502,-0.470291138,-0.097244263
-0.219009399,-9.535415649,0.97203064,-0.675598145,-0.380493164,0.163589478
2.561447144,-11.32763672,0.536529541,-0.284042358,-0.204559326,-0.209640503
2.92515564,-11.87559509,2.584793091,0.750732422,-0.478240967,-0.158325195
0.635223389,-10.06184387,1.847808838,0.750732422,-0.478240967,-0.158325195
1.159255981,-9.131027222,-1.581115723,1.588851929,-0.65965271,0.232620239
4.884887695,-10.72225952,-2.916305542,2.123352051,-0.385986328,0.336471558
4.140716553,-16.0917511,-3.57194519,2.123352051,-0.385986328,0.336471558
-1.958587646,-15.96014404,-3.33265686,2.452606201,-0.78793335,0.298599243
-5.196075439,-11.16253662,-0.422988892,0.621856689,-0.121490479,0.352340698
-3.425384521,-8.602218628,0.507827759,0.502746582,0.155838013,1.034072876
0.22605896,-8.140396118,1.302230835,0.655441284,-0.010925293,0.969314575
1.719177246,-7.889160156,0.120178223,0.655441284,-0.010925293,0.969314575
0.611297607,-7.276596069,0.881103516,-0.026275635,0.518066406,-0.018432617
-0.472640991,-7.360336304,1.462554932,-0.026275635,0.518066406,-0.018432617
-0.412826538,-8.492141724,2.34072876,-0.282821655,0.252349854,-0.394729614
-0.592285156,-7.984863281,2.469940186,-0.34147644,0.406280518,-0.639694214
-2.396469116,-8.327041626,2.661361694,-0.351852417,0.543731689,-0.767959595
-4.370559692,-13.56492615,2.130157471,0.017105103,0.534561157,-0.629302979
-2.530471802,-11.32286072,3.539520264,0.296264648,0.745315552,-0.062423706
-1.14024353,-13.4979248,2.402938843,-0.30909729,1.195526123,0.046310425
2.384384155,-11.97608948,-0.798660278,-0.526565552,0.601150513,0.188018799
3.968429565,-11.54299927,-1.181518555,-0.526565552,0.601150513,0.188018799
3.145294189,-6.893737793,-0.485198975,-0.277328491,0.684829712,0.519729614
1.487075806,-12.44270325,1.759262085,-1.021972656,1.08984375,-0.106399536
3.001724243,-10.56193542,0.895462036,-0.098968506,0.049545288,-0.560272217
2.451385498,-10.20541382,-1.100158691,-0.098968506,0.049545288,-0.560272217
2.212097168,-7.731231689,0.378601074,-0.923614502,-0.717681885,-0.351959229
1.36026001,-7.468017578,0.503036499,-0.930343628,-0.40737915,-0.469238281
1.042007446,-8.118865967,0.560455322,-0.610855103,-0.480682373,-0.48878479
0.580200195,-8.140396118,0.110610962,-0.498474121,-0.720748901,-0.421600342
-0.137649536,-8.190643311,-0.123886108,-0.583374023,-0.655990601,-0.381271362
-0.91293335,-8.683563232,0.026870728,-0.631011963,-0.640716553,-0.409378052
-0.632965088,-9.997238159,1.393157959,-0.735488892,-0.766555786,-0.133270264
0.544296265,-11.41616821,1.017486572,-0.599868774,-0.601013184,-0.052642822
2.233642578,-12.21298218,0.979202271,-0.599868774,-0.601013184,-0.052642822
0.608901978,-11.23193359,3.283493042,-0.00062561,-0.707321167,-0.042266846
1.616287231,-9.300918579,-0.657485962,1.078781128,-0.89239502,0.263778687
4.913589478,-11.22714233,-1.97114563,1.539367676,-0.845977783,0.486129761
4.628845215,-15.44090271,-2.363571167,2.514907837,-0.490447998,0.450698853
-3.968566895,-11.87319946,-2.825378418,1.475830078,-0.257095337,0.210006714
-5.878036499,-8.575897217,-0.202850342,1.475830078,-0.257095337,0.210006714
-2.264877319,-7.867614746,1.555877686,0.633468628,0.223648071,0.607070923
-0.075439453,-8.252868652,1.823867798,0.72203064,0.793579102,0.404891968
1.13772583,-8.807998657,-0.152603149,0.72203064,0.793579102,0.404891968
0.029846191,-8.384475708,0.089080811,-0.006118774,1.284713745,-0.057525635
0.22605896,-7.432128906,1.682693481,-0.474639893,0.943847656,-0.440536499
0.44859314,-7.061233521,2.053588867,-0.474639893,0.943847656,-0.440536499
-0.372146606,-6.793243408,2.09664917,-0.715927124,0.859542847,-0.776519775
-1.113922119,-8.39881897,3.192565918,-0.496017456,0.756317139,-0.774673462
-1.037353516,-12.70350647,2.687683105,0.263870239,0.428894043,-0.392288208
-1.001464844,-12.3039093,3.9271698,0.8228302,0.372085571,0.065246582
0.013092041,-19.07798767,-0.446914673,0.276702881,0.438049316,0.296142578
-1.118713379,-14.58666992,-1.475830078,0.276702881,0.438049316,0.296142578
1.233428955,-4.603805542,0.646606445,-0.734863281,1.19367981,0.443359375
0.235626221,-10.69593811,1.917190552,-0.745239258,1.918167114,-0.504074097
5.830047607,-14.93122864,-0.023391724,-0.358566284,1.018981934,-0.607315063
5.42565918,-9.468414307,-1.028366089,-0.358566284,1.018981934,-0.607315063
2.843811035,-7.697723389,0.962463379,-0.928497314,0.513183594,-0.551101685
2.556671143,-6.104110718,1.845413208,-0.890640259,-0.104995728,-0.235900879
2.673919678,-7.621154785,0.505432129,-0.374465942,-0.177078247,-0.284759521
1.946502686,-9.516281128,-1.07383728,-0.557098389,-0.536270142,-0.326309204
1.563644409,-9.224349976,-0.016204834,-0.557098389,-0.536270142,-0.326309204
0.561050415,-7.791046143,1.20413208,-0.516174316,-0.48677063,-0.408157349
0.056167603,-7.850875854,0.51020813,-0.398880005,-0.533828735,-0.425888062
-0.429580688,-8.592636108,0.07711792,-0.436767578,-0.700576782,-0.35319519
-1.386703491,-9.528244019,0.720779419,-0.436767578,-0.700576782,-0.35319519
-1.267059326,-10.51885986,0.589172363,-0.602310181,-0.610168457,0.029815674
2.626052856,-12.03352356,0.692062378,-0.683547974,-0.538711548,0.065856934
4.116790771,-11.18885803,3.759674072,-0.22479248,-0.563751221,-0.541946411
0.929550171,-8.530426025,4.896255493,0.470352173,-1.768981934,-0.096618652
1.970428467,-5.395828247,1.065353394,1.322509766,-2.213699341,0.879516602
0.766830444,-7.310089111,-2.069244385,2.499633789,-1.011505127,0.115341187
4.798736572,-24.71308899,-6.05569458,2.499633789,-1.011505127,0.115341187
-1.810241699,-16.48417664,-3.500152588,3.488632202,-0.962646484,0.192306519
-4.77255249,-11.59564209,1.402740479,-0.289550781,-0.245483398,0.73475647
-2.307937622,-9.399017334,1.491271973,0.821609497,0.369628906,1.031021118
0.23085022,-9.016174316,0.960067749,0.998138428,0.040390015,0.480636597
0.077697754,-7.360336304,-0.308135986,0.249221802,0.717208862,0.153198242
-0.075439453,-6.089752197,0.761459351,-0.583984375,1.012878418,-0.271942139
-0.319503784,-5.398223877,2.654190063,-0.583984375,1.012878418,-0.271942139
-1.195281982,-5.68536377,3.01550293,-0.902236938,1.016540527,-0.774688721
-2.461090088,-5.405410767,2.845611572,-0.783126831,1.168029785,-1.147293091
-1.499160767,-9.339202881,2.55607605,0.330459595,0.728225708,-0.596313477
-0.082611084,-11.61717224,3.783599854,0.330459595,0.728225708,-0.596313477
-2.580718994,-14.11288452,2.843215942,1.045791626,0.494857788,0.368225098
-0.616210938,-19.47999573,-2.150604248,-0.144775391,1.085571289,0.202682495
3.530548096,-18.57310486,-1.124084473,-0.294433594,0.612136841,0.707870483
4.810699463,-10.76771545,0.218292236,-1.725082397,2.011016846,0.458633423
3.016082764,-13.31846619,0.002929688,-1.725082397,2.011016846,0.458633423
5.865936279,-9.32244873,0.538925171,-1.265701294,0.858322144,-0.543167114
5.026062012,-7.377090454,0.926559448,-0.581542969,-0.815429688,-0.616470337
4.614486694,-6.204605103,0.093856812,-0.423934937,-1.549072266,-0.428924561
2.291061401,-7.692947388,-0.473236084,-0.423934937,-1.549072266,-0.428924561
1.247787476,-8.561538696,0.53414917,-0.177139282,-2.202697754,-0.172363281
-0.963180542,-8.109298706,1.43862915,0.020782471,-1.649246216,-0.542541504
