-4.112136841,-10.94000244,4.254974365,-2.860046387,-0.998672485,1.101867676
-2.264877319,-13.28497314,0.818893433,-2.25163269,-0.31451416,-0.403259277
1.81729126,-12.37091064,1.924377441,-2.691452026,-1.164825439,-1.412414551
3.329544067,-8.963531494,-0.078414917,-1.767837524,-0.357269287,-1.450302124
-1.886810303,-7.884368896,1.079711914,-1.844802856,-1.642532349,-0.833312988
-1.37953186,-5.575286865,0.304428101,-1.313354492,-2.1849823,-0.81010437
-3.363174438,-4.764129639,0.201538086,-0.858856201,-1.690185547,-0.586532593
-2.374938965,-5.666213989,-1.822784424,-0.175933838,-0.677368164,-0.471679688
-1.255096436,-7.252670288,-4.598464966,0.430023193,-0.04208374,-0.2762146
1.12097168,-9.511489868,-8.194869995,0.548538208,-0.534439087,-0.58531189
2.827056885,-15.87878418,-10.40583801,0.393371582,-0.185012817,-0.533996582
-0.034759521,-7.384262085,-6.852508545,-0.757476807,-0.637054443,-0.233459473
-3.999664307,-12.72505188,-0.413421631,0.403152466,-0.271743774,0.014541626
-1.877227783,-9.042495728,-3.131668091,-0.663375854,0.270675659,0.569198608
-1.556594849,-3.41696167,3.735733032,1.335327148,0.827774048,-0.387390137
2.72416687,-16.48417664,2.020080566,2.040267944,2.593170166,0.18069458
2.793548584,-10.81558228,0.670532227,1.557693481,0.764251709,0.059753418
-3.147827148,-7.714477539,0.469528198,1.831359863,0.716598511,0.129379272
-0.776535034,-9.298522949,1.44102478,1.791030884,1.558364868,0.214904785
2.113998413,-10.32264709,0.711212158,1.381759644,1.893112183,0.126937866
1.841217041,-8.094940186,0.756668091,1.143508911,1.11000061,0.359069824
0.168624878,-8.41796875,0.998352051,1.252258301,0.839996338,0.360290527
0.587371826,-8.985061646,0.325973511,1.38420105,0.378189087,0.675491333
1.463150024,-10.69833374,-0.104736328,1.306015015,0.545562744,0.697494507
2.123565674,-11.6602478,-0.750808716,0.835647583,0.880310059,0.544769287
5.487869263,-10.83232117,0.737533569,0.349395752,0.786239624,0.475128174
1.293258667,-13.11747742,-1.535644531,0.202804565,0.730041504,0.109832764
1.628250122,-13.95495605,-1.636154175,-0.659729004,-0.294967651,0.134277344
3.772216797,-14.08416748,-0.968551636,-1.958435059,-0.426925659,0.015762329
-4.607452393,-11.56692505,2.759460449,-3.512451172,-1.829452515,-0.116165161
-4.851516724,-17.48677063,3.735733032,-3.270553589,0.059310913,-0.563323975
-2.116516113,-13.95018005,-2.296569824,-2.42755127,1.755065918,-0.543777466
3.492263794,-8.298324585,6.162063599,-2.527740479,-1.422607422,-1.848571777
1.511001587,-8.540008545,-0.456481934,-2.614471436,-0.758010864,-1.367202759
-1.759979248,-4.474594116,1.87890625,-1.479492188,-2.379226685,-0.702606201
-2.157196045,-0.990646362,1.328552246,-0.789230347,-1.989501953,-0.472915649
-2.853500366,-1.83291626,0.584396362,0.146591187,-1.12940979,-0.458236694
-1.475234985,-6.405609131,-1.456680298,1.097091675,-0.43913269,-0.479034424
-1.226379395,-13.92146301,-13.23176575,0.62550354,-0.222885132,-0.32875061
2.518386841,-17.73083496,-11.08062744,-1.134963989,-0.922927856,0.398147583
-3.1693573,-4.252059937,-5.904937744,-0.194259644,-0.466018677,-0.22857666
-6.667663574,-7.113876343,-0.018600464,0.577865601,0.505233765,0.06463623
1.503829956,-18.06105042,-5.505340576,0.157592773,-0.170349121,1.02734375
0.986968994,-6.527633667,3.951095581,1.418411255,1.938323975,-0.565765381
-0.039550781,-9.690948486,2.477111816,2.331039429,1.408111572,-0.163803101
4.009109497,-12.3039093,1.558273315,2.337142944,1.409317017,0.078063965
-0.513320923,-9.427734375,-0.102355957,1.797149658,1.224838257,0.337081909
-1.831771851,-8.219360352,0.696853638,1.908325195,1.95664978,0.018218994
0.860153198,-8.736206055,0.548492432,1.711639404,1.88458252,0.173370361
2.745697021,-8.927642822,-0.336853027,1.325561523,1.141769409,0.462921143
1.14012146,-9.492340088,-0.277023315,1.332885742,1.149093628,0.47756958
1.207107544,-8.274398804,1.709014893,1.342666626,0.183914185,0.665725708
1.403320313,-11.42575073,-1.471038818,1.301116943,0.805786133,0.713378906
2.977798462,-11.74159241,-0.099960327,0.756225586,0.870544434,0.651046753
4.669525146,-11.39224243,0.31161499,0.267547607,0.365966797,0.395706177
-0.085006714,-13.4931488,-2.050109863,-0.12828064,0.380630493,-0.041641235
2.432235718,-16.2568512,-1.51171875,-1.065338135,-0.496551514,0.167251587
-0.805252075,-11.95455933,0.735137939,-3.07019043,-1.287017822,0.007217407
-3.379928589,-15.54379272,5.819885254,-3.612625122,-1.25769043,-0.686721802
-4.561981201,-16.91488647,-0.494766235,-2.905258179,0.782577515,-0.652511597
3.683685303,-13.44767761,5.779205322,-1.844802856,-0.503875732,-1.467391968
0.596939087,-8.683563232,1.869338989,-2.376251221,-0.995025635,-1.445419312
-0.508544922,-4.838302612,3.393569946,-2.196655273,-2.14100647,-0.745346069
-2.420410156,-1.430923462,1.692260742,-1.645645142,-2.34135437,-0.403259277
-3.375137329,-0.875793457,0.921783447,-0.322525024,-1.726837158,-0.20413208
-2.547225952,-4.089355469,-0.324874878,0.811218262,-0.505111694,-0.238342285
-0.207046509,-10.2723999,-8.79069519,1.547912598,0.042205811,-0.354400635
3.386978149,-23.65068054,-16.1151123,0.073287964,-0.1300354,0.010864258
-2.092590332,-4.78805542,-4.596069336,-1.240036011,-0.512435913,-0.206573486
-5.547821045,-5.273803711,0.328353882,-0.029312134,0.318313599,0.137924194
1.979995728,-19.94659424,-3.375732422,-0.006103516,-0.672470093,1.043228149
-0.45111084,-6.407989502,4.058776855,1.532028198,2.065383911,-0.66960144
1.058761597,-10.32504272,2.725967407,2.323699951,1.185745239,-0.070968628
3.188369751,-11.47599792,1.050994873,2.304168701,1.284698486,0.097610474
-1.468063354,-9.219558716,-0.111923218,1.921768188,1.285934448,0.054855347
-1.623596191,-8.441894531,1.338134766,2.065917969,2.071502686,0.161132813
1.250183105,-9.07598877,0.74710083,1.6615448,1.606018066,0.367614746
2.362854004,-8.537612915,-0.097564697,1.335327148,1.118560791,0.531326294
0.628051758,-9.427734375,-0.267456055,1.396408081,0.991500854,0.580200195
0.551483154,-8.685958862,0.550888062,1.32800293,0.317092896,0.713378906
1.932144165,-11.76791382,-1.270050049,1.339004517,0.91696167,0.801330566
4.013900757,-11.13381958,0.031646729,0.674377441,0.970733643,0.638839722
5.255767822,-12.04788208,-0.425384521,0.261428833,0.342758179,0.247879028
-1.255096436,-14.51010132,-1.691177368,-0.366500854,0.229125977,-0.01109314
2.03263855,-15.47918701,-0.059280396,-1.467285156,-0.626052856,-0.057525635
-2.379730225,-10.96153259,3.340927124,-3.313308716,-2.05670166,-0.046539307
-2.901367188,-16.31906128,3.386383057,-3.406173706,-0.280303955,-0.791778564
-2.001663208,-16.33103943,-1.695968628,-2.554626465,0.395278931,-0.700164795
3.530548096,-12.87818909,5.501647949,-1.792266846,-1.345657349,-1.880325317
-0.092193604,-6.759735107,2.55607605,-3.210693359,-1.064651489,-0.935943604
-1.279022217,-3.931427002,1.685089111,-2.080581665,-2.443969727,-0.813766479
-1.456100464,-1.562530518,1.905227661,-1.116638184,-2.779953003,-0.608520508
-3.430175781,-2.414382935,1.986587524,-0.094070435,-1.742721558,-0.370285034
-3.425384521,-4.80480957,0.235046387,0.960266113,-0.299865723,-0.290878296
-1.872451782,-13.41178894,-9.647323608,1.359771729,0.705596924,-0.231018066
4.490066528,-20.12605286,-17.04592896,-1.266921997,0.339096069,-0.223693848
-0.419998169,-2.038696289,-5.474243164,0.171035767,-0.337722778,-0.417938232
-3.444534302,-7.092346191,4.14251709,1.009124756,0.190032959,0.015762329
2.082885742,-22.12884521,-5.053100586,-0.009780884,-0.185012817,1.020019531
-1.649917603,-5.331222534,4.027664185,1.640762329,1.720870972,-0.769790649
1.329147339,-10.1192627,3.501235962,2.222320557,1.388549805,0.126937866
2.855773926,-11.44967651,1.42666626,2.229644775,1.316467285,0.307754517
-1.338851929,-9.303314209,0.424072266,1.728729248,1.347015381,0.330963135
-0.156799316,-8.621353149,1.290267944,1.716522217,1.340896606,0.322418213
1.168823242,-8.925247192,-0.076034546,1.52104187,1.166183472,0.311416626
1.645004272,-8.556747437,0.409713745,1.473388672,1.232162476,0.431152344
0.137527466,-9.013778687,-0.389480591,1.598007202,0.682388306,0.712142944
1.611495972,-9.616775513,-0.537841797,1.260818481,-0.10194397,0.829437256
1.561248779,-11.53341675,0.29725647,0.839309692,0.809448242,0.637619019
3.678894043,-11.23670959,1.20173645,0.285873413,0.923080444,0.459243774
1.604324341,-14.23731995,-2.009429932,-0.146606445,0.453933716,0.123275757
2.798339844,-16.3669281,-1.31072998,-0.690261841,-0.605285645,-0.061187744
1.436828613,-13.57688904,-0.556991577,-2.885696411,-0.959579468,-0.103942871
-3.049713135,-13.02175903,5.097259521,-3.717697144,-1.592437744,-0.370285034
-5.523895264,-18.69754028,-0.846511841,-3.115386963,0.545562744,-0.751464844
0.982192993,-14.11048889,1.153884888,-1.887573242,-0.043289185,-1.254821777
4.932739258,-8.731430054,3.841018677,-2.678009033,-1.150177002,-1.286590576
-1.274246216,-4.232925415,2.441223145,-2.365249634,-1.699951172,-0.472915649
-1.781524658,-2.395233154,1.560668945,-1.941314697,-2.246063232,-0.399612427
-1.927490234,-1.253860474,1.716201782,-0.553436279,-2.103118896,-0.299423218
-3.566574097,-2.821151733,1.828659058,0.643829346,-0.880172729,-0.350738525
-1.664276123,-8.886962891,-3.99307251,1.379318237,0.353744507,-0.417938232
1.680892944,-19.95376587,-17.45509338,-0.399505615,1.025695801,-0.535217285
0.709411621,-10.10250854,-9.348220825,-1.46484375,-0.528320313,-0.084396362
-4.571548462,-0.904510498,-2.693771362,0.491119385,-0.866729736,-0.271316528
-5.983322144,-11.13861084,0.014892578,1.07144165,-0.007888794,0.223464966
2.197738647,-17.0488739,3.69984436,-0.123397827,0.627410889,0.571640015
-1.063674927,-5.659042358,1.64201355,1.927856445,1.360458374,-0.430145264
4.662353516,-12.18666077,2.438827515,2.860046387,1.336013794,-0.182128906
1.922561646,-11.59564209,0.582000732,2.037826538,0.969497681,0.063400269
-2.982711792,-7.697723389,0.2996521,1.687194824,1.096557617,0.172134399
-1.549423218,-8.580673218,1.974624634,2.031723022,1.779495239,0.276000977
2.645202637,-9.753158569,1.153884888,1.511260986,0.984161377,0.480010986
0.977401733,-8.846282959,0.196746826,1.389083862,1.287139893,0.379837036
-0.400863647,-8.898925781,-0.939834595,1.532028198,0.621307373,0.768356323
2.597351074,-10.19343567,-0.300949097,1.589447021,0.306106567,0.790328979
2.03503418,-11.23910522,0.022079468,1.03112793,0.763031006,0.7109375
3.236221313,-11.26782227,-0.798660278,0.437362671,0.650619507,0.459243774
1.690460205,-14.17271423,-1.234161377,0.133148193,0.330535889,0.065856934
2.786376953,-17.99404907,-0.590484619,-1.000579834,-0.484344482,-0.029418945
-1.987304688,-12.89015198,0.261352539,-3.132507324,-1.145294189,-0.161361694
-1.80305481,-13.69174194,5.798355103,-3.596740723,-1.432403564,-0.318969727
-5.303756714,-17.47001648,-1.786895752,-3.167922974,0.968292236,-0.598754883
4.561859131,-11.44488525,6.174026489,-1.885101318,-0.198440552,-1.115539551
-0.494186401,-10.6696167,1.134735107,-2.541183472,-1.438491821,-1.422180176
-0.568359375,-4.127639771,3.369628906,-2.290725708,-1.922317505,-0.752700806
-1.745635986,-1.684570313,1.153884888,-1.767837524,-2.296157837,-0.61706543
-1.838943481,-1.081573486,1.42666626,-0.397064209,-2.093353271,-0.421585083
-3.556991577,-2.665618896,0.905029297,0.720809937,-1.024337769,-0.461914063
-1.652313232,-9.528244019,-5.024383545,1.743377686,0.216918945,-0.386169434
-0.69039917,-23.33242798,-18.65629578,0.09161377,0.347640991,-0.184570313
0.276306152,-10.02354431,-5.845123291,-1.218063354,-1.108642578,-0.127166748
-3.353607178,-5.47479248,-1.081008911,-0.285888672,-0.016418457,-0.157714844
-4.413619995,-13.89753723,-4.541030884,-0.546112061,0.029998779,0.807434082
-0.266860962,-3.472000122,1.66116333,1.164276123,0.668945313,-0.123504639
0.860153198,-14.9360199,2.072723389,2.537506104,2.275527954,-0.314086914
3.420471191,-11.06681824,1.754486084,2.068374634,1.022033691,-0.195571899
-1.511138916,-8.611785889,0.464752197,1.993835449,1.063568115,0.06463623
-1.386703491,-8.487365723,0.902633667,2.054931641,1.344573975,0.141601563
0.185379028,-9.028137207,0.979202271,1.859451294,1.943206787,0.261322021
1.891464233,-9.10949707,0.29246521,1.404968262,1.100219727,0.505661011
1.3722229,-8.836715698,0.172821045,1.423294067,1.394668579,0.536224365
0.90562439,-9.037704468,0.148895264,1.566238403,0.406280518,0.731704712
1.549285889,-10.68157959,-0.482803345,1.478271484,0.518676758,0.791564941
2.898834229,-11.99763489,0.548492432,0.759902954,0.769134521,0.70602417
2.956268311,-11.83013916,-0.15020752,0.34085083,0.667739868,0.323638916
0.293060303,-14.25405884,-1.870651245,-0.053756714,0.324432373,0.029190063
2.714599609,-16.8837738,-2.267852783,-1.931549072,0.450256348,0.142822266
-1.771957397,-12.77290344,1.718582153,-3.249786377,-1.530136108,-0.069747925
-3.726882935,-14.15835571,5.401138306,-2.935791016,-1.384750366,-0.559661865
-3.982925415,-15.95535278,-1.250900269,-2.867370605,0.169265747,-0.643951416
2.508804321,-13.3447876,4.042022705,-1.434310913,-0.75189209,-1.417297363
-0.266860962,-8.805603027,1.87890625,-2.522857666,-1.023117065,-1.343994141
-1.204849243,-5.02255249,1.89805603,-2.172210693,-1.526473999,-0.773468018
-2.0519104,-1.935806274,1.850189209,-1.511260986,-2.55027771,-0.780792236
-2.784118652,-1.61038208,1.039031982,-0.387268066,-2.00050354,-0.494903564
-3.267471313,-4.481781006,0.593963623,0.513122559,-0.845962524,-0.290878296
-1.422592163,-10.65525818,-5.534057617,1.192398071,0.286560059,-0.0440979
0.360061646,-20.20501709,-18.73286438,-0.40071106,0.265777588,-0.318969727
1.259750366,-9.494735718,-6.754394531,-1.069000244,-0.319396973,-0.252990723
-2.525695801,-0.174697876,-0.578521729,-0.161254883,-0.536880493,-0.238342285
-6.464279175,-16.6803894,-2.712921143,0.99079895,0.175384521,0.552093506
3.583190918,-8.461044312,6.901443481,-0.497238159,0.49180603,0.30531311
-0.862670898,-5.929428101,3.534744263,2.059814453,1.080673218,-0.406936646
4.793960571,-14.61299133,1.273529053,2.526519775,1.179626465,-0.140594482
0.010696411,-10.52365112,0.73274231,1.690841675,0.921844482,-0.092956543
-2.848724365,-7.637908936,0.615493774,1.813034058,1.392227173,-0.030654907
-0.510925293,-9.059249878,2.000946045,2.078140259,1.861358643,0.194137573
3.264938354,-9.614379883,0.153686523,1.55279541,1.329910278,0.436035156
0.759658813,-8.906097412,0.30921936,1.418411255,1.487503052,0.460479736
-0.345825195,-8.506500244,-0.085601807,1.676193237,0.908401489,0.756118774
1.800537109,-10.00680542,-0.571334839,1.588226318,0.264572144,1.026138306
3.867935181,-11.6985321,0.857177734,0.977355957,0.639633179,0.89050293
2.171417236,-11.53103638,-0.951797485,0.361618042,0.734924316,0.318740845
1.266937256,-14.58427429,-1.337051392,-0.211349487,0.289001465,0.093948364
2.429840088,-17.13980103,-2.229568481,-1.552810669,-0.269302368,0.089065552
-0.348220825,-12.69633484,3.333740234,-2.787979126,-1.835571289,0.140365601
-3.513931274,-13.53860474,3.489273071,-3.3878479,-0.656600952,-0.431381226
-3.554595947,-14.95277405,0.665740967,-2.715896606,0.083755493,-0.819885254
0.632843018,-15.31408691,1.311813354,-1.760498047,0.037322998,-1.165634155
2.097244263,-8.238510132,3.852981567,-2.233306885,-1.324874878,-1.711730957
-1.293380737,-5.135009766,1.409912109,-2.246749878,-1.317550659,-0.789337158
-1.609237671,-2.959945679,1.67791748,-1.734848022,-2.199630737,-0.636627197
-2.264877319,-1.064819336,1.271133423,-0.627960205,-2.068908691,-0.295761108
-3.466064453,-2.97668457,0.919387817,0.560760498,-0.891159058,-0.156478882
-2.27204895,-8.824752808,-4.174926758,1.538131714,0.132614136,0.015762329
-1.149810791,-20.68357849,-15.40444946,-0.420272827,0.615203857,-0.50100708
1.972824097,-10.987854,-10.30056763,-1.496612549,-0.456222534,-0.14793396
-3.207641602,0.744155884,0.670532227,0.24798584,-0.925369263,-0.124710083
-6.224990845,-15.63232422,-1.100158691,1.084884644,0.835113525,0.280883789
3.628646851,-9.992446899,9.299057007,-0.243118286,0.119171143,0.258880615
-2.252914429,-5.766723633,0.943313599,2.244293213,1.927322388,-0.464355469
4.018676758,-12.6676178,2.749893188,2.602264404,1.527832031,0.12449646
1.398544312,-11.11228943,0.232650757,1.893661499,1.167419434,0.257675171
-2.379730225,-7.645080566,0.06036377,1.707962036,1.384872437,0.15625
0.096847534,-8.616577148,1.283096313,1.936416626,1.779495239,0.311416626
2.999343872,-9.623947144,0.392959595,1.393966675,1.066009521,0.491012573
0.783584595,-8.968322754,-0.073638916,1.302352905,1.287139893,0.451919556
0.424667358,-8.616577148,-0.154998779,1.345108032,0.260894775,0.806213379
2.350891113,-10.40879822,-1.148010254,1.495391846,0.406280518,0.806213379
2.884475708,-11.5884552,1.070129395,0.867416382,0.483261108,0.752471924
3.315185547,-11.62913513,-0.233947754,0.436141968,0.453933716,0.431152344
-0.68800354,-14.24209595,-0.674240112,-0.006103516,0.152175903,0.037750244
1.511001587,-16.12524414,-2.275039673,-1.332901001,-0.240005493,0.021865845
-0.458297729,-11.97608948,2.955673218,-2.860046387,-1.30166626,0.20513916
-2.745834351,-13.22036743,4.051589966,-3.269332886,-0.573516846,-0.312866211
-4.011627197,-15.15376282,1.132354736,-2.681686401,0.13873291,-0.713577271
0.884078979,-14.80441284,1.400344849,-1.832580566,-0.031082153,-0.923736572
-1.235961914,-12.89015198,0.404922485,-2.752548218,-0.616287231,-1.508926392
-0.312332153,-5.120651245,2.532150269,-1.729949951,-1.660858154,-1.133865356
-1.525482178,-2.969512939,1.493667603,-1.685974121,-2.205749512,-0.719696045
-2.379730225,-1.17489624,1.302230835,-0.580307007,-1.856338501,-0.43258667
-3.454101563,-3.287750244,0.385787964,0.357955933,-0.577178955,-0.250549316
-2.171554565,-8.717071533,-3.99786377,1.196044922,0.273117065,0.004776001
0.24041748,-18.86024475,-15.25370789,0.182022095,0.161941528,-0.538894653
3.525756836,-11.89712524,-6.668258667,-0.885742188,-0.589401245,-0.438705444
-0.884216309,0.227294922,-3.607833862,-0.321304321,-0.527084351,-0.334854126
-5.42817688,-10.5930481,2.845611572,1.226608276,0.414840698,0.35295105
2.554275513,-23.09315491,-5.175140381,-0.345733643,0.213241577,0.850204468
-3.449325562,-3.110687256,3.360061646,1.668869019,1.419082642,-0.653717041
3.114196777,-10.72465515,3.776412964,2.364028931,1.141769409,0.168487549
2.389175415,-12.53361511,0.692062378,1.98651123,1.196746826,0.120834351
-2.370162964,-8.037506104,0.280502319,1.679870605,1.077011108,0.126937866
-1.133071899,-7.886764526,1.723373413,1.937652588,1.563262939,0.266204834
2.659561157,-9.78187561,0.979202271,1.451385498,1.0574646,0.510559082
0.931945801,-9.133422852,0.117797852,1.227813721,1.189422607,0.427474976
-0.130477905,-8.879776001,-0.449310303,1.152069092,0.617645264,0.610748291
1.3387146,-9.607208252,0.345108032,1.351211548,0.632293701,0.731704712
3.977996826,-10.94000244,0.378601074,1.101974487,0.782577515,0.826980591
2.93711853,-11.40420532,-0.60723877,0.327407837,0.617645264,0.48979187
1.771820068,-13.40699768,-0.104736328,0.307861328,0.048324585,0.238113403
0.24041748,-15.48875427,-2.19367981,-0.398269653,-0.092163086,0.021865845
1.621078491,-14.05067444,-0.903945923,-2.410461426,-0.662704468,0.102508545
-2.374938965,-11.41856384,3.087280273,-3.629745483,-1.069534302,-0.066070557
-4.844329834,-16.4052124,2.697250366,-3.084854126,-0.045730591,-0.738021851
-0.219009399,-11.49275208,1.175415039,-2.728103638,0.80456543,-0.486358643
2.240814209,-12.27758789,0.371429443,-2.443435669,-0.798309326,-1.624984741
0.690261841,-6.81237793,2.247406006,-1.737289429,-1.432403564,-1.257263184
-1.197677612,-3.153762817,1.988983154,-1.824035645,-2.337692261,-0.692810059
-2.295974731,-1.237106323,1.316589355,-0.930953979,-2.108001709,-0.453353882
-3.384719849,-1.789855957,1.22088623,0.454467773,-1.183151245,-0.455795288
-2.764968872,-5.472396851,-0.446914673,1.567459106,0.064208984,-0.375167847
-2.394088745,-16.0534668,-12.14543152,1.326782227,0.639633179,-0.350738525
3.377410889,-21.95176697,-14.44970703,-2.362808228,-0.298629761,-0.146713257
-0.92250061,0.387619019,-6.146621704,-0.313980103,-0.695678711,-0.50100708
-2.157196045,-10.08337402,3.893661499,1.382980347,0.089859009,0.26499939
1.704818726,-13.03372192,0.122573853,-0.474014282,-0.15814209,0.767120361
-2.922897339,-7.609191895,3.742919922,2.188110352,1.344573975,-0.676925659
2.920379639,-12.67958069,2.189971924,2.56072998,1.470413208,0.2527771
2.125961304,-9.968521118,1.072525024,2.032943726,1.193069458,0.239349365
-1.013427734,-8.41317749,0.005325317,1.882675171,1.015914917,0.299209595
-0.661682129,-8.465820313,1.151489258,2.021942139,1.762405396,0.15625
1.709609985,-9.147781372,0.692062378,1.523483276,0.987823486,0.387161255
0.924758911,-9.31048584,0.139328003,1.253479004,1.179626465,0.500778198
-0.621002197,-8.87020874,-0.626373291,1.314559937,0.550445557,0.66204834
1.341110229,-10.05944824,-0.370346069,1.382980347,0.482025146,0.741470337
2.094848633,-10.65765381,-0.14541626,1.109313965,0.797241211,0.765899658
4.049789429,-11.38746643,0.019683838,0.604736328,0.605422974,0.565536499
1.788574219,-14.25645447,-0.370346069,0.239456177,0.270675659,0.139160156
2.01348877,-17.57051086,0.172821045,-0.91506958,-0.209442139,-0.026977539
-2.652511597,-13.43331909,-0.066452026,-2.401901245,-1.228363037,-0.068511963
-1.434555054,-11.59802246,4.357879639,-3.683486938,-1.319992065,-0.22857666
-3.913528442,-16.35974121,0.546112061,-2.973678589,0.51991272,-0.779556274
-1.063674927,-14.57470703,0.995956421,-1.931549072,0.133850098,-0.906616211
0.386383057,-12.94758606,-0.052093506,-2.961456299,-0.671264648,-1.593231201
0.00352478,-5.058441162,3.072921753,-2.061050415,-1.487380981,-0.929824829
-1.925094604,-2.648864746,1.316589355,-1.975524902,-2.145889282,-0.68548584
-2.004058838,-0.909286499,1.299850464,-0.70249939,-2.189865112,-0.406936646
-3.585708618,-2.203811646,1.295059204,0.553421021,-1.280899048,-0.333633423
-2.25769043,-8.106903076,-3.569549561,1.764160156,-0.018875122,-0.221221924
0.422271729,-23.00222778,-20.75720215,0.518005371,-0.195999146,-0.282318115
0.778793335,-10.60978699,-6.486404419,-1.418426514,-0.381713867,0.097610474
-4.145629883,-2.488555908,2.125366211,-0.733032227,-0.354827881,-0.38494873
-3.267471313,-19.2789917,-8.465270996,0.10017395,-0.199676514,0.592422485
-3.006652832,-5.687759399,4.149703979,0.798995972,1.122207642,-0.223693848
-0.628173828,-10.78207397,4.164047241,2.300491333,1.623123169,-0.114944458
4.324966431,-13.03132629,2.273727417,2.532623291,1.569366455,-0.207809448
-1.166564941,-9.193237305,0.503036499,1.940093994,1.327468872,0.003540039
-1.81980896,-7.74079895,1.000747681,1.927856445,1.629241943,0.181900024
-0.065872192,-8.989852905,1.508026123,1.753173828,1.944442749,0.330963135
2.982589722,-9.700515747,0.909820557,1.353652954,1.241943359,0.550872803
0.486877441,-9.078384399,-0.633560181,1.264465332,1.31036377,0.532546997
1.635437012,-8.743392944,0.29006958,1.415969849,0.159500122,0.726791382
0.924758911,-10.75575256,-0.803451538,1.367095947,0.633529663,0.677932739
3.39894104,-11.41856384,0.373825073,0.83442688,0.549224854,0.815994263
3.107009888,-10.70550537,0.06036377,0.307861328,0.549224854,0.403045654
-0.721496582,-14.05784607,-0.944625854,0.146591187,0.159500122,0.001098633
3.104629517,-15.93861389,-2.435348511,-1.253479004,0.632293701,0.241790771
2.087677002,-13.07200623,1.740127563,-2.634033203,-1.684066772,0.137924194
-2.855895996,-13.0528717,4.36505127,-3.473358154,-1.569229126,-0.273757935
-3.698165894,-15.36672974,1.333343506,-2.779418945,-0.191116333,-0.915176392
1.001327515,-16.64448547,-0.262664795,-1.985290527,0.089859009,-1.053222656
2.882095337,-9.671813965,5.360458374,-2.191772461,-1.483703613,-1.770385742
-1.757598877,-6.455856323,1.335739136,-2.599822998,-1.569229126,-0.768569946
-1.101959229,-3.213577271,2.11819458,-1.957199097,-2.226516724,-0.695251465
-3.152603149,-0.830322266,1.165847778,-0.853973389,-2.031036377,-0.392272949
-3.40145874,-1.895126343,1.115600586,0.254104614,-1.02923584,-0.262786865
-2.473052979,-6.020355225,-1.248504639,1.134979248,-0.007888794,-0.008651733
-1.965774536,-15.05566406,-12.75799561,0.794113159,0.62008667,-0.194366455
3.966033936,-19.9561615,-12.60244751,-1.260818481,0.120407104,-0.14793396
-1.085205078,-0.382873535,-5.306732178,-0.097732544,-0.92048645,-0.537658691
-3.970947266,-6.742996216,3.429458618,1.040893555,-0.387817383,0.05241394
1.058761597,-30.28358459,-11.18589783,0.246780396,0.343978882,0.531326294
-5.478439331,0.291900635,4.59954834,0.901611328,0.924285889,-0.609741211
2.50163269,-9.375091553,5.013504028,2.335922241,1.421524048,0.13671875
4.834640503,-15.5294342,-0.186096191,2.563171387,1.452087402,-0.165039063
-2.528076172,-8.520858765,0.127365112,1.638320923,0.954849243,0.008422852
-2.812820435,-6.623352051,1.704238892,1.81791687,1.461853027,0.059753418
1.436828613,-9.980484009,1.352493286,1.557693481,1.500946045,0.52154541
2.135528564,-9.698120117,0.725570679,1.288909912,1.185745239,0.506896973
-0.740646362,-9.059249878,0.105819702,1.360992432,1.224838257,0.53742981
2.006317139,-8.86781311,0.73274231,1.512481689,0.179031372,0.900299072
1.903427124,-10.5978241,-0.473236084,1.378082275,0.649414063,0.833099365
3.142913818,-11.65785217,0.06993103,0.686599731,0.794784546,0.632720947
2.772018433,-12.98826599,-0.260269165,0.127044678,0.805786133,0.366394043
0.427047729,-14.75656128,-1.999862671,-0.075744629,-0.034729004,0.123275757
3.133331299,-14.99583435,-0.066452026,-1.739730835,-0.723800659,-0.136932373
-4.140838623,-11.29414368,2.769042969,-3.255889893,-1.547241211,-0.194366455
-2.784118652,-15.25904846,3.544311523,-3.180160522,-0.119033813,-0.82232666
-2.95161438,-15.30212402,-1.124084473,-2.405578613,0.099624634,-0.675720215
3.597549438,-13.12464905,5.233642578,-1.574798584,-0.915603638,-1.807037354
-0.329071045,-7.080383301,2.859970093,-2.511856079,-1.443374634,-1.099655151
-1.573348999,-4.496124268,1.988983154,-2.1746521,-2.023712158,-0.777114868
-2.078231812,-1.600814819,1.125167847,-1.342666626,-2.230194092,-0.596298218
-2.879821777,-2.488555908,0.921783447,-0.222351074,-1.530136108,-0.351959229
-3.056900024,-4.922058105,-0.207626343,0.695159912,-0.549087524,-0.251785278
-1.039749146,-10.96392822,-6.864471436,1.314559937,0.133850098,-0.125946045
3.501831055,-20.33422852,-19.95320129,-1.525924683,0.280456543,-0.515670776
2.532745361,-5.891143799,-7.587097168,-0.185699463,-0.867950439,-0.359283447
-3.418212891,-6.147186279,3.984588623,0.571746826,-0.13369751,-0.01109314
-2.652511597,-25.48118591,-11.75540161,-0.422714233,0.133850098,0.746353149
-4.406448364,-0.423553467,4.408126831,0.646270752,0.853424072,-0.459472656
0.498840332,-13.03132629,4.826858521,2.390914917,1.838134766,0.118392944
3.958862305,-13.86642456,0.577209473,2.285827637,1.46673584,-0.134490967
-1.956192017,-8.238510132,-0.023391724,1.869232178,1.134429932,0.225906372
-1.850906372,-7.300521851,1.330947876,2.090362549,1.610916138,0.159927368
1.221466064,-9.248275757,1.450592041,1.789810181,1.98109436,0.420150757
2.999343872,-9.645492554,0.390579224,1.266906738,0.998825073,0.679168701
0.20690918,-8.573501587,-0.300949097,1.153305054,0.958496094,0.615631104
1.487075806,-8.444290161,0.505432129,1.467269897,0.065414429,0.8465271
0.821868896,-10.71746826,-0.877624512,1.622436523,0.670181274,0.813552856
3.353469849,-12.11248779,0.302032471,0.904052734,0.602981567,0.888061523
2.996948242,-11.47599792,0.000549316,0.378723145,0.693389893,0.400604248
-1.274246216,-13.09353638,-1.047515869,0.021972656,0.275558472,0.045074463
2.870132446,-16.14199829,1.254379272,-0.84664917,-0.376831055,0.007217407
-3.099960327,-12.60540771,-0.233947754,-2.818511963,-1.354202271,-0.281112671
-1.664276123,-13.3782959,6.729156494,-3.560089111,-0.905838013,-0.474121094
-4.423202515,-16.6421051,-2.109924316,-3.114181519,0.094741821,-0.816207886
0.123168945,-15.29733276,3.297851563,-1.734848022,-0.485549927,-1.019012451
3.217086792,-8.807998657,4.243011475,-2.493530273,-0.896057129,-1.665313721
-2.027984619,-4.890945435,2.075119019,-2.54850769,-1.509353638,-0.656158447
-1.977737427,-2.258834839,1.247207642,-1.742172241,-2.20942688,-0.587753296
-2.372543335,-0.961929321,0.857177734,-0.505783081,-1.483703613,-0.331192017
-3.289001465,-2.756546021,0.771026611,0.570541382,-0.705474854,-0.290878296
-1.259887695,-10.36811829,-3.842330933,1.321899414,0.277999878,-0.103942871
2.314987183,-21.23631287,-17.97195435,-0.877182007,0.709274292,-0.535217285
2.137924194,-7.982467651,-9.116119385,-1.165527344,-1.107406616,-0.425262451
-1.195281982,2.033889771,2.589569092,0.537536621,-1.053649902,-0.177246094
-6.172348022,-16.91488647,-1.801254272,1.546691895,0.700714111,0.197784424
4.341705322,-14.12963867,5.413101196,-0.43371582,0.088638306,0.067077637
-4.896972656,-3.775894165,-0.154998779,1.736053467,1.555923462,-0.355621338
4.837020874,-12.73701477,3.238037109,2.665786743,1.481414795,0.274765015
2.322174072,-12.11965942,0.586776733,1.974304199,1.089233398,0.100067139
-2.700363159,-7.326843262,0.455184937,1.684753418,1.152770996,0.155044556
-1.018203735,-8.008789063,2.450790405,1.955978394,1.636566162,0.324859619
2.652374268,-10.49493408,0.672927856,1.317001343,1.028137207,0.603408813
1.228652954,-8.896530151,0.483886719,1.177719116,1.167419434,0.483688354
-0.525283813,-8.470611572,-0.037750244,1.354873657,0.47958374,0.758560181
1.597137451,-10.02833557,-0.372741699,1.486831665,0.436813354,0.87097168
3.678894043,-11.19125366,0.342712402,1.009124756,0.667739868,0.820877075
2.640411377,-11.59564209,-0.085601807,0.477676392,0.727600098,0.428710938
0.204528809,-13.35197449,-1.090591431,-0.037872314,0.78868103,0.210021973
1.111404419,-15.55335999,-0.927871704,-0.26512146,-0.269302368,0.140365601
2.03024292,-13.56492615,-0.449310303,-2.145355225,-0.882614136,-0.037979126
-3.480422974,-11.04049683,3.857772827,-3.445266724,-1.356643677,-0.015975952
-3.549819946,-14.7374115,2.077514648,-3.145950317,-0.046966553,-0.718490601
-1.468063354,-15.41697693,-1.471038818,-2.300506592,1.007369995,-0.808883667
5.581192017,-11.11228943,5.908416748,-1.855804443,-1.035324097,-2.100250244
-0.678436279,-6.719070435,2.647003174,-2.249191284,-1.660858154,-0.981155396
-1.446533203,-4.264022827,1.543914795,-2.024398804,-2.331588745,-0.828430176
-2.506546021,-2.062637329,0.610717773,-1.03968811,-2.19354248,-0.634185791
-3.229171753,-2.773300171,1.017486572,0.16859436,-1.363983154,-0.524215698
-2.599868774,-5.158935547,-0.253097534,0.930938721,-0.453781128,-0.24446106
-1.37953186,-12.49533081,-8.362380981,1.326782227,0.091079712,-0.123504639
3.327148438,-20.02316284,-18.72807312,-1.827697754,0.210800171,-0.327529907
0.171020508,-4.713882446,-6.551010132,0.289535522,-0.516113281,-0.531555176
-2.130874634,-10.432724,3.460571289,0.744018555,-0.269302368,0.131820679
-1.243133545,-15.32365417,-6.105941772,-0.680496216,0.15461731,0.73046875
-3.016220093,-1.588851929,2.230651855,1.203399658,0.668945313,-0.52545166
2.133132935,-14.47419739,3.537139893,2.443450928,2.160690308,-0.059967041
4.114395142,-12.2273407,1.350097656,1.852127075,0.948730469,0.15625
-2.592681885,-7.896331787,0.105819702,1.720169067,0.457611084,0.102508545
-2.298370361,-7.575698853,1.44342041,2.051269531,1.537597656,-0.017211914
1.250183105,-10.27001953,1.311813354,1.775146484,1.990859985,0.395706177
2.975402832,-9.714874268,0.395355225,1.232696533,0.926727295,0.539871216
0.173416138,-8.39881897,0.53175354,1.235153198,1.131973267,0.396942139
-0.319503784,-8.477783203,0.089080811,1.512481689,0.390396118,0.792770386
2.066131592,-10.99981689,-0.908737183,1.507598877,0.759368896,0.919830322
3.238616943,-11.61238098,0.778213501,0.623062134,0.78868103,0.622955322
1.489471436,-11.47120667,0.416900635,0.265106201,0.568771362,0.274765015
-0.415222168,-13.25865173,-0.717300415,0.107498169,0.704391479,0.090286255
4.159851074,-16.05107117,0.168045044,-0.711029053,0.172943115,0.269882202
-0.092193604,-13.21557617,-0.466064453,-2.51675415,-1.290664673,-0.20413208
-4.3203125,-12.21298218,4.302841187,-3.606536865,-1.411636353,-0.375167847
-3.245925903,-15.6897583,1.302230835,-2.893051147,0.431930542,-0.774673462
1.159255981,-16.07739258,0.376220703,-1.85824585,0.374511719,-0.981155396
-2.657287598,-11.55496216,0.522171021,-3.255889893,-0.489227295,-1.373321533
-0.735855103,-7.597229004,1.381195068,-2.118469238,-1.434844971,-1.05078125
-1.305343628,-2.648864746,1.094055176,-1.826477051,-2.216751099,-0.805221558
-1.858093262,-1.294540405,0.96484375,-0.652404785,-1.7915802,-0.493682861
-2.934860229,-2.029129028,1.077316284,0.39704895,-0.847183228,-0.296981812
-1.972946167,-6.474990845,-2.794281006,1.474624634,0.032440186,0.034088135
0.21887207,-17.72843933,-15.20584106,0.960266113,0.003112793,-0.257888794
4.100036621,-15.51268005,-9.049118042,-1.136199951,-1.394515991,-0.037979126
-2.626190186,-2.199020386,-2.136245728,-0.428833008,-0.71647644,-0.362960815
-3.808242798,-21.52105713,-2.42578125,0.322525024,0.054428101,0.267440796
-1.518310547,-0.70350647,7.475723267,-0.539993286,-0.384155273,0.374938965
-0.099365234,-10.5475769,5.410720825,2.420211792,2.11668396,-0.182128906
5.203125,-15.22315979,0.98638916,2.56072998,1.460647583,-0.139389038
-0.264465332,-8.922851563,0.782989502,1.855789185,0.959732056,0.010864258
-2.865463257,-6.795639038,0.414505005,1.911972046,0.951171875,0.075622559
-0.977539063,-9.028137207,2.187576294,2.135574341,2.039733887,0.266204834
3.367828369,-10.68397522,0.938522339,1.430618286,1.196746826,0.597305298
1.678497314,-8.848678589,0.170425415,1.194839478,1.309143066,0.45803833
-0.642532349,-8.41796875,0.09147644,1.287689209,0.348861694,0.674255371
1.511001587,-10.16950989,-0.511520386,1.473388672,0.50769043,0.741470337
2.221664429,-10.85864258,0.101043701,1.19972229,0.741043091,0.845306396
3.312805176,-11.3850708,-0.128677368,0.673156738,0.675064087,0.576538086
0.618484497,-14.13920593,-0.722091675,0.307861328,0.324432373,0.135482788
2.429840088,-14.43113708,-0.279418945,-1.09954834,0.75692749,0.046310425
1.420074463,-13.11985779,-1.576324463,-1.905899048,-1.239364624,-0.375167847
-2.894180298,-11.65066528,5.221679688,-3.665161133,-1.615646362,-0.240783691
-4.025985718,-16.59423828,1.230453491,-3.138595581,0.187591553,-0.924942017
-0.616210938,-14.60580444,-1.404037476,-2.075698853,0.351303101,-0.82232666
3.291259766,-12.16513062,2.041625977,-2.586380005,-0.61138916,-2.025726318
-1.250320435,-6.699920654,3.041824341,-2.345718384,-1.542358398,-0.940826416
-1.759979248,-3.452865601,1.572631836,-2.090362549,-2.476974487,-0.802780151
-1.901168823,-1.416564941,0.328353882,-0.941955566,-2.055480957,-0.607299805
-3.207641602,-2.340194702,1.096450806,0.227218628,-1.40184021,-0.470474243
-2.772155762,-6.250076294,-1.224578857,1.213165283,-0.308410645,-0.238342285
-0.9009552,-14.36891174,-12.64074707,1.022567749,0.416046143,-0.074630737
2.389175415,-14.71109009,-12.46366882,-0.893066406,-1.006027222,-0.03553772
-1.956192017,-4.369308472,-1.396865845,0.285873413,0.245010376,-0.447265625
-4.188705444,-17.43652344,-1.664855957,0.455703735,0.45149231,0.36151123
2.602127075,-6.774093628,9.351699829,-0.762359619,0.081298828,0.174575806
-2.798477173,-6.699920654,3.132751465,2.152664185,1.763626099,-0.285995483
5.294052124,-15.74000549,1.89805603,2.625473022,1.630447388,0.137924194
0.324157715,-9.635910034,0.51020813,1.731170654,1.152770996,0.161132813
-2.150009155,-7.113876343,0.869140625,1.987747192,1.304244995,0.107391357
-0.585113525,-8.599822998,2.201934814,2.040267944,2.279190063,0.28453064
3.37979126,-10.42793274,0.809310913,1.34022522,1.334793091,0.627838135
1.410507202,-8.776885986,0.148895264,1.125198364,1.156417847,0.534988403
0.22605896,-8.606994629,0.29725647,1.348770142,0.25112915,0.702377319
0.053771973,-10.432724,-0.999664307,1.425735474,0.937728882,0.720703125
3.982788086,-10.99504089,-0.013809204,0.96270752,0.855880737,0.951599121
3.824859619,-11.28457642,-0.202850342,0.39704895,1.00982666,0.405502319
0.120773315,-13.3830719,-2.057281494,-0.217468262,0.701950073,0.162368774
1.324356079,-15.55575562,-1.437545776,-0.513122559,-0.540527344,0.004776001
-0.00843811,-12.92366028,1.22328186,-2.828277588,-0.927810669,0.018218994
-2.154800415,-13.4596405,5.219284058,-3.378051758,-1.322433472,-0.378845215
-4.073852539,-16.24728394,0.775817871,-2.762313843,0.353744507,-0.96647644
0.333740234,-15.80221558,0.201538086,-2.094024658,0.336639404,-1.082550049
3.085479736,-10.14797974,4.802932739,-1.940109253,-1.056106567,-1.788711548
-1.252700806,-6.101715088,1.522384644,-2.41166687,-1.586334229,-0.757583618
-1.573348999,-3.646682739,1.752090454,-1.996292114,-2.299819946,-0.549880981
-1.963378906,-1.038497925,1.610916138,-1.045791626,-2.241165161,-0.283554077
-2.95401001,-2.344985962,1.012710571,0.151473999,-1.258911133,-0.227340698
-2.973144531,-5.946182251,-1.155197144,1.136184692,-0.297424316,-0.09173584
-2.188308716,-13.87838745,-12.10952759,0.587631226,0.361068726,-0.292098999
3.592758179,-18.25486755,-14.16496277,-1.285247803,-0.531982422,-0.172363281
-1.166564941,-1.366317749,-4.390289307,-0.014663696,-0.516113281,-0.466796875
-2.956390381,-9.221954346,3.395950317,0.896728516,0.236465454,0.139160156
2.374816895,-21.28178406,-4.225189209,-0.366500854,0.26701355,0.737792969
-1.451309204,-5.290542603,1.173019409,1.876556396,1.372665405,-0.819885254
1.561248779,-11.60520935,4.006134033,2.434890747,1.186981201,0.186813354
2.240814209,-11.17929077,0.991165161,2.092803955,0.971939087,0.188018799
-2.094985962,-8.252868652,0.151290894,1.820358276,0.9609375,0.304092407
-1.049316406,-7.889160156,1.680297852,1.993835449,1.303024292,0.355407715
1.838821411,-9.848876953,0.656173706,1.433059692,0.9609375,0.482452393
1.221466064,-9.054458618,0.313995361,1.263259888,1.003707886,0.473922729
-0.891387939,-8.365325928,-0.506729126,1.382980347,0.486907959,0.736587524
1.901031494,-10.10250854,-0.092773438,1.541809082,0.292663574,0.809890747
1.597137451,-11.24627686,-0.15737915,1.218048096,0.678741455,0.732910156
4.401535034,-11.69374084,-0.499557495,0.554656982,0.780136108,0.516662598
1.245407104,-13.54579163,-0.190887451,0.21257019,0.330535889,0.098831177
2.762451172,-16.36213684,-1.7318573,-0.450805664,-0.62727356,0.053634644
0.278701782,-13.57928467,0.237426758,-2.583938599,-0.773895264,-0.112503052
-3.030578613,-11.72724915,4.83644104,-3.513671875,-1.708511353,-0.2762146
-4.681625366,-16.07260132,1.639633179,-2.927261353,0.314651489,-0.777114868
-0.766967773,-15.22554016,-0.748413086,-2.272399902,0.346420288,-0.807662964
2.283889771,-11.51667786,2.663757324,-2.149002075,-0.110488892,-1.74105835
-0.707138062,-6.065826416,2.266540527,-2.245529175,-1.589996338,-1.071563721
-1.676239014,-3.704101563,1.486480713,-1.996292114,-2.131210327,-0.792999268
-2.295974731,-1.15574646,0.610717773,-0.919952393,-2.067687988,-0.523010254
-2.94442749,-2.038696289,0.392959595,0.224777222,-1.114746094,-0.376403809
-1.702560425,-6.484573364,-1.808425903,1.169189453,-0.38659668,-0.128387451
-1.441741943,-15.25665283,-13.17434692,0.912612915,0.006790161,-0.229782104
2.953872681,-15.49354553,-9.197463989,-0.632843018,-0.995025635,-0.031860352
-2.49458313,-1.892745972,-3.849502563,-0.564437866,-0.37437439,-0.329971313
-6.241744995,-11.91148376,0.579605103,0.941940308,0.303665161,0.329742432
6.741714478,-20.60461426,0.716003418,-0.723266602,-0.023757935,0.668167114
-4.308349609,-2.115280151,2.465148926,1.777587891,1.197952271,-0.755142212
3.518585205,-12.52404785,4.13772583,2.487426758,1.441085815,0.129379272
2.594955444,-12.71786499,0.816497803,2.14289856,1.184509277,0.057296753
-2.630966187,-7.26701355,0.036437988,1.66519165,1.131973267,0.01210022
-2.468261719,-7.709686279,1.575012207,2.097686768,2.102035522,-0.0440979
2.372421265,-10.29872131,1.354873657,1.453826904,1.712310791,0.524002075
2.391555786,-9.300918579,-0.073638916,1.210723877,1.397109985,0.532546997
0.099243164,-8.87739563,-0.422988892,1.270584106,0.617645264,0.636398315
1.819671631,-9.430130005,-0.195663452,1.391525269,0.474700928,0.653488159
0.824264526,-10.2293396,-0.288986206,1.103210449,0.743484497,0.803771973
2.762451172,-11.52145386,0.239822388,0.561981201,0.731277466,0.680374146
2.582992554,-12.41876221,-0.83934021,0.177124023,0.483261108,0.304092407
0.412704468,-13.99084473,-1.72946167,-0.623077393,0.750808716,0.126937866
3.961257935,-16.27360535,-1.435150146,-2.304168701,-0.242446899,0.207580566
-2.128479004,-11.73202515,3.860168457,-2.999328613,-2.512390137,-0.327529907
-4.801269531,-16.27839661,2.673324585,-3.142272949,-0.553970337,-0.740463257
-1.659484863,-16.91726685,-0.38710022,-2.62059021,0.815567017,-0.835769653
3.087875366,-13.02415466,4.520584106,-1.562576294,-0.910720825,-1.892562866
-0.345825195,-7.783874512,1.8956604,-2.684127808,-1.674301147,-1.254821777
-1.700164795,-4.409988403,2.020080566,-2.084259033,-2.189865112,-0.929824829
-2.221801758,-1.928634644,1.096450806,-1.290130615,-2.35357666,-0.662277222
-3.279434204,-1.232315063,1.225662231,0.098953247,-1.363983154,-0.477798462
-3.382324219,-3.570114136,-0.083206177,1.009124756,-0.176467896,-0.309204102
-1.310134888,-11.4233551,-5.981521606,1.34022522,0.369628906,0.13671875
3.951675415,-24.47859192,-19.31193542,-0.847869873,0.048324585,-0.375167847
1.80770874,-5.271408081,-8.187698364,-0.524108887,-0.915603638,-0.512008667
-2.157196045,-2.340194702,4.83883667,0.746459961,-0.761657715,-0.002548218
-2.772155762,-25.96214294,-9.881820679,0.483795166,0.81678772,0.526443481
-2.374938965,-2.799621582,7.805923462,0.548538208,0.386734009,-0.494903564
-0.867462158,-8.87260437,4.152084351,2.287063599,1.278594971,0.188018799
4.458953857,-13.67977905,0.785385132,2.432449341,1.377548218,0.100067139
-0.812423706,-8.860641479,0.507827759,1.859451294,1.11000061,0.282089233
-1.745635986,-7.72883606,1.254379272,1.839904785,1.343338013,0.250320435
1.35786438,-9.556945801,0.785385132,1.654190063,1.256607056,0.410385132
1.57081604,-9.202819824,0.74710083,1.295013428,1.102676392,0.439712524
-0.764572144,-9.198028564,-0.896759033,1.231491089,1.293258667,0.520339966
2.03742981,-8.372497559,1.522384644,1.220489502,-0.03352356,0.892959595
1.80770874,-10.75575256,-1.360977173,1.319442749,0.703155518,0.728027344
2.295852661,-11.77270508,1.400344849,0.621841431,0.775253296,0.613189697
3.281692505,-12.27758789,-1.033157349,-0.025650024,1.068466187,0.45803833
-0.90814209,-13.27301025,-0.40145874,0.491119385,-0.742126465,0.115936279
3.372619629,-15.55335999,0.335540771,-1.23638916,-0.269302368,0.082962036
-3.604858398,-11.5501709,0.29246521,-3.100738525,-1.707275391,-0.117385864
-3.358398438,-14.21817017,6.523376465,-3.469696045,-0.883834839,-0.598754883
-5.00944519,-15.96014404,-1.765365601,-2.869812012,0.714157104,-0.806442261
1.838821411,-13.99324036,2.261764526,-1.621231079,-0.088500977,-1.61277771
1.436828613,-8.221755981,2.546508789,-2.531402588,-1.232040405,-1.422180176
-2.525695801,-4.886154175,2.173217773,-2.250411987,-1.731719971,-0.749023438
-1.762374878,-2.943191528,0.76385498,-1.646881104,-2.203308105,-0.623184204
-2.197875977,-1.581680298,0.469528198,-0.463043213,-1.641296387,-0.419143677
-3.020996094,-4.007995605,1.316589355,0.653610229,-0.714004517,-0.310424805
-1.645126343,-8.920455933,-4.998062134,1.442855835,0.026321411,-0.118606567
0.943908691,-20.48736572,-19.16117859,-0.114837646,0.363525391,-0.354400635
2.207321167,-8.336608887,-7.943634033,-1.14352417,-0.726242065,-0.22857666
-3.013824463,-1.878387451,4.3722229,0.364059448,-0.287628174,-0.198013306
-6.691589355,-24.40919495,-12.14781189,0.299316406,0.671386719,0.582641602
-0.46546936,-3.342788696,9.902038574,0.122161865,0.634735107,-0.002548218
-0.810028076,-8.542388916,3.415100098,2.322494507,1.810043335,-0.030654907
4.951889038,-14.84030151,1.247207642,2.756210327,1.564483643,-0.111282349
-1.106750488,-9.245880127,-0.044921875,1.858230591,1.157653809,0.130599976
-2.987503052,-6.558746338,0.993560791,1.969421387,1.762405396,0.095169067
0.733337402,-9.042495728,1.299850464,1.850906372,2.117919922,0.469009399
3.63343811,-9.822555542,0.187179565,1.332885742,1.304244995,0.587524414
0.642410278,-9.477981567,-0.221984863,1.171630859,1.323806763,0.466567993
1.57081604,-8.102111816,0.333145142,1.263259888,-0.07749939,0.828201294
1.642608643,-11.05245972,-1.05947876,1.320678711,0.559005737,0.695053101
3.341506958,-11.3850708,0.948104858,0.70980835,0.587097168,0.723144531
3.236221313,-12.62693787,0.218292236,0.239456177,0.43560791,0.45803833
-0.790893555,-13.80661011,-2.196075439,-0.254119873,0.159500122,0.014541626
2.745697021,-15.60360718,-0.226776123,-1.264480591,-0.695678711,-0.086837769
-2.628585815,-11.47599792,0.335540771,-3.265670776,-1.542358398,0.0206604
-3.073638916,-15.16812134,5.941925049,-3.828872681,-0.922927856,-0.50100708
-4.396881104,-15.56771851,-2.385101318,-2.636474609,0.588317871,-0.530334473
2.94909668,-14.12484741,5.102035522,-1.940109253,-0.784881592,-1.592010498
1.262145996,-7.910690308,1.981796265,-2.57661438,-1.141616821,-0.928619385
-2.640548706,-3.792648315,2.838424683,-2.269958496,-1.802581787,-0.524215698
-1.398666382,-1.17010498,1.19934082,-1.434310913,-2.022491455,-0.438705444
-3.104751587,-0.95715332,0.74710083,0.023208618,-1.438491821,-0.300643921
-3.42300415,-3.342788696,-0.047317505,1.24005127,-0.616287231,-0.268875122
-1.697769165,-14.30192566,-10.5015564,1.488037109,0.160705566,-0.294540405
2.970626831,-22.07620239,-14.37792969,-1.568695068,0.903518677,0.159927368
-2.592681885,-1.978881836,-8.070449829,-0.838088989,-0.629730225,-0.369064331
-0.881820679,-3.964920044,2.446014404,0.68536377,-0.706680298,0.084182739
-3.750808716,-23.59085083,-7.486602783,0.459350586,0.670181274,0.55821228
-1.240737915,-5.678192139,3.841018677,1.112976074,1.151535034,-0.515670776
0.503631592,-8.961135864,2.517791748,2.432449341,1.525390625,-0.128387451
4.427856445,-12.83511353,1.249603271,2.513076782,1.45085144,-0.156478882
-1.271850586,-9.250671387,0.06993103,1.772705078,0.947494507,0.090286255
-2.300765991,-7.463226318,1.098846436,1.948654175,1.552261353,0.250320435
0.879302979,-9.463638306,0.97203064,1.72996521,1.671981812,0.450683594
2.551879883,-9.652664185,0.479110718,1.287689209,1.072128296,0.509338379
-0.822006226,-8.989852905,0.263748169,1.233932495,1.081893921,0.500778198
1.8125,-9.174102783,0.172821045,1.458740234,0.084976196,0.874633789
2.190567017,-10.38247681,-0.61680603,1.401306152,0.77281189,0.759796143
3.023269653,-11.73202515,-0.454101563,0.791671753,0.554107666,0.603408813
2.25038147,-12.50730896,-0.478027344,0.375061035,0.376953125,0.288208008
-0.24772644,-14.31149292,-1.741439819,-0.063522339,0.01411438,-0.067306519
4.54750061,-16.52485657,-4.330459595,-2.94190979,1.383666992,0.002334595
-1.953811646,-11.95695496,3.364852905,-3.000549316,-2.197189331,-0.41305542
-2.810440063,-15.59403992,4.113800049,-2.908935547,-0.880172729,-0.983596802
-2.233764648,-16.59423828,-2.248718262,-2.153884888,0.120407104,-0.987258911
3.1668396,-13.38067627,4.042022705,-2.244308472,-0.588180542,-2.067260742
-1.214416504,-6.070602417,3.206924438,-2.588821411,-1.835571289,-1.015365601
-1.520706177,-3.460037231,1.469741821,-2.273620605,-2.342575073,-0.640289307
-1.637954712,-1.62953186,1.163452148,-1.253479004,-2.171539307,-0.351959229
-2.800857544,-1.873596191,1.759262085,-0.11239624,-1.492263794,-0.224899292
-2.760192871,-3.967315674,-0.202850342,0.856414795,-0.301071167,-0.070968628
-0.833969116,-11.76553345,-9.489395142,1.635864258,0.160705566,-0.152816772
3.85118103,-23.17689514,-15.75140381,-0.487457275,-0.779983521,-0.018417358
-0.376937866,-3.579681396,-3.007232666,-0.869857788,0.354980469,-0.391052246
-3.760391235,-8.236114502,0.187179565,0.48500061,-0.437896729,0.091506958
0.305023193,-19.38427734,-3.272842407,-0.543670654,-0.099487305,0.996810913
-3.150222778,-3.034118652,1.304626465,1.549133301,1.417877197,-0.595077515
3.140518188,-12.81118774,2.991577148,2.575378418,1.6353302,-0.03553772
3.456375122,-12.13401794,1.285491943,2.168548584,1.059906006,-0.046539307
-2.96836853,-7.616378784,-0.025772095,1.753173828,0.80456543,0.073181152
-2.621398926,-7.563735962,1.42427063,1.975509644,1.504623413,0.032867432
0.640014648,-10.14079285,1.618087769,1.619995117,2.179016113,0.307754517
3.757858276,-10.14558411,0.570037842,1.203399658,1.456970215,0.524002075
0.501235962,-9.188461304,0.263748169,1.064102173,1.161300659,0.426269531
0.814697266,-8.267227173,0.462356567,1.341445923,0.247451782,0.7109375
1.305221558,-10.62893677,-1.085800171,1.470947266,0.80090332,0.768356323
3.468338013,-12.1890564,0.134536743,0.836868286,0.728820801,0.77444458
3.114196777,-12.19384766,-0.394271851,0.282196045,0.642074585,0.354171753
-0.630569458,-13.47399902,-1.217407227,-0.249237061,0.601760864,0.08052063
3.286483765,-15.92185974,-0.291381836,-1.323120117,-0.125152588,0.109832764
-1.767166138,-11.5836792,1.077316284,-2.85760498,-1.839233398,-0.287200928
-3.690994263,-14.70869446,5.559066772,-3.364639282,-1.306549072,-0.575531006
-4.31312561,-16.26643372,-1.571548462,-2.751312256,0.828994751,-0.637832642
2.063751221,-13.83053589,3.965454102,-1.446517944,-0.728683472,-1.609115601
2.429840088,-8.662033081,2.970031738,-2.767196655,-1.263809204,-1.172958374
-2.004058838,-4.295135498,1.972229004,-2.340820313,-1.762252808,-0.661056519
-1.468063354,-2.428726196,0.794952393,-1.632217407,-2.206954956,-0.536437988
-2.264877319,-1.541000366,1.141921997,-0.355514526,-1.676742554,-0.405715942
-3.006652832,-3.089157104,0.706420898,0.675598145,-0.782440186,-0.333633423
-1.429779053,-9.667022705,-5.024383545,1.619995117,0.160705566,-0.134490967
1.601928711,-20.9467926,-20.21641541,-0.653610229,0.308547974,-0.315307617
1.1353302,-9.231521606,-7.374130249,-0.707382202,-1.087875366,-0.172363281
-2.997070313,-5.749969482,1.077316284,0.278549194,-0.279098511,-0.205337524
-4.131271362,-20.73143005,-7.161178589,-0.291992188,0.350082397,0.597305298
-2.418014526,-3.393035889,2.79296875,0.726928711,0.849777222,-0.461914063
1.082687378,-13.01219177,4.063552856,2.517959595,1.985977173,-0.111282349
4.205322266,-12.36851501,1.192169189,2.166107178,0.914520264,-0.127166748
-2.331863403,-7.984863281,0.177612305,1.799591064,0.918197632,0.059753418
-2.183517456,-7.910690308,1.194564819,1.990188599,1.426437378,0.150161743
0.776412964,-9.619171143,1.527160645,1.797149658,2.054382324,0.296768188
2.638015747,-9.573699951,0.701644897,1.314559937,1.325012207,0.492248535
0.613693237,-8.949172974,0.103439331,1.171630859,1.249282837,0.53742981
1.324356079,-8.099716187,0.570037842,1.414733887,0.137496948,0.837982178
0.857757568,-10.89453125,-0.913513184,1.576019287,0.81678772,0.756118774
3.458755493,-12.14120483,0.366638184,0.924819946,0.747146606,0.765899658
3.351089478,-11.14100647,-0.250701904,0.403152466,0.631088257,0.334625244
-0.597076416,-14.27798462,-0.221984863,0.210128784,0.243804932,-0.014770508
3.346298218,-16.56791687,-0.884796143,-1.032348633,0.165588379,0.106170654
-1.188095093,-12.63890076,-1.028366089,-2.569290161,-1.224716187,-0.361724854
-2.597473145,-13.60321045,5.690673828,-3.765350342,-1.844116211,-0.296981812
-5.153015137,-17.03213501,-0.578521729,-2.928466797,0.662857056,-0.48147583
0.601730347,-14.55555725,3.412704468,-1.728744507,-0.67980957,-1.124099731
-0.137649536,-9.102310181,2.596755981,-2.781860352,-1.063430786,-1.127746582
-1.434555054,-5.111083984,2.192367554,-2.399459839,-1.089096069,-0.439910889
-1.733657837,-2.237304688,1.000747681,-1.859451294,-1.704833984,-0.376403809
-1.657089233,-0.985855103,0.668136597,-0.626739502,-1.574111938,-0.243225098
-2.075836182,-3.287750244,-0.15020752,0.477676392,-0.684707642,-0.108840942
-0.319503784,-9.226745605,-4.782714844,1.386642456,-0.269302368,-0.189483643
0.297836304,-18.22135925,-17.45748901,-0.26512146,0.587097168,-0.187011719
0.041809082,-11.6985321,-5.081817627,-0.660934448,-1.146499634,-0.028213501
-4.444732666,-2.51008606,-3.11491394,-0.199142456,-0.561294556,-0.439910889
-5.322906494,-14.37849426,-0.963760376,0.784347534,-0.287628174,0.407943726
3.365432739,-11.6267395,4.271728516,-0.388504028,-0.068939209,0.759796143
-1.238357544,-5.331222534,2.55128479,2.124572754,1.544937134,-0.767349243
4.703033447,-13.8568573,1.347702026,2.674346924,1.267608643,-0.240783691
1.568435669,-10.24369812,1.362060547,1.948654175,0.499145508,0.008422852
-2.195480347,-7.702514648,0.189575195,1.738494873,0.515014648,0.114715576
-1.530273438,-8.614181519,1.335739136,2.063476563,1.152770996,0.170928955
1.1353302,-9.875198364,0.687286377,1.59312439,0.984161377,0.278442383
0.931945801,-9.083175659,0.163253784,1.31211853,1.36289978,0.272323608
-1.015823364,-8.446685791,0.323577881,1.309677124,0.655502319,0.580200195
2.097244263,-9.968521118,0.247009277,1.55279541,0.253570557,0.676727295
1.283691406,-11.37550354,-0.190887451,1.246139526,0.720275879,0.649841309
4.322570801,-11.83970642,-0.257888794,0.653610229,0.686065674,0.488571167
0.910400391,-13.47879028,-1.332260132,0.320083618,0.353744507,0.159927368
2.24798584,-16.40281677,0.141723633,-0.74647522,0.214477539,0.133041382
0.764434814,-14.09135437,-1.109725952,-2.780639648,-0.243652344,-0.096618652
-3.686203003,-11.66981506,4.81729126,-3.230239868,-2.186187744,-0.257888794
-4.684020996,-16.32624817,1.414703369,-2.916259766,0.18270874,-0.860198975
0.068130493,-14.6153717,-0.690979004,-2.171005249,1.118560791,-0.829650879
1.537322998,-12.32783508,2.230651855,-2.214981079,-1.142852783,-1.902328491
-1.039749146,-6.096923828,2.536941528,-2.288284302,-1.724395752,-0.909057617
-1.695373535,-3.649078369,1.101242065,-2.010955811,-2.384109497,-0.690368652
-1.898773193,-1.514678955,0.955276489,-0.874740601,-2.195983887,-0.502243042
-2.094985962,-2.782867432,1.18737793,0.069625854,-1.436050415,-0.378845215
-2.827178955,-6.329040527,-1.588287354,0.963943481,-0.693237305,-0.265228271
-1.491989136,-13.75874329,-11.04951477,0.872299194,0.515014648,-0.271316528
2.623672485,-15.81178284,-13.72229004,-0.828323364,0.312210083,-0.096618652
-3.40145874,-5.560943604,-3.265655518,0.266311646,-0.904602051,-0.369064331
-3.370361328,-18.06343079,-0.15977478,0.086730957,-0.004211426,0.444595337
1.494247437,-3.531829834,8.731948853,-0.638961792,-0.106826782,0.277206421
0.127944946,-9.281784058,4.764648438,2.342025757,1.779495239,-0.510772705
4.822662354,-16.22335815,0.093856812,2.515518188,1.283477783,-0.130828857
-0.707138062,-8.015975952,1.374023438,1.820358276,0.84854126,-0.015975952
-2.760192871,-7.781478882,1.024673462,2.004837036,1.263931274,0.134277344
-0.187896729,-9.09513855,1.799942017,2.025604248,1.899230957,0.272323608
2.865341187,-9.848876953,0.634643555,1.409851074,1.106323242,0.513015747
0.836227417,-8.616577148,-0.37991333,1.24369812,1.377548218,0.410385132
1.144897461,-8.705108643,0.134536743,1.310897827,0.307327271,0.718261719
1.202331543,-10.27001953,-0.190887451,1.334106445,0.657943726,0.660842896
2.769622803,-10.81796265,-0.14541626,0.871078491,0.709274292,0.801330566
4.502029419,-12.31347656,-0.463668823,0.510681152,0.737365723,0.456802368
-0.041946411,-14.24209595,-2.404251099,0.054977417,0.339096069,0.202697754
2.932342529,-15.77111816,-0.221984863,-0.609634399,-0.539321899,0.135482788
-1.173736572,-12.74180603,1.768844604,-2.525299072,-1.14894104,-0.129608154
-3.647918701,-12.53601074,4.781402588,-3.459915161,-1.223480225,-0.366622925
-4.131271362,-15.23033142,0.684890747,-2.776977539,0.554107666,-0.895614624
-0.094573975,-15.58207703,-0.430160522,-2.020736694,0.080078125,-1.076446533
3.367828369,-9.688552856,4.953689575,-2.20765686,-0.947372437,-1.617660522
-1.336456299,-5.548965454,1.866943359,-2.544845581,-1.315109253,-0.496124268
-1.891586304,-3.230331421,1.486480713,-2.184448242,-2.230194092,-0.333633423
-1.389099121,-1.694137573,0.782989502,-1.006698608,-2.195983887,-0.306762695
-2.458694458,-2.30909729,0.486282349,0.18447876,-1.381072998,-0.311645508
-2.027984619,-6.664031982,-2.921096802,1.359771729,-0.121490479,-0.279876709
-1.180923462,-16.92684937,-16.05290222,0.968826294,0.031204224,-0.386169434
1.326751709,-14.95515442,-1.820388794,-2.034164429,-1.254013062,0.20022583
-5.076431274,-2.907302856,-3.564758301,0.459350586,-0.345062256,-0.259109497
-6.459487915,-19.22155762,-3.375732422,0.009780884,0.362304688,0.516662598
0.642410278,-3.792648315,5.98260498,0.040298462,0.384292603,0.045074463
-1.109130859,-11.31089783,3.606521606,2.164871216,2.210784912,-0.416702271
4.51399231,-13.58885193,1.42906189,2.426330566,1.018371582,-0.097839355
0.171020508,-8.977890015,0.859558105,1.97795105,0.822891235,-0.041641235
-2.506546021,-7.917861938,0.105819702,2.134338379,1.072128296,0.032867432
-1.288604736,-8.733825684,1.481704712,2.166107178,2.324401855,0.183135986
2.934738159,-10.0307312,0.708816528,1.41229248,1.083114624,0.563095093
1.975204468,-8.736206055,-0.233947754,1.314559937,1.3543396,0.34928894
-0.604248047,-8.324645996,0.014892578,1.474624634,0.601760864,0.571640015
1.845993042,-10.25326538,-0.951797485,1.538131714,0.516235352,0.818435669
2.080490112,-11.55256653,0.29246521,1.079986572,0.77281189,0.723144531
3.236221313,-11.21517944,-0.38230896,0.511886597,0.720275879,0.427474976
0.936721802,-14.11528015,-1.404037476,0.310302734,0.381835938,0.018218994
2.973022461,-17.09434509,-0.6144104,-0.763565063,-0.079940796,0.05241394
0.156661987,-12.8662262,0.488677979,-2.839279175,-0.629730225,-0.171142578
-2.633361816,-12.75376892,3.869735718,-3.396377563,-1.877105713,-0.31652832
-3.8465271,-16.26881409,0.412109375,-2.96635437,1.123443604,-0.841873169
1.408111572,-14.43351746,3.139923096,-1.980407715,-0.263214111,-1.061782837
-0.475036621,-12.71786499,2.11579895,-2.453231812,-1.528915405,-1.633544922
0.20690918,-6.549179077,1.572631836,-2.017059326,-1.664520264,-0.955505371
-1.475234985,-2.373703003,1.175415039,-1.944992065,-2.376785278,-0.509567261
-2.094985962,-1.289749146,1.498443604,-0.630401611,-2.136108398,-0.262786865
-3.18850708,-2.538803101,1.129959106,0.394607544,-1.372528076,-0.245666504
-2.217010498,-8.827133179,-2.873245239,1.323120117,-0.299865723,-0.151596069
-1.503952026,-18.17590332,-16.11750793,0.664596558,0.486907959,-0.321411133
1.783782959,-12.28237915,-7.503356934,-1.053115845,-1.063430786,-0.092956543
-3.700561523,-0.684371948,-1.853897095,-0.40927124,-0.358505249,-0.376403809
-1.317306519,-17.84568787,-1.774932861,0.769668579,0.164382935,0.140365601
-0.276428223,-5.661437988,4.123382568,-0.95539856,0.286560059,0.36151123
-1.319702148,-6.204605103,3.821884155,2.098907471,1.105117798,-0.381286621
6.009506226,-16.30709839,0.835632324,2.587600708,1.557144165,-0.089294434
0.955871582,-10.04269409,1.058166504,1.731170654,0.567550659,-0.005004883
-3.40145874,-7.228729248,0.239822388,1.852127075,0.954849243,-0.013534546
-1.58531189,-8.851074219,2.041625977,2.300491333,1.894348145,0.170928955
2.463348389,-9.815368652,1.271133423,1.540588379,1.389785767,0.417709351
1.59475708,-8.736206055,0.675323486,1.331665039,1.488739014,0.401824951
-0.137649536,-8.772109985,-0.418197632,1.558914185,0.728820801,0.721908569
1.630645752,-9.879989624,-0.482803345,1.538131714,0.557769775,0.818435669
3.130950928,-11.4233551,-0.011428833,1.064102173,0.809448242,0.769561768
2.994552612,-11.06204224,-0.547409058,0.515563965,0.81678772,0.431152344
1.776611328,-13.91667175,-0.418197632,0.151473999,0.341537476,0.117156982
2.365234375,-17.73562622,-3.421188354,-1.181411743,0.791122437,-0.029418945
1.494247437,-13.20840454,-0.530670166,-1.986526489,-1.508148193,-0.055084229
-2.29119873,-12.60061646,4.948898315,-3.549102783,-1.659622192,-0.210250854
-4.411239624,-17.10630798,1.508026123,-3.065292358,0.324432373,-0.742904663
0.104019165,-15.61558533,-0.741226196,-2.074493408,0.339096069,-0.949386597
3.1668396,-9.298522949,5.841415405,-2.572937012,-1.462936401,-1.893768311
-1.36277771,-5.718856812,1.225662231,-2.420227051,-1.530136108,-0.920059204
-0.984710693,-3.65625,1.237625122,-1.747070313,-2.323028564,-0.736816406
-1.994476318,-1.603210449,1.254379272,-0.911392212,-2.21307373,-0.465591431
-2.934860229,-2.684768677,1.196960449,0.174682617,-1.329772949,-0.336074829
-2.72428894,-6.089752197,-1.399261475,0.973709106,-0.403701782,-0.161361694
-1.259887695,-13.97171021,-10.63795471,0.90284729,0.188827515,-0.278656006
3.901428223,-16.99145508,-14.7559967,-0.98348999,-0.859405518,-0.070968628
-1.427383423,-5.45803833,-5.120101929,0.235778809,-0.321838379,-0.387390137
-4.564376831,-13.49075317,1.857376099,0.155151367,-0.095825195,0.285766602
0.943908691,-6.518066406,2.520187378,-0.689056396,-0.489227295,0.946716309
0.235626221,-7.946578979,3.635238647,2.140457153,1.814926147,-0.516891479
3.41569519,-14.6153717,0.845214844,2.740325928,1.505828857,-0.201690674
1.314788818,-9.171707153,1.586990356,1.9425354,0.85710144,0.135482788
-3.176544189,-7.121063232,-0.14302063,1.965744019,0.743484497,0.146484375
-1.769561768,-8.863037109,1.843017578,2.284622192,1.95300293,0.013305664
1.625854492,-10.28198242,1.527160645,1.607772827,2.092269897,0.370056152
2.681091309,-9.025741577,-0.370346069,1.186279297,1.273712158,0.459243774
-0.269256592,-8.571105957,0.321182251,1.165512085,0.513793945,0.43359375
1.087478638,-9.853668213,-1.011627197,1.251022339,0.783798218,0.564315796
1.046798706,-10.17909241,-0.497161865,1.253479004,1.0574646,0.697494507
4.856170654,-12.00241089,-0.044921875,0.82220459,0.71295166,0.741470337
1.79335022,-12.96432495,-0.990081787,0.329849243,0.505233765,0.186813354
0.996551514,-15.51507568,-4.277832031,-0.944396973,0.651855469,0.045074463
3.030441284,-13.50750732,0.318786621,-2.312713623,-0.975463867,-0.101501465
-3.054504395,-12.71308899,4.501434326,-3.209457397,-1.927200317,-0.347076416
-4.035552979,-17.20202637,2.151687622,-2.860046387,-0.032287598,-0.779556274
-1.030181885,-15.04130554,-1.243728638,-2.245529175,0.453933716,-0.83821106
2.889266968,-10.86103821,5.573425293,-1.646881104,-1.21736145,-2.001281738
-1.393890381,-6.687957764,2.003341675,-2.470321655,-1.526473999,-0.792999268
-1.293380737,-3.486358643,2.199539185,-2.078140259,-2.259506226,-0.570648193
-2.099761963,-1.150970459,1.125167847,-1.051895142,-2.371902466,-0.398376465
-2.855895996,-2.136810303,1.508026123,0.057418823,-1.598556519,-0.28843689
-2.800857544,-5.350372314,-0.559371948,0.963943481,-0.506317139,-0.128387451
-1.688201904,-15.49354553,-12.11911011,1.221725464,0.12651062,-0.134490967
1.893859863,-19.69534302,-15.7250824,-2.010955811,1.917556763,0.045074463
-1.36756897,-1.318466187,-7.029571533,-0.334747314,-1.569229126,-0.386169434
-3.42300415,-10.01158142,4.869934082,1.152069092,-0.496551514,0.214904785
0.613693237,-17.57769775,-6.565368652,-0.849090576,-0.11781311,0.938156128
-2.674041748,-3.608398438,2.31678772,1.734848022,1.444763184,-0.725814819
3.200332642,-13.77789307,2.455581665,2.624252319,1.739196777,-0.124710083
2.413101196,-11.50709534,1.266342163,2.135574341,0.992706299,0.013305664
-3.119110107,-7.345977783,-0.190887451,1.83380127,0.85710144,0.043869019
-2.150009155,-7.872406006,1.701843262,2.087921143,1.521713257,0.113494873
1.798141479,-10.38008118,1.299850464,1.587005615,1.640213013,0.455596924
2.286270142,-9.181274414,0.132141113,1.189956665,1.215072632,0.511779785
-0.46307373,-9.437316895,-0.205245972,1.241256714,1.001266479,0.491012573
1.654571533,-8.697921753,0.53175354,1.530807495,0.136291504,0.761016846
0.788375854,-10.37768555,-0.901550293,1.486831665,0.55166626,0.813552856
3.674118042,-12.16273499,0.572433472,0.890625,0.797241211,0.704818726
2.645202637,-12.87339783,-1.05947876,0.105056763,0.876647949,0.318740845
0.886474609,-15.15615845,-1.095367432,-0.010986328,-0.253417969,0.152603149
2.370025635,-14.00759888,1.505630493,-2.024398804,-0.528320313,-0.045303345
-4.329879761,-12.20581055,3.163848877,-3.232681274,-1.817230225,-0.340957642
-3.528274536,-15.73283386,2.855178833,-3.10194397,-0.143478394,-0.818664551
-2.245727539,-14.67997742,-1.181518555,-2.547286987,0.979263306,-0.827209473
2.872512817,-10.69354248,4.482299805,-1.67741394,-1.081756592,-2.158905029
-0.192687988,-7.214370728,2.063156128,-2.581497192,-1.577774048,-0.940826416
-1.34362793,-4.319061279,1.790374756,-2.239425659,-2.348693848,-0.636627197
-1.300567627,-2.581878662,0.960067749,-1.354888916,-2.514846802,-0.488800049
-2.985107422,-2.263626099,1.534347534,-0.131942749,-1.789138794,-0.443588257
-3.083221436,-4.244888306,-0.210021973,0.904052734,-0.444015503,-0.325088501
-1.022994995,-13.39503479,-5.58190918,1.789810181,0.440490723,-0.138153076
2.575805664,-19.57569885,-18.24473572,-1.076339722,0.94140625,-0.354400635
1.345901489,-6.83152771,-5.845123291,0.108718872,-1.245483398,-0.409378052
-3.056900024,-13.83293152,2.661361694,0.207687378,-0.149581909,0.217346191
0.922363281,-8.63331604,-0.942230225,-0.684173584,-0.163024902,0.448242188
-2.556793213,-6.295532227,3.596954346,1.835021973,0.935287476,-0.494903564
3.85597229,-14.57470703,1.565444946,2.516738892,2.070266724,0.174575806
2.204925537,-9.384674072,2.312011719,1.841125488,0.965835571,0.096389771
-2.408447266,-8.274398804,0.127365112,1.886322021,0.797241211,0.084182739
-1.259887695,-8.149978638,1.900436401,2.097686768,1.873580933,0.11227417
2.166641235,-10.23651123,0.582000732,1.469711304,1.389785767,0.583862305
2.202529907,-9.011383057,0.558074951,1.235153198,1.022033691,0.548431396
-0.762176514,-8.769714355,-0.219604492,1.339004517,0.728820801,0.574081421
0.970230103,-9.477981567,-0.255493164,1.539367676,0.550445557,0.841644287
2.843811035,-10.7964325,0.203933716,1.143508911,0.809448242,0.918624878
3.547302246,-11.11468506,-0.099960327,0.590072632,0.807006836,0.470245361
0.455764771,-13.64868164,-1.100158691,0.23210144,0.449050903,0.073181152
1.8125,-14.27081299,-2.143432617,-0.835647583,0.52355957,0.235671997
3.482681274,-13.91189575,1.096450806,-2.345718384,-1.023117065,0.095169067
-4.509338379,-12.12205505,4.953689575,-3.210693359,-1.967498779,-0.318969727
-4.246124268,-16.00082397,1.596557617,-2.764755249,0.047088623,-0.772232056
-2.322296143,-14.31866455,-0.533050537,-2.48008728,0.714157104,-0.792999268
4.490066528,-10.12405396,6.073532104,-1.475845337,-0.197235107,-1.940216064
-0.510925293,-6.448669434,2.144515991,-2.21131897,-1.695068359,-1.160751343
-1.154602051,-4.393234253,1.519989014,-2.012176514,-1.982177734,-0.777114868
-2.123687744,-1.751556396,1.117996216,-1.119094849,-2.221633911,-0.542541504
-2.468261719,-2.232513428,0.615493774,-0.102615356,-1.462936401,-0.333633423
-1.1378479,-6.381668091,-0.655090332,0.825881958,-0.451339722,-0.084396362
-1.628387451,-11.82295227,-9.714324951,1.185073853,0.099624634,-0.283554077
3.540115356,-18.72624207,-12.99726868,-0.415390015,-0.1459198,-0.245666504
-1.195281982,-5.446075439,-5.299560547,-0.638961792,-0.595504761,-0.369064331
-2.784118652,-10.76293945,1.333343506,0.37260437,-0.45501709,0.042633057
0.455764771,-16.35496521,-3.155593872,-0.434921265,0.017776489,0.476364136
-4.018814087,-3.230331421,2.321578979,1.439178467,1.118560791,-0.424026489
3.765045166,-13.66542053,3.525177002,2.408004761,1.797836304,0.097610474
3.425262451,-11.67221069,0.684890747,1.838684082,1.12588501,-0.074630737
-2.523300171,-7.456054688,-0.205245972,1.745834351,0.964614868,-0.107620239
-1.927490234,-7.95614624,1.464950562,2.083023071,2.073944092,-0.073410034
1.384185791,-9.808197021,1.474517822,1.639541626,2.108154297,0.343185425
2.736129761,-9.638305664,0.409713745,1.277908325,1.267608643,0.564315796
0.66633606,-8.475402832,0.96484375,1.285232544,0.808227539,0.619293213
0.419876099,-8.956359863,-0.092773438,1.457504272,0.384292603,0.815994263
0.453369141,-11.0716095,-1.040328979,1.466064453,0.89743042,0.888061523
4.892059326,-11.77030945,0.711212158,0.759902954,1.092895508,0.795227051
2.748092651,-11.51667786,-0.755584717,0.339630127,0.612762451,0.28453064
-1.324493408,-15.01737976,-1.265258789,-0.105056763,0.370849609,-0.06362915
5.250991821,-15.60122681,-0.911117554,-1.957199097,0.555328369,0.207580566
