-0.424789429,-9.257843018,0.0675354,0.113616943,0.105743408,0.20085144
-0.350616455,-9.169311523,0.328353882,0.177764893,0.100250244,0.098236084
-0.515716553,-9.647872925,0.605926514,0.177749634,0.068481445,0.024932861
-1.37713623,-9.925445557,0.909820557,0.048248291,0.073364258,0.078689575
-2.185913086,-9.293746948,1.603729248,0.002441406,0.184555054,0.169692993
-2.305541992,-9.432525635,1.778411865,0.316421509,0.380020142,0.159317017
-1.913131714,-9.463638306,1.354873657,0.316421509,0.380020142,0.159317017
-1.393890381,-9.198028564,0.995956421,0.461807251,0.482025146,0.05607605
-0.025192261,-10.69114685,0.940917969,0.131332397,0.565719604,-0.203521729
2.401138306,-14.62016296,0.122573853,-0.249847412,0.412399292,-0.369064331
2.93711853,-11.8253479,-0.60244751,-0.249847412,0.412399292,-0.369064331
1.467926025,-10.97349548,-0.221984863,-0.275497437,0.331756592,-0.659835815
2.259963989,-8.664428711,0.869140625,-0.492355347,0.14666748,-0.600585938
2.178604126,-8.078186035,0.323577881,-0.244949341,0.408737183,-0.431381226
2.381988525,-10.23173523,0.759063721,-0.255950928,0.543121338,-0.387390137
2.221664429,-11.12902832,1.048599243,-0.14414978,0.263961792,-0.466796875
0.891265869,-9.891952515,0.823669434,-0.322540283,0.256011963,-0.526062012
0.790756226,-8.958740234,0.637039185,-0.322540283,0.256011963,-0.526062012
1.460754395,-8.791244507,0.828460693,-0.404998779,0.276779175,-0.292098999
2.26713562,-8.544784546,1.134735107,-0.39704895,0.197372437,-0.155258179
2.224060059,-8.365325928,1.22088623,-0.380569458,-0.241210938,-0.235305786
1.58996582,-8.987457275,0.670532227,-0.380569458,-0.241210938,-0.235305786
1.513397217,-9.695739746,0.656173706,-0.531448364,-0.553970337,-0.110061646
1.039611816,-9.420562744,1.237625122,-0.563827515,-0.743347168,0.184356689
2.075714111,-9.487564087,0.907424927,-0.563827515,-0.743347168,0.184356689
4.502029419,-11.08117676,1.409912109,-0.386688232,-0.879562378,0.247894287
2.846191406,-12.60061646,1.378814697,-0.386688232,-0.879562378,0.247894287
0.570617676,-11.83970642,-2.552597046,0.379333496,-0.728683472,0.075012207
2.460952759,-10.72943115,-3.576721191,0.687210083,-0.497161865,-0.000106812
2.161849976,-11.02853394,-3.08380127,0.764785767,-0.273605347,0.087844849
-0.01083374,-11.05245972,-2.715316772,0.773956299,0.020843506,0.15687561
-1.848526001,-9.341598511,-1.51651001,0.773956299,0.020843506,0.15687561
-1.173736572,-7.247879028,0.455184937,0.345123291,0.223648071,0.305923462
0.106414795,-7.917861938,-0.131057739,0.345123291,0.223648071,0.305923462
0.857757568,-9.016174316,-1.159973145,0.179580688,0.204086304,0.376174927
0.886474609,-10.40161133,-2.018997192,0.182647705,0.349487305,0.187423706
1.044403076,-9.808197021,-1.136047363,0.150878906,0.522964478,-0.016601563
0.723770142,-9.489959717,-0.097564697,0.150878906,0.522964478,-0.016601563
0.403121948,-10.07618713,0.105819702,0.488677979,0.456375122,0.106781006
-0.46546936,-10.16233826,0.010116577,0.598022461,0.216308594,0.272338867
-0.819610596,-9.76512146,0.285293579,0.381164551,0.217544556,0.37739563
-0.515716553,-9.777084351,0.833251953,0.271209717,0.217544556,0.359069824
-0.750213623,-9.978088379,1.019882202,0.271820068,0.317108154,0.17276001
-1.106750488,-9.930236816,1.761657715,0.239440918,0.424606323,-0.008666992
-1.721694946,-9.695739746,2.10144043,0.146591187,0.468597412,-0.03187561
-2.248123169,-10.14558411,2.694854736,0.146591187,0.468597412,-0.03187561
-1.965774536,-9.588058472,3.089675903,0.155761719,0.582214355,0.06463623
-1.554199219,-8.721862793,3.180603027,0.2290802,0.686691284,-0.104568481
-0.034759521,-13.64149475,0.771026611,-0.161270142,0.676895142,-0.383117676
3.209899902,-15.82136536,-0.880020142,-0.161270142,0.676895142,-0.383117676
4.135925293,-11.13142395,-2.368347168,-0.638961792,0.342147827,-0.068527222
2.671524048,-8.221755981,-0.248306274,-1.195465088,0.729431152,-0.210861206
2.350891113,-7.74079895,0.955276489,-0.57359314,0.590148926,-0.16015625
2.47052002,-10.432724,0.208724976,0.092849731,0.034896851,-0.155883789
2.147491455,-10.71507263,0.175216675,0.092849731,0.034896851,-0.155883789
1.764648438,-10.13362122,0.838027954,-0.183868408,0.04649353,-0.246887207
2.157058716,-9.131027222,0.388183594,-0.205871582,0.055648804,-0.247512817
2.48727417,-9.142990112,0.05557251,-0.270614624,-0.112319946,-0.257888794
1.991958618,-9.343994141,0.136932373,-0.333526611,-0.211898804,-0.351364136
1.393753052,-8.592636108,0.498245239,-0.338424683,-0.402481079,-0.413665771
1.065933228,-8.291152954,0.491073608,-0.338424683,-0.402481079,-0.413665771
0.604125977,-8.764923096,0.716003418,-0.402557373,-0.535049438,-0.463150024
0.072921753,-9.300918579,1.086883545,-0.3775177,-0.614456177,-0.360519409
-0.367355347,-9.53302002,1.029449463,-0.28894043,-0.715240479,0.011489868
1.616287231,-10.58346558,0.168045044,-0.406219482,-1.046951294,0.283309937
4.09286499,-12.27041626,1.828659058,-0.229690552,-1.032897949,0.183746338
2.393951416,-12.4690094,1.933944702,-0.229690552,-1.032897949,0.183746338
1.168823242,-11.87080383,-1.033157349,0.530212402,-0.858795166,0.065246582
2.207321167,-9.827346802,-2.86126709,1.13130188,-0.479446411,-0.214523315
0.68069458,-9.738800049,-2.296569824,1.360992432,-0.256500244,-0.124099731
-2.073440552,-12.24169922,-1.760574341,1.350616455,-0.504501343,0.246673584
-2.346221924,-10.42076111,-1.715118408,0.594360352,-0.170959473,0.368850708
-0.975143433,-8.628540039,-0.523483276,0.145370483,0.266403198,0.403045654
0.888870239,-8.898925781,0.481506348,0.145370483,0.266403198,0.403045654
1.633041382,-8.999420166,0.555679321,0.21257019,0.160720825,0.329742432
0.412704468,-9.31288147,0.29006958,0.279159546,0.203475952,0.16847229
-1.185714722,-9.801025391,0.835632324,0.240066528,0.130172729,0.195343018
-0.934463501,-9.525848389,1.261566162,0.227233887,0.131393433,0.343185425
-0.965576172,-9.444488525,1.330947876,0.148422241,0.091079712,0.237518311
-1.831771851,-9.370315552,1.859771729,0.003051758,0.281066895,0.108612061
-2.817611694,-8.937210083,2.345504761,0.003051758,0.281066895,0.108612061
-3.090393066,-8.549575806,2.651794434,-0.052536011,0.52784729,0.093948364
-2.248123169,-8.846282959,2.56803894,0.266326904,0.675674438,0.041427612
-0.984710693,-10.02833557,2.091873169,0.530838013,0.653686523,-0.148544312
0.522766113,-15.84768677,0.861953735,0.328018188,0.690948486,-0.454574585
2.200134277,-15.46722412,-0.458877563,-0.57421875,0.820449829,-0.328140259
3.585586548,-11.10032654,-0.411026001,-0.897964478,0.630477905,-0.278060913
2.977798462,-8.087753296,0.383392334,-0.76234436,0.595657349,-0.306152344
2.192962646,-6.719070435,0.625076294,-0.29258728,0.505249023,-0.285995483
2.334136963,-9.119064331,1.079711914,-0.29258728,0.505249023,-0.285995483
2.279098511,-10.67201233,0.931350708,-0.102020264,0.310379028,-0.364181519
1.673721313,-10.07380676,1.263946533,-0.459365845,0.361068726,-0.376403809
1.987167358,-8.999420166,0.51739502,-0.346359253,0.360473633,-0.35256958
2.188171387,-8.750564575,0.304428101,-0.448364258,0.301223755,-0.374557495
1.991958618,-8.973098755,0.620285034,-0.421478271,0.0025177,-0.388000488
1.877105713,-8.750564575,0.572433472,-0.421478271,0.0025177,-0.388000488
1.697647095,-8.786468506,0.52456665,-0.438598633,-0.205184937,-0.404495239
1.075515747,-9.008987427,0.811706543,-0.488677979,-0.332229614,-0.398391724
0.027450562,-9.166915894,1.22328186,-0.456314087,-0.479446411,-0.197418213
-0.089797974,-9.166915894,1.048599243,-0.456314087,-0.479446411,-0.197418213
0.620880127,-10.19343567,0.921783447,-0.46546936,-0.461135864,0.326080322
2.472915649,-11.77749634,1.333343506,-0.378112793,-0.415298462,0.363952637
2.192962646,-11.69134521,1.318984985,0.113006592,-0.536270142,0.014556885
1.774215698,-10.53561401,0.235046387,0.296264648,-0.554595947,0.093963623
2.513595581,-10.96871948,-1.370544434,0.824661255,-0.497177124,0.177032471
3.001724243,-9.303314209,-2.583709717,0.824661255,-0.497177124,0.177032471
0.893661499,-9.851272583,-2.164962769,1.281585693,-0.415924072,0.323028564
-1.980133057,-10.95196533,-1.420791626,1.009750366,-0.48677063,0.544158936
-2.288803101,-10.04986572,-0.932662964,0.583358765,-0.406143188,0.621139526
-0.513320923,-9.827346802,0.081893921,0.256546021,-0.312683105,0.642501831
0.867340088,-9.846481323,0.378601074,0.257156372,0.001907349,0.456207275
0.766830444,-9.485168457,-0.487594604,0.257156372,0.001907349,0.456207275
-0.085006714,-9.473205566,-0.547409058,0.078186035,0.331756592,0.161148071
-0.441543579,-9.743591309,0.395355225,-0.098953247,0.116744995,0.084793091
-0.23576355,-9.494735718,0.519790649,-0.105682373,0.043441772,0.030426025
-0.881820679,-9.10710144,0.675323486,-0.105682373,0.043441772,0.030426025
-1.949020386,-9.334411621,1.012710571,-0.284667969,0.260299683,-0.27255249
-3.018615723,-9.382278442,1.761657715,-0.284667969,0.260299683,-0.27255249
-3.157394409,-9.049667358,2.364654541,-0.054977417,0.468582153,-0.110671997
-2.437149048,-9.056854248,2.314407349,0.291381836,0.576721191,-0.069747925
-1.025390625,-9.537811279,2.063156128,0.291381836,0.576721191,-0.069747925
1.240615845,-13.54100037,0.151290894,0.193634033,0.54006958,-0.297592163
2.819869995,-15.22554016,-0.848907471,0.017715454,0.377578735,-0.151596069
2.142715454,-10.80839539,-1.447113037,-0.653015137,0.339706421,-0.105789185
1.606719971,-7.477584839,0.459960938,-0.808166504,0.412399292,-0.045928955
2.580596924,-8.451461792,0.187179565,-0.127059937,0.503417969,-0.102127075
2.678695679,-11.3467865,0.337936401,0.044586182,0.270675659,-0.232849121
2.092453003,-11.44248962,0.799743652,0.044586182,0.270675659,-0.232849121
1.668930054,-9.815368652,0.651382446,-0.280380249,0.229125977,-0.28477478
2.331741333,-8.697921753,-0.018600464,-0.201568604,0.251739502,-0.340362549
2.257568359,-8.822357178,0.646606445,-0.22845459,0.259689331,-0.460693359
1.5756073,-8.487365723,0.73274231,-0.13621521,0.244415283,-0.560272217
1.37461853,-8.664428711,0.347503662,-0.138656616,0.042816162,-0.588363647
0.982192993,-9.611984253,0.139328003,-0.354919434,-0.075057983,-0.482681274
-0.00843811,-9.394241333,0.76625061,-0.494796753,-0.308410645,-0.305541992
-0.161575317,-9.013778687,1.244812012,-0.530227661,-0.491653442,0.076248169
0.24041748,-8.910888672,1.094055176,-0.479537964,-0.665771484,0.423812866
1.855575562,-11.11468506,0.845214844,-0.479537964,-0.665771484,0.423812866
2.621276855,-11.9473877,1.88130188,-0.290145874,-0.685317993,0.292480469
1.963241577,-11.56932068,-0.592880249,0.181411743,-0.723190308,0.122665405
3.145294189,-11.39463806,-3.241729736,0.725082397,-0.477630615,-0.259735107
3.494659424,-10.94717407,-4.239532471,1.298690796,-0.423858643,0.115936279
1.826858521,-10.79164124,-3.181915283,0.662155151,-0.637664795,0.392669678
-1.480026245,-9.757949829,-1.253295898,0.317642212,-0.439743042,0.382278442
-1.436950684,-8.882171631,-0.657485962,0.593139648,-0.452575684,0.424438477
0.474914551,-8.439498901,-0.765167236,0.593139648,-0.452575684,0.424438477
1.35307312,-8.831924438,-1.380111694,0.538162231,-0.24671936,0.387161255
1.085083008,-9.406204224,-1.339431763,0.538162231,-0.24671936,0.387161255
-0.307540894,-10.49732971,0.378601074,0.067184448,-0.093383789,0.10067749
-0.309936523,-10.01158142,0.665740967,0.067184448,-0.093383789,0.10067749
-0.254898071,-9.789047241,-0.061676025,0.250427246,-0.102554321,0.091506958
-0.532470703,-9.738800049,0.416900635,0.102005005,0.062988281,-0.050201416
-1.078033447,-9.513885498,1.058166504,-0.110565186,0.202880859,-0.241409302
-2.061477661,-8.965927124,1.598953247,-0.241897583,0.278610229,-0.220016479
-2.016021729,-8.4347229,2.151687622,0.062316895,0.449661255,-0.08380127
-1.063674927,-8.583068848,2.11340332,0.479522705,0.50769043,-0.045928955
-0.424789429,-8.664428711,2.11340332,0.479522705,0.50769043,-0.045928955
-0.104156494,-11.72245789,1.177810669,0.475860596,0.487533569,-0.163208008
3.219482422,-17.79304504,-0.769943237,-0.001831055,0.525405884,0.198410034
3.063949585,-9.676589966,-1.621795654,-0.825271606,0.637191772,0.001113892
2.324569702,-7.776687622,0.823669434,-0.901016235,0.664077759,-0.085021973
2.975402832,-9.054458618,0.905029297,-0.036651611,0.391021729,-0.1925354
2.676300049,-10.64089966,-0.061676025,0.001220703,0.235855103,-0.411224365
2.03503418,-10.87060547,1.151489258,-0.26449585,0.081298828,-0.303085327
2.090072632,-9.53302002,1.402740479,-0.255950928,0.240737915,-0.265228271
2.594955444,-9.085571289,0.07232666,-0.255950928,0.240737915,-0.265228271
2.573410034,-9.384674072,-0.200454712,-0.290161133,0.039764404,-0.394119263
1.979995728,-8.800827026,0.804534912,-0.284667969,-0.273590088,-0.365402222
1.446395874,-8.583068848,0.885879517,-0.284667969,-0.273590088,-0.365402222
1.070724487,-8.884567261,0.316390991,-0.266326904,-0.35055542,-0.386169434
0.584976196,-8.985061646,0.601135254,-0.288330078,-0.463577271,-0.363571167
-0.053909302,-8.922851563,0.809310913,-0.414779663,-0.569244385,-0.149765015
0.104019165,-9.205200195,0.462356567,-0.442260742,-0.610183716,0.253387451
1.57321167,-10.46383667,0.414505005,-0.391555786,-0.682250977,0.367614746
3.571228027,-11.83491516,1.596557617,-0.190582275,-1.058563232,0.051818848
2.898834229,-11.46643066,1.838226318,-0.190582275,-1.058563232,0.051818848
2.343704224,-10.5978241,0.802139282,0.175918579,-1.32611084,0.113494873
1.161651611,-11.20561218,-2.88520813,0.835662842,-0.946151733,-0.188873291
1.058761597,-10.26043701,-4.261077881,1.439178467,-0.614456177,0.142211914
-0.391296387,-11.52624512,-2.42578125,0.556488037,-0.55947876,0.624191284
-0.606643677,-9.736419678,-1.183898926,0.556488037,-0.55947876,0.624191284
0.013092041,-8.451461792,-0.748413086,0.118499756,-0.109283447,0.506896973
1.408111572,-8.274398804,-0.241134644,0.566268921,-0.389648438,0.34928894
2.03742981,-8.690750122,-0.623977661,0.757446289,-0.541748047,0.381057739
0.814697266,-10.17669678,-0.990081787,0.533279419,-0.106216431,0.357849121
-0.628173828,-10.66482544,0.096252441,0.39704895,-0.336502075,0.232009888
-0.989501953,-10.42076111,0.933746338,0.39704895,-0.336502075,0.232009888
-0.896179199,-10.04748535,0.582000732,0.268768311,-0.347503662,0.170913696
-1.386703491,-9.461242676,0.778213501,0.095291138,0.063598633,0.021881104
-1.58770752,-9.348770142,1.22088623,-0.143554688,0.298782349,-0.146713257
-1.853302002,-9.035308838,1.481704712,-0.277328491,0.398345947,-0.257278442
-1.946624756,-8.673995972,1.890869141,-0.094070435,0.530899048,-0.188247681
-1.831771851,-8.65725708,2.213897705,0.197311401,0.733703613,-0.093566895
-1.542236328,-9.114273071,2.206726074,0.197311401,0.733703613,-0.093566895
-0.831573486,-13.29933167,1.053390503,0.255325317,0.763031006,-0.224899292
1.185577393,-17.71647644,-0.238739014,0.18447876,0.88885498,0.066482544
2.463348389,-11.42095947,-1.796463013,0.18447876,0.88885498,0.066482544
1.343505859,-9.044891357,0.474319458,-0.977371216,1.086181641,0.026763916
2.180999756,-6.994232178,1.304626465,-0.977371216,1.086181641,0.026763916
4.128753662,-9.121459961,0.873916626,-0.419052124,1.045852661,-0.100296021
3.004119873,-10.59065247,0.546112061,0.018920898,0.795410156,-0.330581665
2.597351074,-10.67201233,1.807128906,-0.208297729,0.349472046,-0.220016479
3.317581177,-9.401412964,0.680099487,-0.211349487,0.161941528,-0.259735107
3.226654053,-9.164535522,0.258972168,-0.169815063,0.094741821,-0.365402222
2.042205811,-9.30809021,0.610717773,-0.169815063,0.094741821,-0.365402222
1.310012817,-8.848678589,0.500640869,-0.17225647,-0.006652832,-0.399002075
0.850585938,-8.623748779,0.467147827,-0.268768311,-0.342010498,-0.399612427
0.46055603,-9.178878784,0.459960938,-0.268768311,-0.342010498,-0.399612427
0.216491699,-9.846481323,0.505432129,-0.430038452,-0.379272461,-0.3409729
0.589767456,-9.401412964,1.273529053,-0.544281006,-0.461120605,-0.074630737
0.879302979,-9.667022705,1.218490601,-0.544281006,-0.461120605,-0.074630737
2.752883911,-11.85166931,1.792770386,-0.621246338,-0.418365479,0.263168335
2.135528564,-10.3944397,1.65397644,0.257766724,-1.075653076,0.210021973
1.987167358,-11.10749817,-0.623977661,0.674377441,-0.672485352,-0.050811768
2.240814209,-8.860641479,-2.564559937,0.674377441,-0.672485352,-0.050811768
0.065734863,-9.944595337,-2.499954224,1.607772827,-0.341400146,0.034103394
-0.939254761,-12.01676941,-1.408828735,0.659103394,-0.415313721,0.628463745
-2.444335938,-10.87539673,-1.037948608,0.659103394,-0.415313721,0.628463745
-1.36277771,-9.789047241,0.101043701,-0.034820557,0.084365845,0.568603516
0.769226074,-9.731628418,0.357070923,0.134979248,-0.200286865,0.57043457
1.408111572,-9.623947144,-0.681411743,0.081237793,0.130172729,0.302871704
0.405517578,-10.17909241,0.022079468,-0.12461853,0.193710327,-0.034927368
-0.661682129,-9.678985596,1.031845093,-0.12461853,0.193710327,-0.034927368
-0.896179199,-9.056854248,0.778213501,-0.004272461,0.091079712,-0.089904785
-1.14263916,-8.796035767,0.455184937,-0.06842041,0.179656982,-0.202911377
-1.458496094,-9.018569946,0.890670776,-0.225402832,0.301834106,-0.318374634
-1.953811646,-8.750564575,1.560668945,-0.2449646,0.584655762,-0.283554077
-2.071060181,-8.726638794,2.149291992,0.185699463,0.699493408,-0.188247681
-1.393890381,-9.09034729,2.577606201,0.417816162,0.752655029,-0.280502319
-0.379333496,-10.20301819,1.687484741,0.461196899,0.926742554,-0.436264038
-0.21421814,-16.41477966,0.199142456,0.461196899,0.926742554,-0.436264038
1.396148682,-13.40460205,-0.83215332,-0.123397827,1.079467773,-0.326309204
1.173614502,-10.26043701,-0.200454712,-0.9034729,1.252334595,-0.27684021
2.93711853,-7.331619263,1.249603271,-0.690261841,1.282272339,-0.247512817
4.370422363,-7.946578979,0.598754883,-0.690261841,1.282272339,-0.247512817
3.607116699,-9.879989624,0.670532227,-0.343307495,0.491195679,-0.300643921
2.523162842,-9.468414307,1.515197754,-0.382385254,0.314041138,-0.197418213
3.130950928,-9.265029907,1.137130737,-0.382385254,0.314041138,-0.197418213
3.463546753,-9.224349976,-0.068847656,-0.164321899,0.108184814,-0.24810791
2.188171387,-8.982681274,0.433639526,-0.155761719,0.051376343,-0.312866211
1.723968506,-9.059249878,0.675323486,-0.174713135,-0.185012817,-0.273162842
1.513397217,-8.915679932,0.617889404,-0.193649292,-0.364608765,-0.293930054
1.396148682,-9.231521606,0.579605103,-0.294433594,-0.414093018,-0.311645508
0.8984375,-9.600021362,0.52456665,-0.462432861,-0.596740723,-0.187652588
0.515594482,-9.296127319,0.905029297,-0.530227661,-0.850250244,0.165420532
0.491653442,-8.87260437,1.046203613,-0.530227661,-0.850250244,0.165420532
1.848388672,-8.731430054,0.962463379,-0.443481445,-1.086654663,0.426269531
4.427856445,-10.12644958,1.625274658,-0.443481445,-1.086654663,0.426269531
4.676712036,-11.83970642,2.307220459,0.098953247,-1.139785767,0.272949219
2.025466919,-14.00520325,-0.870437622,1.072662354,-1.075042725,-0.089294434
2.001525879,-11.67938232,-3.894973755,1.698806763,-0.797103882,-0.084411621
1.240615845,-10.03790283,-2.806243896,1.161849976,-1.1978302,0.461090088
-0.829177856,-10.56672668,-0.858474731,0.4972229,-1.097640991,0.620513916
-2.437149048,-10.58346558,-0.456481934,0.4972229,-1.097640991,0.620513916
-0.860290527,-9.556945801,-0.858474731,0.258392334,-0.550918579,0.527053833
0.551483154,-9.008987427,-0.695770264,0.299926758,-0.797103882,0.539276123
0.67350769,-9.133422852,-1.030761719,0.279769897,-0.309646606,0.376174927
-0.23336792,-10.08816528,-0.521087646,-0.026885986,0.066040039,0.199020386
-0.573150635,-10.24369812,0.692062378,-0.026885986,0.066040039,0.199020386
-0.23576355,-9.777084351,0.622680664,-0.010391235,-0.064666748,0.054870605
-0.640151978,-9.305709839,-0.080810547,-0.010391235,-0.064666748,0.054870605
-1.286209106,-9.475601196,0.74710083,-0.232131958,0.133239746,-0.182754517
-2.398864746,-8.602218628,1.64440918,-0.343307495,0.281066895,-0.259109497
-2.788894653,-8.236114502,2.139724731,0.006103516,0.436828613,-0.143661499
-2.075836182,-8.733825684,2.297653198,0.497238159,0.666503906,-0.06362915
-1.482421875,-9.935012817,1.8956604,0.468536377,0.911468506,-0.143051147
0.563446045,-14.38566589,0.450393677,0.225997925,0.956680298,0.05241394
3.293655396,-13.58407593,-1.238937378,-0.487472534,0.883987427,-0.089294434
1.645004272,-11.3085022,-0.846511841,-0.487472534,0.883987427,-0.089294434
2.176208496,-9.224349976,0.390579224,-0.81489563,0.783187866,-0.06362915
3.542510986,-7.513473511,0.029251099,-0.538162231,0.808853149,-0.103347778
4.446990967,-9.497131348,0.428863525,-0.25289917,0.430725098,-0.310424805
2.738525391,-10.62893677,1.318984985,-0.25289917,0.430725098,-0.310424805
2.075714111,-9.868011475,1.216094971,-0.277328491,-0.04574585,-0.306762695
2.472915649,-9.346389771,0.402542114,-0.27671814,-0.07383728,-0.298812866
2.341308594,-9.080780029,-0.056884766,-0.09223938,-0.004211426,-0.283538818
1.551681519,-9.128631592,0.325973511,-0.162490845,-0.090942383,-0.235900879
1.472717285,-9.272201538,0.806930542,-0.171646118,-0.285812378,-0.188247681
1.345901489,-9.281784058,0.876312256,-0.127044678,-0.349945068,-0.211456299
0.960647583,-9.375091553,0.445602417,-0.127044678,-0.349945068,-0.211456299
0.833831787,-9.877593994,0.692062378,-0.4453125,-0.439758301,-0.278060913
0.805114746,-9.600021362,1.170639038,-0.4453125,-0.439758301,-0.278060913
0.494049072,-9.214782715,1.290267944,-0.4453125,-0.439758301,-0.278060913
0.704620361,-9.10949707,0.799743652,-0.518615723,-0.596130371,-0.070358276
2.128356934,-10.89453125,1.20413208,-0.486251831,-0.789154053,0.335845947
2.477706909,-12.04309082,1.182601929,-0.18447876,-0.934555054,0.328521729
1.59475708,-13.86882019,-0.827377319,0.34085083,-0.839248657,-0.003173828
2.238418579,-10.46861267,-2.105148315,0.905899048,-0.276031494,-0.16015625
0.934326172,-8.032730103,-1.51890564,0.876571655,-0.43119812,0.244842529
-0.805252075,-8.752960205,-0.877624512,0.957824707,-0.701797485,0.616851807
-1.891586304,-11.18885803,-1.200653076,0.957824707,-0.701797485,0.616851807
-0.776535034,-10.83950806,-1.203048706,0.539993286,-0.333450317,0.445205688
0.388763428,-9.76751709,-0.798660278,0.262054443,-0.067123413,0.334030151
0.936721802,-9.126251221,-0.626373291,0.250442505,0.149124146,0.26499939
0.355270386,-9.937408447,-0.60005188,0.069625854,0.201034546,0.205123901
-0.147216797,-10.21737671,0.156082153,0.134384155,-0.03352356,0.134277344
-0.269256592,-9.700515747,0.345108032,0.134384155,-0.03352356,0.134277344
-0.23336792,-9.186065674,0.230255127,0.077575684,0.036712646,0.071350098
-0.570755005,-9.355957031,0.713607788,-0.064147949,0.102081299,-0.179092407
-1.405853271,-9.358352661,1.254379272,-0.158218384,0.141174316,-0.363571167
-2.343841553,-8.556747437,1.974624634,-0.151489258,0.135070801,-0.290878296
-2.422790527,-8.621353149,2.812103271,0.309707642,0.382461548,-0.105789185
-2.26965332,-9.267425537,2.737930298,0.309707642,0.382461548,-0.105789185
-1.532669067,-11.07878113,0.51260376,0.44102478,0.689117432,-0.048965454
1.616287231,-19.47520447,-1.234161377,0.419036865,0.934066772,-0.057525635
4.7628479,-12.61257935,-2.588485718,-0.164932251,0.984771729,0.076858521
2.7265625,-10.40161133,-0.348815918,-1.285873413,1.275543213,-0.061798096
3.219482422,-8.920455933,1.295059204,-0.627975464,0.831451416,-0.242630005
4.174209595,-9.523452759,-0.030563354,-0.272445679,0.262130737,-0.603637695
3.310409546,-10.7964325,0.000549316,-0.42149353,-0.328567505,-0.318374634
2.03742981,-8.274398804,0.849990845,-0.42149353,-0.328567505,-0.318374634
2.209701538,-7.611587524,-0.066452026,-0.41293335,-0.266876221,-0.146713257
2.068527222,-7.767120361,0.017288208,-0.328643799,-0.362167358,-0.27255249
1.159255981,-8.188262939,0.96963501,-0.081848145,-0.450119019,-0.270111084
0.522766113,-9.052062988,0.835632324,-0.10017395,-0.444015503,-0.221237183
0.582580566,-9.3152771,0.024475098,-0.10017395,-0.444015503,-0.221237183
0.333740234,-9.688552856,1.019882202,-0.486846924,-0.585128784,-0.138153076
-0.376937866,-8.942001343,1.888473511,-0.392776489,-0.720748901,0.189849854
0.436630249,-9.181274414,1.778411865,-0.277954102,-0.910110474,0.551483154
1.80531311,-10.1072998,2.223480225,-0.277954102,-0.910110474,0.551483154
2.176208496,-9.181274414,2.127761841,-0.017105103,-1.057327271,0.44152832
1.8125,-9.521057129,-1.497360229,0.635284424,-1.175231934,0.457427979
0.718978882,-15.57728577,-4.026580811,1.602294922,-0.508773804,-0.485748291
0.037017822,-15.59403992,-4.261077881,2.059204102,-0.271148682,0.208190918
-2.360580444,-12.62454224,-1.585891724,0.339630127,-0.479446411,0.57043457
-3.265075684,-9.288955688,-1.270050049,0.146591187,0.45942688,0.34928894
-1.451309204,-8.288757324,-0.60005188,0.146591187,0.45942688,0.34928894
0.534729004,-7.992050171,-0.949401855,-0.003662109,0.47958374,0.28515625
1.142501831,-8.432327271,-0.628768921,-0.003662109,0.47958374,0.28515625
0.22845459,-8.908493042,0.948104858,-0.032989502,0.793579102,0.109222412
-0.817214966,-9.418167114,1.613311768,0.214401245,1.136276245,-0.095397949
-0.874633789,-9.669418335,1.338134766,0.201583862,0.713562012,-0.128997803
-1.401062012,-9.466018677,1.65637207,0.132553101,0.66468811,-0.116165161
-2.03755188,-9.616775513,1.996154785,0.167373657,0.8931427,-0.172363281
-1.563781738,-9.121459961,2.048797607,0.216842651,0.846725464,-0.399612427
-0.728683472,-8.791244507,1.931549072,0.117279053,0.876647949,-0.59753418
-0.075439453,-8.159545898,0.933746338,0.117279053,0.876647949,-0.59753418
1.429641724,-14.36174011,-0.554595947,-0.073303223,0.797241211,-0.644561768
6.160263062,-18.54438782,-2.047714233,-0.206466675,0.479598999,-0.179092407
3.030441284,-9.523452759,-1.884994507,-1.141708374,0.594436646,-0.390441895
1.692855835,-6.474990845,1.570236206,-0.967605591,0.546783447,-0.230407715
3.420471191,-9.540206909,0.704025269,0.13621521,0.387359619,-0.203536987
3.762649536,-12.32066345,-0.059280396,0.062911987,0.083145142,-0.456420898
2.429840088,-10.48776245,1.457778931,-0.223571777,-0.144088745,-0.30859375
2.276702881,-8.542388916,0.888275146,-0.169204712,-0.290084839,-0.212677002
1.757461548,-8.673995972,0.474319458,-0.096511841,-0.151412964,-0.323867798
1.522964478,-8.358154297,0.553283691,-0.082473755,-0.347503662,-0.2084198
2.01348877,-8.140396118,0.725570679,-0.082473755,-0.347503662,-0.2084198
2.532745361,-9.047286987,0.493469238,-0.16859436,-0.530151367,-0.157104492
1.065933228,-9.647872925,0.814102173,-0.196685791,-0.717681885,-0.201080322
0.041809082,-9.669418335,1.455383301,-0.253509521,-0.863067627,-0.097229004
-0.293182373,-10.28436279,1.936340332,-0.293212891,-1.064651489,0.078689575
0.281097412,-11.34918213,1.840621948,-0.293212891,-1.064651489,0.078689575
2.465744019,-12.60540771,-0.353591919,-0.351242065,-1.195999146,0.265609741
3.004119873,-11.90431213,-1.992675781,-0.410491943,-1.056716919,0.05670166
2.293457031,-10.71029663,-1.942428589,0.500289917,-0.636444092,-0.317764282
0.063339233,-10.49972534,-1.918502808,0.803894043,-0.358505249,-0.061813354
-0.884216309,-9.580886841,-1.937637329,0.780670166,-0.500839233,0.506286621
-0.089797974,-8.496932983,-0.968551636,0.494186401,-0.370117188,0.767745972
1.293258667,-8.906097412,-0.229171753,0.4453125,-0.153869629,0.702987671
2.283889771,-9.300918579,-0.497161865,0.550994873,-0.149581909,0.542327881
1.254974365,-9.10710144,-0.415802002,0.550994873,-0.149581909,0.542327881
-0.286010742,-9.176498413,0.06993103,0.447128296,-0.459289551,0.578369141
-0.802856445,-9.291351318,0.452789307,0.447128296,-0.459289551,0.578369141
-0.70475769,-9.54258728,0.29486084,0.481964111,-0.255264282,0.577148438
-0.611434937,-9.662231445,0.225463867,0.405609131,-0.071395874,0.474533081
-0.798065186,-9.801025391,0.725570679,0.217453003,0.02633667,0.291259766
-1.341247559,-9.588058472,1.290267944,0.217453003,0.02633667,0.291259766
-1.573348999,-9.401412964,1.723373413,0.225402832,0.101470947,0.202087402
-2.154800415,-9.147781372,2.060760498,0.326797485,0.184555054,0.097610474
-2.808044434,-9.083175659,2.414901733,0.346343994,0.343978882,-0.074020386
-2.973144531,-9.686157227,2.630249023,0.346343994,0.343978882,-0.074020386
-1.549423218,-10.2341156,2.158874512,0.086135864,0.450271606,-0.502227783
-0.520507813,-11.50471497,2.044006348,0.086135864,0.450271606,-0.502227783
1.006118774,-14.4119873,0.591567993,-0.030548096,0.363525391,-0.899917603
1.300430298,-12.31826782,0.024475098,-0.753799438,0.504638672,-0.953048706
1.683288574,-9.202819824,0.51020813,-0.911392212,0.682388306,-0.540115356
1.853179932,-7.161727905,1.149093628,-0.770309448,0.989059448,-0.240783691
1.999145508,-8.910888672,1.826263428,-0.770309448,0.989059448,-0.240783691
1.671325684,-10.94000244,0.75428772,-0.07635498,0.795410156,-0.368453979
2.848587036,-11.15774536,0.014892578,-0.200973511,0.653060913,-0.508956909
2.647598267,-9.650268555,0.426467896,-0.668899536,0.657958984,-0.451538086
2.087677002,-8.236114502,0.30682373,-0.660339355,0.559005737,-0.320800781
2.255172729,-8.013580322,0.591567993,-0.58581543,0.314651489,-0.262176514
2.798339844,-8.228927612,0.479110718,-0.475250244,0.026947021,-0.202911377
2.523162842,-8.41796875,0.560455322,-0.475250244,0.026947021,-0.202911377
1.891464233,-8.851074219,0.727966309,-0.45753479,-0.204559326,-0.2603302
0.642410278,-8.681182861,0.905029297,-0.475860596,-0.491668701,-0.416702271
-0.24772644,-9.09753418,1.737731934,-0.458145142,-0.878356934,-0.165664673
0.352874756,-10.32983398,2.278503418,-0.309707642,-1.302902222,0.279037476
1.57081604,-11.88038635,1.323776245,-0.349411011,-1.104980469,0.259506226
1.398544312,-14.70869446,-0.14781189,0.494781494,-0.203338623,-0.200469971
2.054168701,-11.93063354,-1.849105835,0.494781494,-0.203338623,-0.200469971
3.769821167,-9.889556885,-2.095565796,0.655441284,-0.163040161,0.173980713
2.2527771,-8.87260437,-1.325088501,0.655441284,-0.163040161,0.173980713
-0.274047852,-10.05465698,-1.607437134,1.009124756,-0.6040802,0.307144165
-1.654708862,-11.02375793,-2.169754028,1.444061279,-0.472732544,0.326080322
-0.805252075,-10.07618713,-1.408828735,0.762969971,-0.186233521,0.474533081
0.922363281,-9.221954346,-0.738845825,0.234558105,-0.040252686,0.627853394
1.491867065,-8.764923096,-0.176528931,0.318862915,-0.013961792,0.566146851
0.20930481,-9.470809937,-0.408630371,0.318862915,-0.013961792,0.566146851
-0.501358032,-9.394241333,-0.111923218,0.417205811,-0.162414551,0.401824951
-0.580322266,-8.705108643,0.158462524,0.335357666,-0.244873047,0.357849121
-0.288406372,-8.851074219,0.440826416,0.269378662,-0.112319946,0.323028564
-1.116317749,-9.777084351,0.962463379,0.260223389,-0.046966553,0.087234497
-2.085403442,-10.09533691,1.137130737,0.034210205,0.04586792,-0.194351196
-3.257888794,-10.13362122,2.168441772,0.034210205,0.04586792,-0.194351196
-3.468460083,-9.241104126,3.46774292,-0.099578857,0.276779175,-0.254226685
-2.736251831,-8.63331604,3.778808594,0.133163452,0.800292969,-0.317764282
0.257156372,-10.99981689,0.591567993,0.133163452,0.800292969,-0.317764282
3.262542725,-21.06642151,-0.293777466,0.026885986,0.772201538,-0.343414307
3.264938354,-11.01896667,-1.490188599,-0.783737183,0.885803223,-0.527877808
2.02784729,-9.844085693,0.247009277,-0.783737183,0.885803223,-0.527877808
2.513595581,-7.369903564,0.885879517,-0.342697144,0.881530762,-0.220626831
3.745895386,-8.61895752,-0.114318848,-0.192428589,0.618255615,-0.434432983
2.602127075,-9.53062439,0.699249268,-0.323150635,0.298156738,-0.361129761
1.891464233,-9.020965576,1.125167847,-0.323150635,0.298156738,-0.361129761
2.209701538,-8.999420166,0.369033813,-0.161865234,0.312210083,-0.147323608
2.621276855,-8.733825684,-0.126281738,-0.263275146,0.326263428,-0.150375366
2.255172729,-8.875,0.558074951,-0.378723145,0.051986694,-0.247512817
1.896240234,-9.054458618,0.885879517,-0.378723145,0.051986694,-0.247512817
1.891464233,-9.300918579,0.359466553,-0.329864502,-0.183181763,-0.262771606
1.865142822,-9.741195679,0.235046387,-0.419052124,-0.41897583,-0.267059326
0.721374512,-9.578491211,0.845214844,-0.561386108,-0.712799072,-0.201080322
0.307418823,-9.174102783,1.338134766,-0.452026367,-0.941268921,0.17276001
1.424865723,-10.02593994,1.304626465,-0.452026367,-0.941268921,0.17276001
2.573410034,-13.26342773,0.897857666,-0.34085083,-1.232650757,0.437866211
2.764846802,-13.96931458,-0.793869019,0.155151367,-0.937606812,0.178253174
1.884277344,-9.262634277,-2.026184082,1.285247803,-0.239990234,-0.359909058
-0.039550781,-8.554351807,-1.341827393,1.084884644,-0.35055542,0.134887695
-1.355606079,-10.09054565,-1.119293213,1.163070679,-0.786727905,0.568588257
-1.154602051,-10.69593811,-1.305938721,0.62979126,-0.417755127,0.499572754
0.563446045,-9.248275757,-0.683807373,0.208892822,-0.084228516,0.473312378
1.223861694,-8.571105957,-0.473236084,0.227844238,0.151550293,0.475128174
0.702224731,-9.186065674,-0.511520386,0.127044678,0.31098938,0.35723877
0.053771973,-10.13601685,0.376220703,0.193023682,0.066040039,0.268661499
-0.197479248,-9.920654297,0.613098145,0.193023682,0.066040039,0.268661499
-0.178329468,-9.602416992,0.199142456,0.234558105,0.091079712,0.204528809
-0.630569458,-9.882369995,0.814102173,0.037261963,0.176605225,-0.022109985
-1.795883179,-9.686157227,1.077316284,-0.116073608,0.264556885,-0.255447388
-3.18850708,-9.269805908,2.072723389,-0.194244385,0.430725098,-0.154037476
-2.425186157,-8.626144409,2.591964722,0.207672119,0.661621094,0.033477783
-1.530273438,-9.300918579,2.376617432,0.415985107,0.912689209,-0.077682495
-0.175933838,-13.68457031,0.940917969,0.326797485,1.028762817,-0.200469971
1.609115601,-15.55575562,-0.559371948,0.326797485,1.028762817,-0.200469971
1.597137451,-11.1481781,-0.958984375,-0.270614624,1.193695068,-0.262786865
1.58039856,-7.791046143,1.328552246,-0.669494629,1.50340271,-0.243835449
3.037628174,-7.994430542,1.120376587,-0.669494629,1.50340271,-0.243835449
4.0809021,-9.454055786,1.012710571,-0.12828064,1.108779907,-0.240188599
2.647598267,-10.43511963,1.163452148,-0.181427002,0.6927948,-0.322647095
2.381988525,-9.750762939,1.819091797,-0.21257019,0.475326538,-0.305541992
2.231246948,-9.365524292,0.390579224,-0.073913574,0.359863281,-0.231628418
1.501434326,-9.432525635,0.285293579,-0.191207886,0.334197998,-0.289047241
1.331542969,-9.011383057,0.842819214,-0.286499023,0.205322266,-0.334243774
1.305221558,-8.805603027,0.866744995,-0.344528198,0.107574463,-0.342193604
1.501434326,-8.930038452,0.739929199,-0.344528198,0.107574463,-0.342193604
1.376998901,-9.145385742,0.804534912,-0.464263916,0.069702148,-0.430145264
0.982192993,-9.518661499,1.182601929,-0.599258423,-0.129425049,-0.446044922
0.733337402,-8.958740234,1.302230835,-0.541213989,-0.519760132,-0.138153076
0.357666016,-9.5521698,1.87411499,-0.541213989,-0.519760132,-0.138153076
1.144897461,-11.57888794,2.034439087,-0.437988281,-0.809326172,0.289428711
1.422470093,-12.17469788,1.718582153,-0.120941162,-0.836807251,0.309585571
1.893859863,-10.23651123,0.577209473,0.258377075,-0.87651062,0.255844116
3.087875366,-9.506698608,-0.870437622,0.839324951,-0.50328064,0.188018799
1.886672974,-11.61238098,-2.253494263,2.025009155,-0.433639526,0.492233276
-0.403259277,-13.1844635,-2.825378418,1.56072998,-0.541152954,0.667556763
-3.054504395,-10.03552246,-1.002044678,0.251663208,-0.074462891,0.586303711
-1.075637817,-9.513885498,1.481704712,0.263275146,0.09046936,0.783630371
0.644805908,-9.571304321,0.931350708,0.263275146,0.09046936,0.783630371
0.623260498,-9.07598877,-0.851303101,0.505783081,0.049545288,0.670013428
-0.482223511,-9.104705811,-0.59765625,0.347564697,0.45942688,0.399383545
-0.570755005,-9.09034729,1.098846436,-0.065979004,0.315872192,0.203918457
-0.388900757,-9.403808594,1.589370728,-0.036636353,0.363525391,0.043869019
-0.963180542,-8.901321411,1.366836548,-0.095901489,0.369644165,-0.140609741
-1.996871948,-8.719467163,1.464950562,-0.264511108,0.433166504,-0.211456299
-3.16696167,-9.274597168,2.527359009,-0.264511108,0.433166504,-0.211456299
-3.339248657,-9.511489868,3.072921753,-0.128265381,0.72088623,-0.130828857
-1.207244873,-10.95196533,3.307418823,0.356124878,0.761810303,-0.107620239
-0.314727783,-14.11048889,2.051193237,0.478912354,0.863830566,-0.383728027
0.556259155,-13.02415466,0.467147827,-0.579101563,1.163162231,-0.555984497
1.831634521,-12.08137512,-0.207626343,-0.579101563,1.163162231,-0.555984497
2.618881226,-9.166915894,-0.537841797,-0.694549561,0.976837158,-0.519958496
2.661956787,-7.240692139,-0.657485962,-0.63835144,1.186355591,-0.665939331
1.767028809,-7.456054688,0.677703857,-0.503967285,1.243789673,-0.58164978
1.310012817,-9.253067017,1.462554932,-0.503967285,1.243789673,-0.58164978
2.195343018,-11.00939941,0.737533569,-0.458755493,1.094726563,-0.342803955
2.554275513,-10.33940125,0.223068237,-0.458755493,1.094726563,-0.342803955
1.910598755,-8.798431396,1.316589355,-0.507003784,0.697052002,-0.406936646
2.015884399,-9.212387085,1.007919312,-0.391571045,0.674453735,-0.327529907
2.300628662,-9.178878784,0.957672119,-0.503356934,0.408721924,-0.379455566
2.195343018,-8.757751465,1.42906189,-0.458770752,0.117355347,-0.416107178
1.14012146,-8.250473022,1.531951904,-0.396453857,-0.174636841,-0.441146851
0.331344604,-8.470611572,1.168243408,-0.313980103,-0.458084106,-0.141815186
1.001327515,-9.899124146,0.651382446,-0.333526611,-0.604675293,0.452529907
3.346298218,-12.3374176,1.414703369,0.023208618,-0.445846558,0.395721436
2.805526733,-14.54838562,0.254180908,0.910186768,-0.332839966,-0.222457886
2.987380981,-11.87559509,-1.631362915,1.602279663,0.276184082,-0.077072144
0.637619019,-9.942199707,-3.134048462,1.328613281,-0.309020996,0.454360962
-2.085403442,-10.0307312,-1.74382019,0.776397705,-0.521591187,0.65045166
-1.860488892,-9.458847046,-0.542633057,0.776397705,-0.521591187,0.65045166
-0.496582031,-9.741195679,0.433639526,0.776397705,-0.521591187,0.65045166
1.032440186,-9.487564087,0.254180908,0.550979614,0.072753906,0.800720215
0.214096069,-9.085571289,-0.425384521,0.550979614,0.072753906,0.800720215
-0.345825195,-9.597625732,0.787780762,0.062301636,-0.139205933,0.580200195
-0.259689331,-9.760345459,1.840621948,0.062301636,-0.139205933,0.580200195
-0.934463501,-9.576095581,1.618087769,0.251052856,-0.203964233,0.365783691
-1.994476318,-9.32484436,1.776016235,0.193023682,-0.087280273,0.082962036
-3.178924561,-9.236312866,1.694656372,0.193023682,-0.087280273,0.082962036
-4.219802856,-9.559341431,2.178009033,-0.077575684,0.049545288,-0.163818359
-3.970947266,-8.724243164,2.158874512,-0.253509521,0.438049316,-0.141220093
-2.004058838,-8.011184692,1.831054688,0.022598267,0.505859375,-0.161361694
1.79335022,-16.51049805,1.168243408,0.238845825,0.375137329,-0.30430603
4.190963745,-15.87161255,-0.746017456,0.238845825,0.375137329,-0.30430603
2.791168213,-12.21298218,-1.5284729,-0.445922852,0.445999146,-0.334869385
1.953674316,-10.10490417,0.596359253,-1.273040771,0.568161011,-0.516296387
2.336532593,-7.992050171,0.704025269,-0.86680603,0.661621094,-0.496124268
3.501831055,-9.229141235,0.756668091,-0.224182129,0.518692017,-0.427703857
2.661956787,-10.06661987,0.907424927,-0.486236572,-0.103164673,-0.432601929
1.214294434,-9.10710144,1.086883545,-0.310928345,-0.175247192,-0.223068237
1.032440186,-7.992050171,0.488677979,-0.310928345,-0.175247192,-0.223068237
1.429641724,-7.982467651,0.421676636,-0.366516113,-0.092163086,-0.270111084
1.616287231,-8.611785889,0.952880859,-0.33291626,-0.220443726,-0.339752197
1.36026001,-9.126251221,1.079711914,-0.349411011,-0.453186035,-0.224304199
1.226257324,-9.506698608,1.003128052,-0.372619629,-0.554595947,-0.17237854
0.879302979,-9.561737061,1.031845093,-0.507629395,-0.596130371,-0.098449707
0.381591797,-9.633514404,1.043807983,-0.552825928,-0.712188721,0.094558716
0.216491699,-9.193237305,1.364456177,-0.552825928,-0.712188721,0.094558716
1.068328857,-9.755554199,1.754486084,-0.485031128,-0.830093384,0.424438477
1.740707397,-11.60281372,1.639633179,-0.19303894,-0.772659302,0.334030151
1.274108887,-11.57649231,0.010116577,0.630401611,-0.731124878,0.028594971
2.547088623,-12.26083374,-2.052505493,0.630401611,-0.731124878,0.028594971
2.915588379,-10.24847412,-2.43057251,1.584564209,-0.092773438,-0.233459473
-0.22857666,-10.41357422,-1.109725952,1.451400757,-0.283370972,0.108001709
-3.990097046,-11.81098938,-0.84173584,1.277923584,-0.53565979,0.393875122
-4.399276733,-11.53581238,-2.346817017,0.947433472,0.001907349,0.512390137
-1.83656311,-10.29154968,-1.210220337,0.00793457,0.436828613,0.63822937
1.142501831,-8.841491699,0.694458008,0.048248291,0.666503906,0.608306885
1.168823242,-8.784072876,0.352279663,0.289535522,0.713562012,0.392059326
-0.666473389,-8.930038452,-0.068847656,0.289535522,0.713562012,0.392059326
-1.235961914,-9.229141235,0.735137939,0.411712646,0.595657349,0.284545898
-0.479827881,-9.365524292,1.098846436,0.431259155,0.57611084,0.246673584
-0.740646362,-9.274597168,1.316589355,0.267547607,0.596878052,-0.022720337
-1.80065918,-9.269805908,1.871734619,-0.011001587,0.665893555,-0.294540405
-2.879821777,-9.444488525,2.003341675,-0.011001587,0.665893555,-0.294540405
-3.087997437,-8.848678589,3.020278931,-0.177764893,0.739822388,-0.337905884
-1.338851929,-10.77011108,2.929351807,0.628570557,0.679336548,-0.183364868
0.668731689,-14.68476868,2.039230347,0.628570557,0.679336548,-0.183364868
1.006118774,-12.46183777,0.330749512,-0.368972778,0.698287964,-0.446640015
1.281295776,-12.38287354,0.022079468,-0.852767944,0.570007324,-0.422821045
2.994552612,-8.41796875,0.419281006,-0.755020142,0.588317871,-0.363571167
2.042205811,-8.312683105,1.742523193,-0.620025635,0.626815796,-0.362350464
0.886474609,-10.05465698,1.780807495,-0.086746216,0.550460815,-0.449691772
0.556259155,-10.57150269,0.75189209,-0.434936523,0.598098755,-0.460693359
1.57081604,-10.30351257,0.483886719,-0.434936523,0.598098755,-0.460693359
2.157058716,-8.975494385,0.830856323,-0.659133911,0.692169189,-0.473526001
2.283889771,-8.580673218,0.431243896,-0.692718506,0.53578186,-0.423431396
2.582992554,-8.394042969,0.759063721,-0.711029053,0.057479858,-0.429534912
2.594955444,-7.953765869,0.821273804,-0.755630493,-0.37071228,-0.418548584
1.247787476,-8.123657227,1.354873657,-0.755630493,-0.37071228,-0.418548584
-0.989501953,-8.4347229,2.615890503,-0.648727417,-0.759841919,-0.355026245
-1.075637817,-8.738601685,2.3359375,-0.312149048,-0.916824341,0.049362183
1.755065918,-9.643096924,1.575012207,-0.270614624,-1.200881958,0.503234863
4.707809448,-12.54797363,-0.906341553,0.14781189,-1.098861694,0.680374146
3.061553955,-16.00561523,-4.708526611,1.853363037,-0.464172363,-0.56942749
2.178604126,-10.78686523,-3.904541016,1.739730835,0.064208984,0.20085144
-0.783706665,-9.726837158,-0.83694458,0.661560059,-0.980361938,0.721923828
-2.999465942,-9.614379883,0.457565308,0.702484131,-0.63583374,0.584472656
-2.0519104,-10.00920105,-0.066452026,0.702484131,-0.63583374,0.584472656
-0.343429565,-10.54997253,-0.906341553,0.612075806,-0.185012817,0.471450806
0.520370483,-9.576095581,-1.282012939,0.275482178,-0.066497803,0.428085327
0.065734863,-8.762527466,-0.810623169,0.275482178,-0.066497803,0.428085327
-0.321899414,-8.934814453,1.304626465,-0.155151367,0.031204224,0.071975708
-0.66885376,-9.023345947,1.20892334,0.10383606,0.224243164,-0.329360962
-1.250320435,-8.372497559,1.285491943,0.10383606,0.224243164,-0.329360962
-1.666671753,-8.085357666,2.57522583,-0.210128784,0.268844604,-0.357452393
-2.322296143,-7.635513306,3.695053101,-0.251663208,0.574279785,-0.353179932
-2.757797241,-7.417770386,4.211914063,0.397064209,0.67628479,-0.300048828
-2.231369019,-8.752960205,2.620681763,0.397064209,0.67628479,-0.300048828
-0.345825195,-14.94798279,0.132141113,0.152709961,1.117935181,-0.248733521
2.736129761,-19.4393158,-1.72946167,0.152709961,1.117935181,-0.248733521
3.887069702,-11.16014099,-1.29876709,-0.855209351,1.312194824,-0.289657593
4.724563599,-8.264831543,0.833251953,-1.212554932,1.185745239,-0.050811768
4.423065186,-7.805404663,1.103637695,-0.398284912,0.629257202,-0.247512817
2.894058228,-9.731628418,0.481506348,-0.022613525,-0.064682007,-0.43687439
1.834030151,-10.54518127,0.696853638,-0.022613525,-0.064682007,-0.43687439
1.436828613,-9.025741577,0.998352051,-0.1484375,-0.325515747,-0.092956543
1.786178589,-8.781677246,-0.032958984,-0.335357666,-0.00604248,-0.076461792
1.561248779,-8.738601685,-0.009033203,-0.463027954,-0.318191528,-0.28414917
1.826858521,-8.748184204,0.866744995,-0.4453125,-0.553970337,-0.306762695
1.436828613,-9.31288147,0.412109375,-0.47769165,-0.561309814,-0.344024658
0.960647583,-8.879776001,0.550888062,-0.59437561,-0.747009277,-0.362960815
-0.350616455,-8.082977295,1.742523193,-0.59437561,-0.747009277,-0.362960815
-0.585113525,-8.133224487,1.773620605,-0.514953613,-0.848403931,-0.037979126
1.467926025,-11.33721924,0.806930542,-0.269393921,-0.979141235,0.486740112
3.970825195,-14.94798279,-1.387298584,0.032989502,-0.875900269,0.513015747
2.731338501,-11.91627502,-3.636550903,0.911392212,-0.542984009,-0.391052246
1.283691406,-12.6676178,-3.689193726,1.528366089,-0.116607666,0.064025879
-0.853103638,-11.02613831,-1.906539917,0.780670166,-0.956542969,0.475753784
-1.776733398,-8.939605713,-0.736450195,0.485626221,-0.634613037,0.464141846
-0.518112183,-8.427536011,-0.60244751,0.599243164,-0.334060669,0.404876709
0.711807251,-8.018371582,-1.085800171,0.497238159,-0.450119019,0.503234863
0.821868896,-9.09992981,-1.150405884,0.265106201,-0.319412231,0.432373047
-0.135253906,-10.00201416,0.184783936,0.265106201,-0.319412231,0.432373047
-0.513320923,-9.954162598,1.352493286,0.235168457,-0.354232788,0.180099487
-0.829177856,-10.05465698,0.928955078,0.758682251,-0.388427734,-0.055084229
-1.381912231,-9.123855591,1.196960449,0.210128784,-0.275421143,-0.237747192
-1.841339111,-9.071212769,1.88369751,0.210128784,-0.275421143,-0.237747192
-2.394088745,-8.470611572,2.663757324,-0.187545776,0.068481445,-0.323867798
-2.018417358,-7.628341675,3.573028564,-0.232116699,0.369018555,-0.335464478
-0.288406372,-9.09753418,2.541717529,0.208908081,0.513198853,-0.30859375
0.628051758,-17.34320068,-0.970947266,0.316421509,0.450271606,-0.326309204
1.245407104,-11.33721924,-1.669647217,-0.339019775,0.463088989,-0.096618652
2.113998413,-8.394042969,0.823669434,-1.028076172,1.012268066,0.1043396
3.114196777,-8.219360352,2.082290649,-1.028076172,1.012268066,0.1043396
3.047195435,-11.75117493,0.479110718,-0.175308228,0.725143433,-0.145492554
2.195343018,-11.79902649,0.493469238,-0.03604126,0.393463135,-0.38861084
2.774414063,-9.425338745,0.852386475,-0.531448364,0.081924438,-0.174209595
2.616485596,-8.740997314,-0.083206177,-0.484420776,0.163787842,-0.165649414
2.137924194,-8.121261597,-0.001846313,-0.439819336,-0.386001587,-0.226119995
1.558853149,-7.870010376,0.51020813,-0.392776489,-0.63583374,-0.240188599
0.470123291,-8.303115845,0.507827759,-0.30909729,-0.585739136,-0.296981812
0.479690552,-8.879776001,0.340316772,-0.30909729,-0.585739136,-0.296981812
-0.515716553,-8.676391602,0.957672119,-0.370788574,-0.820922852,-0.174804688
-1.243133545,-9.008987427,1.333343506,-0.568710327,-0.742736816,0.055465698
0.319381714,-9.461242676,0.75189209,-0.515563965,-0.894241333,0.366394043
3.212295532,-11.05007935,1.539123535,-0.226623535,-0.852081299,0.311416626
3.071121216,-13.12464905,1.486480713,0.335357666,-0.929031372,0.293701172
1.465545654,-13.08636475,-1.705535889,0.335357666,-0.929031372,0.293701172
2.226455688,-10.0690155,-3.009628296,1.293197632,-0.585739136,0.263778687
0.848190308,-10.58586121,-2.028564453,1.293197632,-0.585739136,0.263778687
-1.238357544,-9.994842529,-1.05708313,0.701263428,-0.967544556,0.4818573
-2.362976074,-9.320068359,-0.810623169,0.576034546,-0.480056763,0.428100586
-0.630569458,-8.573501587,-0.190887451,0.582748413,-0.316970825,0.453140259
0.491653442,-8.678787231,-0.485198975,0.542434692,0.036117554,0.409164429
-0.207046509,-10.0307312,-0.15977478,0.186920166,0.279846191,0.2527771
-0.805252075,-10.10490417,1.043807983,0.153320313,0.222427368,0.178237915
-0.795684814,-9.827346802,1.22088623,0.177764893,0.252349854,0.145263672
-0.257293701,-9.475601196,0.787780762,0.177764893,0.252349854,0.145263672
-0.656890869,-9.391845703,1.342910767,0.102005005,0.339706421,0.031051636
-2.068664551,-9.365524292,2.075119019,0.202789307,0.453933716,-0.089904785
-2.942047119,-9.32484436,2.034439087,0.202789307,0.453933716,-0.089904785
-2.736251831,-9.190856934,2.213897705,0.166748047,0.714782715,-0.077682495
-1.578125,-9.707702637,2.127761841,0.2162323,0.996383667,-0.213912964
-0.348220825,-11.70092773,2.139724731,0.215621948,0.827178955,-0.462539673
0.336120605,-13.94299316,1.383590698,-0.238845825,0.798461914,-0.428329468
1.566040039,-13.88078308,-0.530670166,-0.761749268,0.694015503,-0.356231689
0.931945801,-10.88975525,-0.016204834,-0.911407471,0.595657349,-0.402664185
1.676101685,-9.150177002,0.457565308,-0.800842285,0.83694458,-0.347076416
1.664138794,-7.762329102,0.96723938,-0.800842285,0.83694458,-0.347076416
1.896240234,-8.831924438,1.584594727,-0.574203491,0.928588867,-0.240188599
2.929946899,-10.45904541,1.027069092,-0.574203491,0.928588867,-0.240188599
3.724365234,-10.94239807,0.349899292,-0.315200806,0.111236572,-0.381896973
2.374816895,-9.54258728,0.455184937,-0.315200806,0.111236572,-0.381896973
1.305221558,-8.343795776,0.52935791,-0.302383423,-0.202728271,-0.335464478
0.965438843,-8.556747437,0.584396362,-0.337814331,-0.207626343,-0.253616333
1.168823242,-8.807998657,0.270935059,-0.501525879,-0.208221436,-0.293319702
1.223861694,-9.253067017,0.316390991,-0.522888184,-0.371337891,-0.28414917
1.003723145,-9.631134033,0.431243896,-0.522888184,-0.371337891,-0.28414917
0.884078979,-9.681381226,0.325973511,-0.554656982,-0.459289551,-0.260955811
0.087280273,-8.951568604,0.51499939,-0.646286011,-0.571090698,-0.251785278
0.46295166,-8.949172974,1.041427612,-0.489303589,-0.819091797,0.20085144
3.209899902,-11.45207214,0.799743652,-0.270614624,-1.048171997,0.389602661
3.451583862,-13.68217468,-1.121688843,0.401321411,-1.101913452,0.098846436
0.6615448,-10.9112854,-1.684005737,1.090377808,-0.571075439,-0.214523315
0.403121948,-9.296127319,-2.007034302,1.419021606,-0.781219482,0.36946106
-1.030181885,-10.14558411,-1.978317261,1.419021606,-0.781219482,0.36946106
-1.889190674,-10.23651123,-1.806045532,1.149017334,-1.192947388,0.667556763
-1.678634644,-10.02116394,-1.552398682,0.432479858,-0.305969238,0.505081177
-0.565963745,-9.049667358,-0.104736328,0.304199219,0.33543396,0.325469971
0.336120605,-8.65007019,-0.743621826,0.435531616,0.361083984,0.219787598
0.541915894,-9.243484497,-0.83215332,0.273651123,0.31098938,0.117172241
0.032241821,-9.56413269,0.330749512,0.126434326,0.246231079,0.037139893
-0.498962402,-9.420562744,0.857177734,0.207672119,0.191879272,-0.050201416
-0.857894897,-9.434921265,0.670532227,0.207672119,0.191879272,-0.050201416
-1.133071899,-9.183670044,1.297454834,0.122772217,0.298782349,-0.263397217
-1.472854614,-8.540008545,2.027267456,0.122772217,0.298782349,-0.263397217
-2.317520142,-7.95854187,2.730758667,0.122772217,0.298782349,-0.263397217
-2.432373047,-8.054260254,3.666351318,0.236999512,0.351303101,-0.149765015
-1.767166138,-9.166915894,3.278701782,0.627960205,0.579162598,0.009063721
-1.539840698,-14.93362427,0.902633667,0.918121338,0.70866394,-0.113113403
0.037017822,-17.12783813,-1.014007568,-0.26083374,0.744094849,-0.211456299
1.750289917,-11.61717224,-1.246124268,-1.22416687,1.221801758,-0.318359375
2.372421265,-8.501724243,0.495849609,-1.22416687,1.221801758,-0.318359375
3.456375122,-7.05406189,0.438430786,-0.932785034,1.306091309,-0.232849121
3.535324097,-8.549575806,0.53414917,-0.450820923,1.073959351,-0.187637329
2.989761353,-10.92324829,0.737533569,-0.191802979,0.639038086,-0.317749023
2.800735474,-10.51408386,0.933746338,-0.251068115,0.185150146,-0.30065918
2.685882568,-9.300918579,1.357269287,-0.251068115,0.185150146,-0.30065918
2.070922852,-9.375091553,1.287887573,-0.165542603,-0.197845459,-0.141220093
1.369827271,-9.633514404,1.027069092,-0.157592773,-0.213104248,-0.1925354
0.793151855,-9.674194336,1.125167847,-0.226638794,-0.263824463,-0.378219604
0.367233276,-9.116668701,1.058166504,-0.339035034,-0.138595581,-0.491851807
0.297836304,-8.85585022,0.345108032,-0.588867188,-0.121490479,-0.496734619
0.22845459,-8.973098755,0.022079468,-0.588867188,-0.121490479,-0.496734619
0.561050415,-9.020965576,-0.030563354,-0.788619995,-0.292541504,-0.2762146
1.475112915,-8.408401489,0.038833618,-0.788619995,-0.292541504,-0.2762146
3.319976807,-9.54498291,0.735137939,-0.773361206,-0.640106201,0.06036377
4.195755005,-14.49334717,1.106033325,-0.485031128,-0.988296509,0.269882202
3.001724243,-11.45207214,-2.64112854,0.409881592,-1.158721924,-0.008666992
0.996551514,-8.946777344,-1.853897095,1.21194458,-0.558258057,0.045089722
-0.554000854,-8.535217285,-0.868057251,0.822219849,-1.042053223,0.505065918
-1.970550537,-10.92564392,-0.954193115,1.174072266,-1.567398071,0.754302979
-2.114120483,-11.30610657,-1.447113037,0.821594238,-0.899734497,0.483078003
-1.499160767,-9.576095581,-1.437545776,0.464233398,-0.357269287,0.360290527
-0.242935181,-8.458648682,-0.793869019,0.464233398,-0.357269287,0.360290527
0.23085022,-9.188461304,-0.719696045,0.452026367,0.172943115,0.315704346
0.352874756,-9.937408447,0.213500977,0.222961426,0.089859009,0.181915283
-0.539642334,-9.025741577,0.739929199,0.263275146,0.028778076,0.002349854
-1.080429077,-8.89175415,0.775817871,0.160644531,0.270675659,-0.110061646
-1.176132202,-9.399017334,1.622879028,0.015274048,0.348266602,-0.285385132
-2.331863403,-8.63571167,2.417297363,0.015274048,0.348266602,-0.285385132
-3.030578613,-7.922653198,3.364852905,0.034194946,0.530303955,-0.381286621
-2.599868774,-8.097335815,3.474914551,0.268768311,0.758148193,-0.274993896
-1.535064697,-13.74200439,1.907623291,0.550369263,0.830215454,-0.301864624
1.891464233,-17.25944519,-1.243728638,-0.346969604,1.055633545,-0.350128174
2.884475708,-11.33242798,-1.27722168,-1.091003418,1.174758911,-0.298828125
2.542312622,-7.369903564,1.43862915,-0.945007324,1.245620728,-0.151596069
3.276901245,-6.764526367,1.718582153,-0.088577271,0.876647949,-0.225524902
3.784179688,-10.36332703,0.656173706,-0.088577271,0.876647949,-0.225524902
3.532943726,-11.74638367,-0.068847656,-0.088577271,0.876647949,-0.225524902
2.391555786,-9.236312866,1.598953247,-0.566879272,0.267623901,-0.405715942
1.987167358,-8.224151611,0.885879517,-0.35736084,0.103302002,-0.2762146
2.116394043,-8.377288818,-0.047317505,-0.35736084,0.103302002,-0.2762146
2.214492798,-8.985061646,0.117797852,-0.395233154,-0.164245605,-0.35256958
1.726364136,-9.195632935,0.718383789,-0.351242065,-0.402481079,-0.430160522
1.245407104,-9.013778687,0.443222046,-0.351242065,-0.402481079,-0.430160522
1.077896118,-8.958740234,-0.006637573,-0.379959106,-0.492889404,-0.424667358
0.364837646,-8.726638794,0.500640869,-0.507003784,-0.719512939,-0.26461792
0.293060303,-8.377288818,1.397949219,-0.466705322,-0.829483032,0.182540894
1.290863037,-9.700515747,1.249603271,-0.35307312,-1.045120239,0.508117676
3.059158325,-11.3850708,1.699447632,-0.172271729,-1.106811523,0.327911377
3.17640686,-11.54060364,-0.025772095,0.3646698,-1.256469727,0.189865112
3.006515503,-11.87559509,-2.995269775,0.3646698,-1.256469727,0.189865112
2.594955444,-11.30131531,-3.634155273,1.565032959,-0.84413147,-0.024551392
0.584976196,-11.71766663,-2.516708374,0.871688843,-1.204544067,0.471466064
-2.671646118,-10.83232117,-1.463867188,0.871688843,-1.204544067,0.471466064
-2.231369019,-8.846282959,-0.504348755,0.616348267,-0.631561279,0.438476563
-0.46546936,-8.523254395,0.115402222,0.539993286,-0.656005859,0.53012085
0.319381714,-8.860641479,-1.416015625,0.442871094,-0.114761353,0.470245361
-0.594680786,-9.793838501,-0.123886108,0.123382568,0.094741821,0.231399536
-1.331665039,-9.872802734,1.484085083,0.091629028,0.18270874,0.05241394
-1.027786255,-9.77947998,1.113204956,0.062911987,0.241363525,0.083572388
-0.659286499,-9.853668213,0.907424927,0.062911987,0.241363525,0.083572388
-1.913131714,-9.798629761,1.484085083,-0.134384155,0.47958374,-0.238342285
-2.855895996,-9.480377197,2.166046143,-0.134384155,0.47958374,-0.238342285
-1.953811646,-8.494537354,2.594360352,0.514343262,0.786865234,0.017608643
-1.417816162,-10.73661804,1.799942017,0.514343262,0.786865234,0.017608643
0.8984375,-13.86642456,-0.85369873,-0.185699463,0.875427246,-0.414276123
3.556869507,-14.51727295,-1.325088501,-0.865600586,1.060516357,-0.687332153
2.642807007,-9.664627075,0.316390991,-1.230880737,1.234008789,-0.388626099
2.317382813,-6.699920654,1.079711914,-1.072067261,1.240722656,0.095184326
2.92515564,-7.233520508,2.053588867,-0.040939331,0.643310547,-0.234680176
2.829452515,-11.21517944,0.158462524,-0.040939331,0.643310547,-0.234680176
2.006317139,-11.29414368,0.51739502,-0.126434326,0.350708008,-0.519943237
1.12097168,-9.162139893,1.156280518,-0.293212891,0.176605225,-0.331207275
1.202331543,-7.884368896,0.366638184,-0.42515564,0.420944214,-0.287826538
1.530151367,-8.008789063,0.459960938,-0.408676147,0.329925537,-0.479019165
1.778991699,-8.604614258,0.98878479,-0.205245972,-0.002365112,-0.462524414
1.666534424,-9.135818481,0.7447052,-0.205245972,-0.002365112,-0.462524414
1.247787476,-9.499526978,0.52935791,-0.284042358,-0.167907715,-0.424026489
0.44859314,-9.523452759,1.170639038,-0.458755493,-0.305358887,-0.32081604
-0.489395142,-8.980285645,1.764053345,-0.378128052,-0.456848145,0.089065552
0.338516235,-9.556945801,0.919387817,-0.317642212,-0.631561279,0.342575073
3.640609741,-12.89971924,0.615493774,-0.317642212,-0.631561279,0.342575073
3.705215454,-12.75137329,-0.870437622,0.814880371,-0.674316406,-0.032485962
4.133529663,-11.63870239,-2.854095459,0.814880371,-0.674316406,-0.032485962
3.202728271,-11.34199524,-3.816009521,1.53692627,-0.458679199,0.244827271
0.383987427,-10.9495697,-2.753601074,1.53692627,-0.458679199,0.244827271
-2.540039063,-10.18626404,-1.502151489,1.097106934,-0.931488037,0.542938232
-1.314926147,-8.506500244,-0.542633057,0.624298096,-0.836807251,0.626022339
0.692657471,-8.738601685,-0.291381836,0.600463867,-0.254043579,0.645553589
1.183181763,-9.334411621,-1.53326416,0.454467773,0.011062622,0.491012573
-0.111328125,-9.238708496,-0.269851685,0.454467773,0.011062622,0.491012573
-0.544433594,-9.743591309,1.240020752,0.150268555,-0.243057251,0.268051147
-0.66885376,-10.18626404,0.857177734,0.360397339,-0.323684692,0.144042969
-1.444137573,-9.671813965,1.074920654,0.230300903,-0.031707764,-0.136322021
-2.628585815,-9.262634277,1.773620605,-0.1484375,0.237075806,-0.322647095
-3.262680054,-8.666824341,2.486679077,-0.247390747,0.553497314,-0.169921875
-2.142837524,-7.750366211,2.766647339,-0.247390747,0.553497314,-0.169921875
-0.755004883,-8.078186035,2.871932983,0.306640625,0.51991272,-0.060577393
-0.333862305,-11.73202515,0.998352051,0.476455688,0.455154419,-0.391067505
1.128158569,-20.56632996,-1.219802856,-0.002456665,0.392242432,-0.279266357
2.142715454,-9.918273926,-1.040328979,-1.108093262,0.89680481,-0.00743103
1.901031494,-6.886566162,2.304824829,-1.360397339,1.324417114,0.023712158
2.370025635,-9.142990112,1.563049316,0.043365479,0.689712524,-0.28843689
2.597351074,-11.55973816,-0.16217041,0.113616943,0.400177002,-0.413665771
1.831634521,-9.963729858,1.120376587,-0.418441772,0.237091064,-0.296386719
2.236022949,-9.339202881,0.251785278,-0.441040039,0.322601318,-0.258514404
2.408309937,-9.030532837,-0.291381836,-0.48991394,-0.001159668,-0.364181519
1.79574585,-8.583068848,0.51260376,-0.48991394,-0.001159668,-0.364181519
0.963043213,-8.042297363,0.75189209,-0.330474854,-0.194793701,-0.342803955
0.67590332,-8.056655884,0.335540771,-0.308486938,-0.243057251,-0.415496826
0.67350769,-8.697921753,0.184783936,-0.308486938,-0.243057251,-0.415496826
0.348083496,-9.54977417,0.414505005,-0.546112061,-0.317581177,-0.290878296
0.474914551,-9.868011475,0.651382446,-0.588867188,-0.453796387,0.05607605
1.884277344,-10.24847412,0.017288208,-0.588867188,-0.453796387,0.05607605
2.977798462,-11.25346375,1.462554932,-0.543060303,-0.654159546,0.095779419
1.039611816,-10.58825684,2.163650513,0.105056763,-0.991348267,0.032272339
2.291061401,-10.36572266,-0.052093506,0.808776855,-1.31022644,0.349899292
3.260162354,-10.65046692,-1.416015625,1.436126709,-0.872848511,-0.009277344
0.46055603,-12.01676941,-2.361175537,2.129455566,-0.583908081,0.206359863
-3.506744385,-11.33721924,-1.755783081,1.353668213,-0.910110474,0.425033569
-2.319900513,-9.824951172,-0.15977478,0.329849243,-0.152648926,0.679779053
0.345703125,-9.913482666,1.467346191,0.155151367,-0.030487061,0.821487427
0.884078979,-8.690750122,-0.114318848,0.334747314,0.041595459,0.539276123
-0.441543579,-9.686157227,-0.241134644,0.136825562,0.300003052,0.158096313
-1.12348938,-9.808197021,1.137130737,-0.215637207,0.235244751,0.02432251
-1.121109009,-8.973098755,1.608520508,-0.215637207,0.235244751,0.02432251
-1.748016357,-8.207397461,1.670730591,-0.356735229,0.438659668,-0.066696167
-2.563980103,-8.566329956,1.524765015,-0.360412598,0.406906128,-0.175415039
-2.154800415,-8.951568604,2.230651855,-0.165542603,0.421569824,-0.089294434
-0.556396484,-11.70809937,1.890869141,0.6615448,0.437438965,0.035308838
0.156661987,-14.59623718,-0.458877563,0.266937256,0.50402832,-0.300048828
0.6615448,-14.31866455,-1.29397583,-0.800231934,0.684829712,-0.399612427
1.609115601,-11.13861084,0.364257813,-0.800231934,0.684829712,-0.399612427
3.422866821,-8.018371582,1.527160645,-1.202789307,1.028762817,-0.121673584
4.174209595,-8.985061646,1.732940674,-0.41293335,0.786865234,-0.176040649
2.807907104,-10.96153259,0.881103516,-0.41293335,0.786865234,-0.176040649
1.489471436,-11.85166931,0.30921936,0.042144775,0.180877686,-0.530944824
1.853179932,-9.219558716,0.538925171,-0.438583374,0.235244751,-0.411224365
2.090072632,-7.532623291,0.251785278,-0.438583374,0.235244751,-0.411224365
1.762252808,-6.917663574,-0.018600464,-0.627349854,0.100860596,-0.370285034
1.494247437,-7.602020264,0.345108032,-0.582763672,-0.132476807,-0.325698853
0.996551514,-8.245681763,0.830856323,-0.20098877,-0.250991821,-0.290267944
1.025253296,-8.616577148,0.345108032,-0.20098877,-0.250991821,-0.290267944
-0.046722412,-10.06661987,0.385787964,-0.278549194,-0.360336304,-0.356246948
-1.312530518,-10.33700562,0.976806641,-0.52532959,-0.371337891,-0.232223511
0.841018677,-9.10710144,0.29725647,-0.528396606,-0.699356079,0.175796509
2.896453857,-9.659835815,1.996154785,-0.313369751,-0.84046936,0.310806274
2.901229858,-9.604812622,0.644210815,0.5259552,-1.170333862,0.495300293
2.25038147,-14.08656311,-1.626571655,1.321899414,-1.090927124,-0.042861938
3.322372437,-14.8092041,-3.969146729,2.660308838,-0.530151367,0.193527222
0.120773315,-13.34718323,-4.392684937,2.660308838,-0.530151367,0.193527222
-3.365570068,-9.820159912,-1.222183228,0.664001465,-0.562530518,0.57409668
-2.659683228,-8.578292847,1.122772217,0.166137695,-0.191131592,0.685882568
-0.257293701,-9.576095581,0.799743652,0.350631714,-0.244873047,0.735351563
1.518188477,-9.08795166,-0.961380005,0.514938354,-0.150802612,0.52583313
1.436828613,-8.487365723,-1.849105835,0.268157959,0.336639404,0.12449646
0.070526123,-8.494537354,-0.760375977,-0.115447998,0.336639404,-0.059356689
-1.006240845,-9.729232788,1.606124878,-0.115447998,0.336639404,-0.059356689
-1.233566284,-10.20779419,1.869338989,0.29258728,0.37147522,0.002944946
-1.432174683,-9.387054443,1.235244751,0.227233887,0.447219849,-0.119216919
-1.929870605,-9.559341431,2.357467651,-0.091018677,0.694000244,-0.204742432
-2.688400269,-9.296127319,2.828857422,-0.042755127,0.839385986,-0.186431885
-1.700164795,-9.114273071,3.154281616,0.499069214,0.7605896,-0.209640503
-1.161773682,-9.604812622,2.989181519,0.499069214,0.7605896,-0.209640503
-0.692779541,-10.89453125,0.847595215,0.053756714,0.908416748,-0.503448486
2.72416687,-18.1615448,-1.114517212,-0.33291626,0.653686523,-0.245681763
3.212295532,-9.561737061,-1.368148804,-0.867431641,0.805175781,-0.110671997
2.566238403,-6.539596558,0.481506348,-1.213775635,1.175369263,-0.069747925
1.819671631,-6.350570679,1.548706055,-0.059249878,0.600540161,-0.171768188
2.221664429,-10.80599976,0.608322144,0.112380981,0.356201172,-0.321426392
1.946502686,-11.25106812,-0.154998779,0.112380981,0.356201172,-0.321426392
1.81729126,-9.341598511,0.950485229,-0.499084473,0.50402832,-0.323257446
2.192962646,-8.997024536,0.641815186,-0.312759399,0.357421875,-0.296981812
2.279098511,-9.358352661,0.172821045,-0.33291626,0.210800171,-0.349517822
2.015884399,-9.54498291,0.335540771,-0.33291626,0.210800171,-0.349517822
1.733535767,-9.128631592,0.706420898,-0.291381836,-0.039031982,-0.350738525
1.314788818,-8.85824585,0.431243896,-0.290161133,-0.239379883,-0.37701416
0.812301636,-8.884567261,0.203933716,-0.437988281,-0.32673645,-0.420379639
0.283477783,-8.882171631,0.354675293,-0.538772583,-0.455001831,-0.289047241
0.403121948,-8.743392944,0.670532227,-0.490524292,-0.632171631,0.023712158
2.039810181,-10.54518127,0.75428772,-0.439819336,-0.838027954,0.046310425
3.561645508,-12.5790863,1.034240723,-0.439819336,-0.838027954,0.046310425
0.91998291,-12.82794189,0.397750854,-0.120956421,-0.985855103,-0.231628418
-0.204650879,-12.0239563,-0.915908813,0.221115112,-0.829467773,-0.154037476
1.798141479,-9.789047241,-1.681610107,0.51739502,-0.68409729,0.156265259
1.709609985,-7.121063232,-0.679016113,0.609634399,-0.672470093,0.372512817
0.034637451,-8.075790405,-0.662277222,1.060455322,-0.714630127,0.383499146
-1.322097778,-11.03572083,-1.578720093,1.411697388,-0.681030273,0.365188599
-1.80305481,-11.64109802,-2.112319946,0.496017456,-0.335891724,0.47756958
0.080093384,-10.1072998,-0.657485962,0.496017456,-0.335891724,0.47756958
0.68309021,-9.623947144,0.431243896,0.114837646,0.034881592,0.464141846
0.115982056,-9.674194336,0.337936401,0.229675293,-0.028656006,0.321807861
-0.565963745,-9.466018677,0.383392334,0.224182129,-0.045135498,0.21244812
-1.042144775,-8.836715698,0.376220703,0.147216797,-0.07383728,0.27293396
-0.874633789,-8.480178833,0.474319458,0.147216797,-0.07383728,0.27293396
-0.642532349,-9.126251221,1.173019409,0.185089111,-0.145309448,0.189865112
-1.252700806,-9.052062988,1.371627808,0.391555786,-0.049407959,-0.061813354
-2.083023071,-8.724243164,1.704238892,0.346954346,0.056869507,-0.150985718
-3.61920166,-9.664627075,3.144714355,0.496017456,0.080703735,-0.097854614
-3.391891479,-10.00201416,3.848205566,0.449584961,0.373306274,-0.074630737
-1.683410645,-10.47819519,2.496261597,0.20401001,0.722106934,-0.474136353
-0.312332153,-14.66801453,0.639419556,0.20401001,0.722106934,-0.474136353
2.432235718,-18.49414063,-1.29637146,-0.337203979,0.778305054,-0.752685547
2.72177124,-10.61936951,-0.131057739,-0.985931396,0.793579102,-0.523605347
2.398742676,-6.987060547,0.826065063,-1.065338135,0.844268799,-0.245071411
2.965835571,-9.145385742,0.53414917,-0.291366577,0.406280518,-0.294540405
3.152481079,-10.3561554,0.440826416,-0.120346069,0.103912354,-0.563323975
1.432037354,-9.427734375,0.921783447,-0.120346069,0.103912354,-0.563323975
1.343505859,-8.152359009,0.558074951,-0.455108643,-0.01399231,-0.460083008
1.848388672,-7.989654541,0.098648071,-0.329864502,0.089248657,-0.248733521
2.02784729,-8.135620117,0.699249268,-0.417831421,-0.018264771,-0.255447388
1.415283203,-8.561538696,0.826065063,-0.339035034,-0.183792114,-0.273773193
1.199935913,-8.556747437,0.062759399,-0.384231567,-0.364608765,-0.268280029
0.979797363,-8.961135864,-0.260269165,-0.621246338,-0.508178711,-0.329360962
0.800338745,-9.731628418,0.208724976,-0.621246338,-0.508178711,-0.329360962
0.453369141,-9.755554199,0.861953735,-0.587036133,-0.57963562,-0.125335693
0.372024536,-10.82275391,1.278305054,-0.529006958,-0.812973022,0.111663818
2.417877197,-11.96412659,0.567642212,-0.42149353,-1.17338562,0.105560303
3.525756836,-12.73461914,1.302230835,-0.034210205,-1.57472229,-0.058746338
2.346099854,-10.70550537,1.173019409,0.966369629,-1.533798218,0.128158569
1.288467407,-10.92086792,-2.66506958,1.905883789,-0.946762085,0.22467041
1.039611816,-10.30111694,-3.957183838,1.905883789,-0.946762085,0.22467041
-0.295578003,-10.27958679,-2.179321289,1.086105347,-1.14956665,0.611358643
-1.846130371,-9.899124146,-0.537841797,0.528381348,-0.853912354,0.682815552
-0.647323608,-8.915679932,-0.451705933,0.845428467,-0.62361145,0.632736206
0.372024536,-9.013778687,-0.781906128,1.005477905,-0.441589355,0.599136353
0.216491699,-9.32963562,-1.758178711,0.607788086,0.244400024,0.513626099
-0.769363403,-9.896728516,0.541320801,0.177749634,0.19493103,0.292480469
-0.776535034,-9.56652832,1.498443604,0.283416748,0.262741089,0.064025879
-1.022994995,-9.30809021,1.050994873,0.283416748,0.262741089,0.064025879
-1.752807617,-8.470611572,1.88130188,0.134994507,0.587097168,-0.153442383
-2.858291626,-8.465820313,2.524963379,0.046417236,0.742874146,-0.237731934
-1.494384766,-8.097335815,4.427261353,0.162475586,0.773422241,-0.036758423
-0.489395142,-9.774703979,2.737930298,0.336578369,0.624359131,-0.307983398
-0.132873535,-18.05625916,-0.813018799,-0.098953247,0.565109253,-0.606079102
1.637817383,-16.70671082,-2.473632813,-0.696380615,0.998825073,-0.253005981
2.355667114,-8.4012146,-0.133453369,-0.696380615,0.998825073,-0.253005981
2.889266968,-6.111282349,1.8956604,-0.37322998,1.141769409,-0.41305542
2.980194092,-10.59544373,0.809310913,0.092849731,0.5284729,-0.625015259
1.776611328,-10.85386658,0.199142456,-0.426376343,0.281051636,-0.379455566
1.400939941,-9.298522949,1.469741821,-0.495422363,0.529678345,-0.243835449
1.908218384,-8.453857422,0.558074951,-0.495422363,0.529678345,-0.243835449
1.977600098,-8.018371582,0.242218018,-0.601699829,0.289611816,-0.34463501
1.733535767,-8.374893188,0.98878479,-0.601699829,0.289611816,-0.34463501
1.152084351,-8.556747437,0.780609131,-0.375061035,0.055038452,-0.350738525
1.1353302,-8.925247192,0.141723633,-0.337799072,-0.070785522,-0.385559082
0.869720459,-9.489959717,0.438430786,-0.533889771,-0.209442139,-0.361740112
0.185379028,-9.176498413,1.149093628,-0.604751587,-0.407974243,-0.162597656
0.592163086,-9.963729858,1.117996216,-0.494796753,-0.574142456,0.169692993
2.879699707,-11.67938232,0.692062378,-0.23638916,-0.739074707,0.108627319
1.305221558,-11.28218079,0.885879517,0.262039185,-0.815429688,0.057312012
0.951080322,-10.40640259,-0.920700073,0.262039185,-0.815429688,0.057312012
3.461151123,-11.71289063,-1.626571655,0.744018555,-0.709136963,0.161148071
2.149887085,-11.80859375,-2.66027832,1.684143066,-0.349334717,0.299209595
-0.838745117,-11.5884552,-1.97593689,1.070220947,-0.30291748,0.527053833
-2.506546021,-9.801025391,-1.114517212,0.707366943,-0.212509155,0.619918823
-0.065872192,-8.585464478,0.450393677,0.590698242,-0.216781616,0.715209961
1.271713257,-8.839111328,0.505432129,0.590698242,-0.216781616,0.715209961
0.479690552,-8.587860107,-1.021194458,0.739135742,-0.104385376,0.617462158
-0.709533691,-8.815170288,0.412109375,0.395828247,0.304275513,0.405487061
-0.051513672,-9.54737854,1.65397644,0.067184448,0.197982788,0.187423706
-0.238143921,-9.674194336,1.519989014,0.24067688,0.13873291,0.06463623
-1.884414673,-8.63331604,2.264160156,0.140487671,0.248077393,-0.138168335
-2.961181641,-9.418167114,2.450790405,0.075119019,0.500350952,-0.287826538
-2.482620239,-10.77490234,2.694854736,0.386672974,0.679946899,-0.207794189
-0.549224854,-14.00282288,0.895462036,0.161270142,0.805801392,-0.418548584
2.575805664,-16.35017395,-0.772338867,0.161270142,0.805801392,-0.418548584
2.255172729,-12.41638184,-0.762771606,-0.860092163,1.067245483,-0.929840088
1.673721313,-8.027938843,1.113204956,-1.078170776,0.759979248,-0.692825317
2.795944214,-6.783676147,0.778213501,-0.848480225,0.825958252,-0.257293701
3.468338013,-9.030532837,1.385986328,-0.402557373,0.459442139,-0.139373779
1.776611328,-9.954162598,0.854782104,-0.221130371,0.163162231,-0.384338379
0.864944458,-9.001815796,1.072525024,-0.381790161,0.104522705,-0.293930054
1.348297119,-7.817367554,0.570037842,-0.381790161,0.104522705,-0.293930054
2.015884399,-8.260040283,0.050796509,-0.296875,0.099639893,-0.18397522
2.135528564,-8.992248535,0.115402222,-0.442871094,0.116134644,-0.196792603
1.891464233,-9.32963562,0.75428772,-0.461807251,-0.433624268,-0.231018066
1.853179932,-9.56652832,0.677703857,-0.461807251,-0.433624268,-0.231018066
1.233428955,-10.22454834,0.191970825,-0.637130737,-0.729904175,-0.015380859
1.240615845,-9.659835815,1.120376587,-0.637130737,-0.729904175,-0.015380859
1.307617188,-10.04508972,2.192367554,-0.639572144,-0.97303772,0.330963135
1.551681519,-11.34918213,2.005722046,-0.232131958,-1.070770264,0.217956543
0.482086182,-11.05964661,0.787780762,0.4453125,-0.945541382,-0.048980713
0.91519165,-10.92803955,-0.568954468,0.932769775,-0.585128784,-0.111282349
2.322174072,-9.54737854,-1.889785767,1.450790405,-0.371932983,0.036529541
0.814697266,-10.42076111,-2.296569824,1.450790405,-0.371932983,0.036529541
-2.176330566,-12.43312073,-2.741638184,1.70980835,-0.584518433,0.274765015
-2.408447266,-10.36572266,-2.052505493,0.211959839,0.433166504,0.528274536
-0.025192261,-8.87739563,0.794952393,0.211959839,0.433166504,0.528274536
1.089859009,-8.592636108,1.338134766,0.305419922,0.267623901,0.637619019
0.434234619,-8.793640137,-0.210021973,0.583358765,0.505249023,0.529495239
-0.766967773,-9.245880127,0.505432129,0.395217896,0.489974976,0.380447388
-0.735855103,-9.528244019,1.64440918,0.287704468,0.165603638,0.267440796
-2.068664551,-8.953964233,1.991363525,0.292602539,0.182098389,0.047531128
-3.492385864,-8.049468994,3.082504272,0.171646118,0.478378296,-0.040420532
-4.040344238,-8.65486145,3.678314209,0.171646118,0.478378296,-0.040420532
-2.664474487,-9.334411621,2.390975952,0.251052856,0.721481323,0.014541626
-0.506149292,-13.47879028,1.500839233,0.271820068,0.701339722,-0.121063232
4.915985107,-15.73521423,-1.818008423,-0.390960693,0.797241211,-0.257888794
2.475311279,-10.64089966,-0.994873047,-0.882095337,0.745925903,-0.725814819
0.845794678,-9.389450073,0.890670776,-0.691497803,0.496704102,-0.426483154
2.03024292,-8.590255737,1.795166016,0.018325806,0.264556885,-0.161987305
3.169235229,-11.31567383,0.385787964,-0.186309814,0.117340088,-0.514450073
2.884475708,-11.61717224,0.218292236,-0.186309814,0.117340088,-0.514450073
0.709411621,-9.604812622,1.359664917,-0.186309814,0.117340088,-0.514450073
0.943908691,-7.640304565,1.232849121,-0.521072388,0.029388428,-0.54133606
1.367431641,-7.764724731,0.361862183,-0.418441772,0.138717651,-0.392272949
1.848388672,-8.561538696,0.342712402,-0.537567139,0.137496948,-0.400222778
2.018280029,-8.733825684,0.53414917,-0.542434692,-0.113540649,-0.437469482
1.522964478,-8.41317749,1.036636353,-0.542434692,-0.113540649,-0.437469482
0.618484497,-8.882171631,0.950485229,-0.616973877,-0.112319946,-0.458251953
0.362442017,-9.241104126,0.823669434,-0.563827515,-0.105606079,-0.40083313
-0.027587891,-9.827346802,1.151489258,-0.566268921,-0.324905396,-0.312255859
-0.065872192,-9.863235474,1.395553589,-0.480743408,-0.449523926,-0.05569458
1.321975708,-11.18167114,0.723175049,-0.352478027,-0.511825562,0.229568481
1.838821411,-11.985672,0.675323486,-0.286499023,-0.59552002,-0.009902954
1.716781616,-10.91847229,0.979202271,-0.286499023,-0.59552002,-0.009902954
1.958465576,-10.37528992,-0.245925903,0.20401001,-0.564361572,0.018203735
3.339126587,-9.623947144,-1.648117065,0.885757446,-0.317581177,0.051818848
2.054168701,-10.95196533,-3.33744812,1.674972534,-0.313903809,0.384109497
-0.154403687,-12.45466614,-2.562164307,1.108093262,-0.613235474,0.572265625
-1.116317749,-10.66722107,-1.021194458,1.108093262,-0.613235474,0.572265625
-0.486999512,-9.217163086,0.412109375,0.508224487,-0.434249878,0.605865479
0.953475952,-9.509094238,-0.475631714,0.7421875,-0.384765625,0.761627197
0.766830444,-9.358352661,-1.315505981,0.79901123,-0.179519653,0.724365234
0.199737549,-9.32723999,-0.372741699,0.323135376,0.017776489,0.517288208
-0.21182251,-9.07598877,0.883499146,0.114227295,-0.093994141,0.247299194
-0.573150635,-8.944381714,1.378814697,0.247390747,0.179046631,0.015167236
-1.482421875,-8.551971436,2.032043457,0.247390747,0.179046631,0.015167236
-2.544830322,-8.173904419,2.754684448,0.132553101,0.326873779,-0.243850708
-3.119110107,-8.099716187,2.680496216,-0.064147949,0.5962677,-0.273162842
-0.970352173,-11.21517944,2.457977295,0.368331909,0.716598511,-0.1118927
1.511001587,-17.43412781,-0.647918701,-0.00428772,0.639022827,-0.113113403
1.458358765,-12.07659912,-0.925476074,-0.883911133,0.940170288,-0.293930054
1.920181274,-10.02354431,0.861953735,-1.017700195,1.048294067,-0.117996216
3.494659424,-9.078384399,1.407516479,-1.017700195,1.048294067,-0.117996216
2.867736816,-10.90171814,0.998352051,-0.311538696,0.897415161,-0.226745605
1.647399902,-10.41836548,0.773422241,-0.100784302,0.382461548,-0.490005493
1.403320313,-9.064025879,0.936141968,-0.299926758,0.290222168,-0.409378052
2.240814209,-8.676391602,0.51260376,-0.412338257,0.3152771,-0.315933228
2.125961304,-8.583068848,0.383392334,-0.707366943,0.038543701,-0.380050659
1.865142822,-8.441894531,0.567642212,-0.653610229,-0.310852051,-0.418548584
0.965438843,-8.281570435,1.163452148,-0.446548462,-0.463562012,-0.413665771
0.355270386,-8.18347168,0.706420898,-0.446548462,-0.463562012,-0.413665771
-0.510925293,-8.953964233,0.859558105,-0.535720825,-0.57963562,-0.30859375
-0.142440796,-9.432525635,1.084487915,-0.585205078,-0.614456177,0.253997803
2.259963989,-10.92564392,2.33833313,-0.467926025,-0.611404419,0.396942139
2.145095825,-12.93322754,2.55368042,0.595581055,-0.155700684,-0.20413208
0.388763428,-11.20561218,-0.61920166,0.595581055,-0.155700684,-0.20413208
3.884689331,-10.66722107,-1.643325806,0.949890137,-0.440963745,-0.1118927
2.848587036,-11.24150085,-2.992874146,1.155136108,-0.541152954,0.18069458
-1.647521973,-11.87559509,-2.296569824,0.562591553,-0.761672974,0.502624512
-3.162185669,-11.02375793,-2.102752686,0.562591553,-0.761672974,0.502624512
-0.977539063,-9.585662842,-0.784301758,0.241287231,-0.364608765,0.632125854
1.001327515,-9.159744263,-0.305740356,0.241287231,-0.364608765,0.632125854
1.491867065,-8.994644165,-0.863265991,0.343292236,0.017181396,0.443374634
-0.21421814,-8.846282959,-0.406234741,0.371398926,0.222427368,0.268051147
-0.802856445,-9.420562744,0.689682007,0.410476685,-0.067733765,0.265609741
-0.824386597,-9.755554199,1.096450806,0.410476685,-0.067733765,0.265609741
-1.264678955,-9.719665527,0.993560791,0.384841919,0.040985107,0.170303345
-1.886810303,-9.351165771,1.558273315,0.204620361,0.176605225,-0.020889282
-2.305541992,-9.236312866,2.357467651,0.089172363,0.353149414,-0.122879028
-2.410827637,-8.810394287,2.414901733,0.153320313,0.544342041,-0.102111816
-1.970550537,-8.64289856,2.647003174,0.283432007,0.60848999,-0.183990479
-1.506347656,-8.843887329,2.745117188,0.341461182,0.577331543,-0.471084595
-0.300369263,-12.13641357,1.280700684,0.025650024,0.679351807,-0.659835815
2.480102539,-17.42454529,-0.152603149,-0.414764404,0.665908813,-0.358673096
1.319580078,-8.925247192,0.034042358,-0.932174683,0.758758545,-0.267059326
1.470321655,-7.396224976,1.302230835,-0.607208252,0.634140015,-0.127166748
2.458557129,-9.635910034,1.106033325,-0.084915161,0.618255615,-0.185806274
2.731338501,-11.3467865,0.180007935,-0.084915161,0.618255615,-0.185806274
2.03263855,-10.46621704,1.323776245,-0.386672974,0.397735596,-0.38923645
1.668930054,-9.446884155,1.716201782,-0.433105469,0.32321167,-0.359909058
2.085281372,-9.198028564,0.0675354,-0.30909729,0.320144653,-0.280487061
2.190567017,-9.31288147,0.467147827,-0.471588135,0.053207397,-0.377624512
1.786178589,-9.035308838,0.720779419,-0.51373291,-0.191726685,-0.389221191
1.606719971,-8.908493042,0.136932373,-0.582763672,-0.373153687,-0.414276123
1.601928711,-8.779281616,0.153686523,-0.695159912,-0.537490845,-0.455200195
0.613693237,-9.052062988,0.718383789,-0.695159912,-0.537490845,-0.455200195
-0.111328125,-9.358352661,1.101242065,-0.720825195,-0.637664795,-0.351348877
-0.302749634,-9.401412964,1.455383301,-0.546722412,-0.801376343,-0.017822266
0.872116089,-10.75097656,1.570236206,-0.392181396,-1.009078979,0.2368927
1.8125,-12.78009033,1.067733765,-0.161254883,-0.967529297,0.101287842
1.044403076,-12.35894775,-0.789093018,0.355514526,-0.822753906,-0.037368774
2.891662598,-9.31288147,-2.310928345,1.146575928,-0.31880188,0.146499634
1.173614502,-9.757949829,-2.148208618,1.246765137,-0.66758728,0.552719116
-0.996673584,-11.45924377,-1.980712891,1.172851563,-0.731735229,0.616851807
-2.171554565,-10.28436279,-1.51411438,1.172851563,-0.731735229,0.616851807
-0.747817993,-9.241104126,0.005325317,0.552825928,-0.250991821,0.54598999
0.247589111,-9.253067017,0.146499634,0.369567871,-0.148971558,0.62663269
0.618484497,-9.152557373,-0.872833252,0.471572876,0.008621216,0.554550171
0.125564575,-9.442092896,-0.588088989,0.26449585,0.299377441,0.349899292
-0.360183716,-9.638305664,0.383392334,0.238220215,0.104522705,0.206344604
-0.458297729,-9.358352661,0.653778076,0.238220215,0.104522705,0.206344604
-0.743041992,-9.604812622,0.555679321,0.362228394,0.121612549,0.170928955
-1.276641846,-9.640701294,0.902633667,0.322525024,0.266403198,0.054855347
-2.013626099,-9.509094238,1.902832031,0.103225708,0.285339355,-0.070968628
-2.753005981,-8.915679932,2.960464478,0.132537842,0.364746094,-0.039825439
-2.47543335,-8.793640137,3.204528809,0.521057129,0.440490723,0.013946533
-1.793487549,-8.85585022,2.737930298,0.467300415,0.477767944,-0.235900879
-1.161773682,-11.63632202,1.704238892,0.149642944,0.580383301,-0.541946411
0.929550171,-17.36473083,-0.664657593,0.149642944,0.580383301,-0.541946411
1.963241577,-14.08895874,-0.925476074,-0.240066528,0.661026001,-0.504074097
1.324356079,-8.85585022,0.541320801,-0.875366211,1.039749146,-0.248733521
1.802932739,-7.496734619,1.295059204,-0.934616089,1.386108398,-0.07585144
3.18119812,-10.32743835,1.055770874,-0.065368652,1.031204224,-0.289047241
3.121368408,-10.62893677,0.30921936,-0.188751221,0.764251709,-0.560272217
2.216888428,-9.860839844,1.012710571,-0.438583374,0.406280518,-0.406936646
2.161849976,-8.776885986,1.651596069,-0.325592041,0.374526978,-0.291488647
2.073318481,-8.724243164,0.369033813,-0.325592041,0.374526978,-0.291488647
2.451385498,-9.209991455,-0.303344727,-0.565048218,0.215698242,-0.367843628
2.319778442,-8.468215942,0.761459351,-0.552825928,-0.07749939,-0.440536499
1.5756073,-8.142791748,0.651382446,-0.445922852,-0.307800293,-0.492462158
1.018081665,-8.841491699,-0.016204834,-0.4453125,-0.491653442,-0.507736206
0.647186279,-9.911087036,0.07232666,-0.4453125,-0.491653442,-0.507736206
0.159057617,-9.870407104,0.861953735,-0.51739502,-0.601013184,-0.36479187
0.211700439,-9.274597168,1.259170532,-0.624908447,-0.706085205,-0.012329102
1.183181763,-10.61457825,1.055770874,-0.549163818,-0.871017456,0.162979126
