-5.397079468,-10.79164124,-6.000656128,0.398269653,1.283477783,0.685256958
-3.920700073,-8.068618774,-4.459686279,1.90953064,1.083114624,1.279022217
-3.384719849,-7.07081604,-4.952606201,1.236373901,-0.165466309,0.359069824
-4.360977173,-6.59942627,-4.696563721,0.178359985,0.043441772,-0.068511963
-5.698577881,-6.738204956,-4.086395264,-0.344528198,0.335418701,-0.105178833
-7.390304565,-8.719467163,-4.040939331,-0.533889771,0.55166626,0.06829834
-8.215820313,-9.296127319,-3.000061035,-0.533889771,0.55166626,0.06829834
-6.959594727,-7.592437744,-1.334655762,-0.568099976,0.285339355,0.157485962
-5.913925171,-6.766921997,-1.449508667,0.025650024,0.309768677,0.274765015
-6.550415039,-7.934616089,-1.782104492,0.836868286,1.307922363,0.984603882
-7.598480225,-7.535018921,-2.097961426,0.218688965,1.12588501,0.748794556
-8.373748779,-5.967712402,-0.073638916,-0.417831421,0.881546021,0.664489746
-8.806854248,-6.049072266,0.869140625,-0.417831421,0.881546021,0.664489746
-7.993286133,-6.166320801,1.106033325,-0.669494629,0.117965698,1.063995361
-6.914123535,-6.15435791,0.866744995,-0.321304321,-0.540527344,1.412185669
-6.464279175,-6.039505005,0.203933716,0.493560791,-0.39515686,1.415863037
-6.935668945,-6.570709229,-0.927871704,1.094650269,0.202270508,1.276580811
-7.320907593,-6.970306396,-1.50932312,1.211929321,0.329315186,0.946716309
-7.246734619,-6.778884888,-1.822784424,0.906494141,-0.154464722,0.553314209
-7.483612061,-7.113876343,-2.435348511,0.565643311,0.081298828,0.018218994
-7.799468994,-8.262435913,-3.409225464,0.048858643,-0.064056396,-1.229171753
-7.627182007,-9.791442871,-4.000259399,0.048858643,-0.064056396,-1.229171753
-7.445327759,-9.274597168,-2.997665405,-0.080627441,-0.916824341,-1.50038147
-6.059890747,-8.563934326,-4.785110474,1.092208862,-0.473342896,-0.951828003
-5.267868042,-7.733627319,-5.751800537,2.515518188,1.089233398,-0.111282349
-5.815826416,-6.534820557,-5.100952148,1.930297852,1.386108398,-0.162597656
-5.911529541,-6.041900635,-3.950012207,-1.233947754,0.271896362,0.100067139
-5.574142456,-6.647277832,-2.557388306,-2.453231812,-0.254653931,0.556991577
-5.382720947,-7.444091797,-1.042724609,-3.004211426,-0.434249878,0.439712524
-4.451904297,-8.176300049,-0.430160522,-3.004211426,-0.434249878,0.439712524
-3.451705933,-7.948974609,-0.308135986,-2.478881836,-0.368270874,-0.102722168
-3.528274536,-6.967910767,-0.731658936,-1.28036499,-0.545425415,-0.441146851
-4.865875244,-6.927246094,-3.229766846,-0.238235474,0.552886963,-0.839431763
-5.22479248,-6.518066406,-5.13684082,-0.497238159,0.334197998,-0.990921021
-6.160385132,-6.38885498,-6.239944458,-0.417831421,-0.134918213,-1.292694092
-7.064880371,-8.202606201,-8.135055542,1.01890564,0.033660889,-1.056900024
-9.414627075,-9.523452759,-9.944030762,1.53692627,1.730636597,-0.336074829
-8.691986084,-6.865020752,-6.677825928,0.758666992,2.27796936,0.178253174
-7.162979126,-4.606201172,-4.021789551,0.766021729,1.499725342,0.390823364
-6.507339478,-5.886367798,-3.210632324,0.766021729,1.499725342,0.390823364
-7.01940918,-6.601821899,-2.303741455,0.674377441,1.298141479,0.36151123
-7.519515991,-6.494140625,-1.320297241,0.71836853,1.475296021,0.125717163
-8.407241821,-6.922454834,-0.633560181,0.54977417,1.565704346,0.029190063
-7.952606201,-7.554153442,-0.504348755,0.315200806,1.298141479,0.199020386
-6.335067749,-6.958343506,-1.829971313,0.553421021,0.945053101,0.356613159
-5.806243896,-6.341003418,-2.169754028,0.335968018,0.321990967,0.013305664
-4.98789978,-7.27180481,-1.045120239,-0.954162598,-0.440338135,-0.239547729
-4.033172607,-8.456253052,-1.638534546,-1.314575195,-1.168502808,0.08052063
-3.434967041,-9.920654297,-1.712722778,-1.485610962,-1.194152832,-0.066070557
-3.090393066,-10.1072998,-2.559783936,-0.864974976,-0.863067627,-0.003768921
-3.817810059,-10.50450134,-4.749206543,-0.125839233,-0.127593994,-0.085632324
-4.377731323,-11.55256653,-4.70135498,-0.305419922,-2.497741699,-1.204727173
-4.497375488,-10.41357422,-5.057891846,-0.305419922,-2.497741699,-1.204727173
-3.779525757,-7.913085938,-6.070053101,1.988952637,-3.444564819,-1.232818604
-4.033172607,-7.72164917,-8.034561157,1.988952637,-3.444564819,-1.232818604
-5.557388306,-7.460845947,-7.304748535,2.768417358,-2.261947632,-0.953063965
-5.404251099,-7.089950562,-4.804244995,1.258377075,-1.222244263,-0.483917236
-4.286804199,-7.448867798,-2.289382935,-0.585205078,-0.649261475,0.026748657
-3.748428345,-7.365127563,-1.444717407,-1.395217896,0.037322998,0.246673584
-3.068862915,-7.915481567,-0.267456055,-1.496612549,0.616409302,0.170928955
-4.09777832,-8.343795776,0.347503662,-0.731796265,1.094116211,0.30897522
-4.712722778,-8.085357666,0.06036377,0.258987427,0.956054688,0.304092407
-4.31072998,-7.27897644,-0.781906128,0.258987427,0.956054688,0.304092407
-4.911331177,-7.604400635,-1.119293213,0.686599731,0.574874878,-0.150375366
-5.739242554,-8.382080078,-2.502349854,0.816101074,0.429489136,-0.606079102
-6.643737793,-8.707504272,-3.784896851,0.816101074,0.429489136,-0.606079102
-8.050720215,-9.343994141,-5.969543457,0.820983887,-0.020080566,-0.459472656
-9.160980225,-11.41616821,-8.53465271,0.452026367,-1.118408203,0.726791382
-7.823394775,-7.731231689,-5.541229248,0.452026367,-1.118408203,0.726791382
-7.227584839,-7.50630188,-3.191482544,-0.643844604,-0.324295044,1.596664429
-7.012237549,-9.140594482,-1.679214478,-1.81791687,0.677505493,2.046264648
-7.299377441,-9.468414307,-0.36315918,-1.857009888,1.155212402,1.804367065
-7.289794922,-8.89175415,0.541320801,-1.174057007,1.161300659,1.72984314
-6.275238037,-7.953765869,0.737533569,-0.188140869,0.68850708,1.808029175
-4.657699585,-6.515670776,0.225463867,0.443466187,0.364746094,1.553909302
-3.801071167,-5.711685181,-0.296173096,0.533889771,0.513793945,1.109207153
-3.86328125,-5.898330688,-0.894378662,0.425140381,0.566329956,0.5496521
-4.346633911,-6.405609131,-1.042724609,0.342071533,0.234008789,-0.187011719
-5.064468384,-7.585266113,-0.884796143,0.356735229,0.22303772,-0.791778564
-6.012039185,-10.3441925,-1.506942749,0.356735229,0.22303772,-0.791778564
-6.284820557,-11.19125366,-2.770339966,2.007278442,0.631088257,-1.363555908
-5.602859497,-9.829727173,-5.347412109,1.843566895,0.667739868,-1.052017212
-5.916320801,-10.36811829,-6.428970337,0.527770996,-0.826416016,-1.844909668
-6.277633667,-9.556945801,-5.239746094,0.527770996,-0.826416016,-1.844909668
-6.320709229,-8.85345459,-4.69178772,0.269989014,-1.691390991,-1.951187134
-6.189102173,-6.934417725,-4.974136353,0.237014771,-0.943695068,-1.667755127
-6.985916138,-5.45803833,-4.603256226,-0.503341675,-0.564971924,-1.071563721
-7.074447632,-5.336013794,-3.634155273,-0.503341675,-0.564971924,-1.071563721
-6.234558105,-6.166320801,-2.571746826,-1.574798584,-0.997467041,0.181900024
-5.856491089,-7.30291748,-1.435150146,-1.447753906,-0.909484863,0.233230591
-5.677032471,-8.042297363,-0.875228882,-1.062896729,-0.419570923,0.100067139
-5.598068237,-7.937011719,-0.937438965,-1.062896729,-0.419570923,0.100067139
-5.114730835,-7.74079895,-2.846923828,-1.062896729,-0.419570923,0.100067139
-4.794082642,-7.642700195,-4.46685791,0.331069946,0.91696167,0.313247681
-4.628982544,-7.946578979,-5.416809082,0.637115479,0.683013916,0.358459473
-4.191101074,-7.611587524,-5.892974854,0.719589233,0.450881958,0.374938965
-3.920700073,-7.183273315,-6.294967651,0.707992554,0.268844604,0.325469971
-4.164779663,-6.202209473,-5.555587769,0.354904175,0.003738403,0.148925781
-4.887405396,-5.838500977,-3.981109619,0.133163452,-0.029251099,0.178237915
-6.368560791,-7.96572876,-3.923690796,0.237625122,0.440505981,0.516067505
-7.316116333,-9.671813965,-4.131866455,0.237625122,0.440505981,0.516067505
-7.940643311,-8.922851563,-3.423583984,0.109344482,0.676895142,0.207565308
-8.074645996,-7.803009033,-2.753601074,0.386062622,0.80090332,0.565551758
-7.806655884,-7.558944702,-3.244125366,0.253494263,1.001876831,1.275360107
-7.49079895,-7.676193237,-3.490585327,0.253494263,1.001876831,1.275360107
-7.553009033,-8.226547241,-2.868453979,-0.381790161,1.048309326,1.520324707
-7.655899048,-8.535217285,-1.691177368,-0.763580322,0.962783813,1.690139771
-7.03616333,-8.733825684,-1.033157349,-0.729980469,0.678131104,1.895996094
-5.957000732,-8.169113159,-0.62159729,-0.435531616,0.422164917,1.870330811
-5.21043396,-7.295730591,-1.085800171,0.035430908,0.418502808,1.743896484
-4.961578369,-6.941589355,-1.454299927,0.171035767,0.402008057,1.479995728
-4.794082642,-6.735809326,-1.50932312,0.307861328,0.208358765,1.086608887
-4.54045105,-6.573104858,-1.521286011,0.434921265,0.061141968,0.690155029
-4.51651001,-6.530029297,-1.581115723,0.434921265,0.061141968,0.690155029
-4.576339722,-6.553955078,-1.95199585,0.58152771,-0.100112915,0.185592651
-4.782119751,-6.843490601,-2.554992676,0.665817261,-0.315750122,-0.346466064
-5.368362427,-7.97769165,-3.023986816,0.669494629,-0.38722229,-0.885253906
-6.275238037,-8.595031738,-3.603042603,0.884521484,-0.304748535,-1.381271362
-6.763381958,-8.669219971,-4.442932129,0.944381714,-0.169754028,-1.527877808
-6.942840576,-8.683563232,-5.15838623,0.62612915,-0.296813965,-1.59262085
-7.287399292,-8.276794434,-5.110534668,0.164321899,-0.74822998,-1.723953247
-7.062484741,-7.223953247,-4.641540527,0.164321899,-0.74822998,-1.723953247
-6.11730957,-6.226135254,-4.490783691,-0.042144775,-0.988311768,-1.464950562
-6.095779419,-7.042098999,-4.574539185,-0.11239624,-0.731735229,-1.166244507
-6.825592041,-7.879577637,-4.440536499,-0.166778564,-0.108657837,-1.050186157
-7.71333313,-8.147583008,-4.268249512,-0.166778564,-0.108657837,-1.050186157
-8.203857422,-7.834121704,-3.961975098,-0.134384155,0.136276245,-0.816833496
-7.591293335,-7.027740479,-3.722686768,-0.130722046,-0.236328125,-0.464981079
-6.775344849,-6.551559448,-3.660476685,-0.099563599,-0.423858643,-0.058761597
-6.033569336,-6.214172363,-3.5599823,-0.07208252,-0.152633667,0.296768188
-5.21282959,-5.876785278,-3.347015381,-0.010986328,0.15461731,0.512390137
-4.741439819,-5.749969482,-3.047912598,-0.010986328,0.15461731,0.512390137
-4.75100708,-6.056243896,-2.784698486,0.155136108,0.51991272,0.486129761
-4.956802368,-6.37449646,-2.681808472,0.362228394,0.559005737,0.422592163
-5.121902466,-6.458251953,-2.724884033,0.59375,0.50769043,0.406723022
-5.401855469,-6.82673645,-2.904342651,0.59375,0.50769043,0.406723022
-6.057495117,-7.587661743,-3.026382446,0.733642578,0.432556152,0.349914551
-6.918914795,-8.41078186,-3.356582642,0.88269043,0.430709839,0.352340698
-8.074645996,-10.43032837,-4.383102417,0.766616821,0.417282104,0.501403809
-8.536453247,-11.76553345,-4.696563721,0.81060791,0.376968384,0.488571167
-7.141448975,-8.406005859,-3.909332275,0.81060791,0.376968384,0.488571167
-6.067062378,-6.341003418,-3.579116821,0.916290283,0.905975342,0.798278809
-5.700958252,-6.448669434,-3.447509766,0.323745728,1.588302612,1.23626709
-6.079025269,-7.015777588,-2.746414185,-0.366516113,1.537002563,0.998031616
-6.851913452,-7.630722046,-1.858688354,-0.663391113,1.197952271,0.807449341
-7.397476196,-7.913085938,-1.2915802,-0.663391113,1.197952271,0.807449341
-7.445327759,-7.50151062,-0.817810059,-0.72203064,0.761810303,0.813552856
-7.115127563,-7.468017578,-0.647918701,-0.655456543,0.325042725,0.900283813
-6.440353394,-7.427337646,-0.712524414,-0.525344849,0.247467041,1.00352478
-6.179534912,-7.338806152,-0.545028687,-0.345748901,0.31098938,0.860595703
-6.174743652,-7.135421753,-0.485198975,-0.025054932,0.354354858,0.729858398
-6.483413696,-7.015777588,-0.894378662,-0.025054932,0.354354858,0.729858398
-6.35899353,-6.685562134,-1.394470215,0.270614624,0.354370117,0.612579346
-6.016815186,-6.59463501,-1.880218506,0.345733643,0.049545288,0.543548584
-5.66506958,-6.994232178,-2.358779907,0.27671814,-0.43119812,0.295547485
-5.528686523,-7.429733276,-2.801452637,0.22845459,-0.723800659,-0.13571167
-5.377929688,-7.812576294,-3.483413696,0.3646698,-0.809326172,-0.578582764
-5.220001221,-7.704910278,-4.127075195,0.365890503,-0.740905762,-1.013534546
-5.605255127,-8.327041626,-4.636749268,0.365890503,-0.740905762,-1.013534546
-6.524093628,-9.856048584,-4.995666504,0.120330811,-0.969970703,-1.603622437
-6.933273315,-9.466018677,-5.610626221,0.532653809,-1.284561157,-1.951812744
-5.708145142,-6.809997559,-6.017410278,0.9871521,-0.794662476,-1.70135498
-4.916122437,-4.811981201,-5.840332031,0.331085205,0.077651978,-1.468002319
-6.016815186,-5.400619507,-4.837738037,-0.728759766,0.521133423,-1.403869629
-7.452514648,-6.431930542,-4.103149414,-1.558914185,0.161941528,-1.13571167
-8.682418823,-7.819763184,-2.66267395,-1.558914185,0.161941528,-1.13571167
-8.505355835,-8.154754639,-1.75100708,-1.940093994,-0.544815063,-0.703216553
-7.567367554,-7.934616089,-1.262863159,-1.800201416,-1.050003052,-0.240783691
-6.291992188,-7.166519165,-1.025985718,-1.114822388,-1.147125244,0.093338013
-5.365966797,-6.673599243,-1.317901611,-1.114822388,-1.147125244,0.093338013
-4.734268188,-6.350570679,-1.997467041,-0.438598633,-0.574752808,0.306533813
-4.246124268,-5.848083496,-2.937850952,-0.039703369,-0.233276367,0.255828857
-4.157592773,-5.757156372,-3.026382446,-0.039703369,-0.233276367,0.255828857
-4.073852539,-6.120864868,-3.155593872,0.321304321,-0.470291138,-0.123504639
-4.057098389,-6.805206299,-3.756195068,0.321304321,-0.470291138,-0.123504639
-4.593093872,-7.798233032,-4.593673706,0.783737183,-0.097671509,-0.2762146
-5.736862183,-8.760147095,-5.591491699,1.167953491,0.19493103,-0.477203369
-8.376144409,-12.04788208,-6.7472229,1.036010742,0.457595825,-0.61769104
-8.289993286,-8.987457275,-5.950408936,0.989578247,0.373291016,-0.531555176
-6.971557617,-5.967712402,-5.031570435,0.761734009,0.351913452,0.050598145
-5.454498291,-5.498718262,-4.500350952,0.183258057,0.631088257,0.746353149
-5.66746521,-7.020553589,-3.258483887,-0.476470947,0.775253296,0.696273804
-6.57673645,-7.989654541,-2.093170166,-0.726913452,1.042800903,0.419540405
-7.313720703,-7.992050171,-1.375335693,-0.554046631,1.067855835,0.407318115
-7.758789063,-7.659439087,-1.100158691,-0.437988281,0.722717285,0.575317383
-7.876037598,-7.389053345,-1.069046021,-0.328033447,0.406890869,0.963821411
-7.148620605,-7.357940674,-1.246124268,-0.328033447,0.406890869,0.963821411
-6.672454834,-7.5206604,-1.337051392,-0.293212891,0.357421875,1.192901611
-6.492996216,-7.611587524,-1.195861816,-0.282211304,0.391616821,1.257034302
-6.213027954,-7.558944702,-1.29397583,-0.149658203,0.269454956,1.220993042
-5.629180908,-7.396224976,-1.636154175,-0.016494751,-0.061019897,1.036514282
-5.205657959,-7.417770386,-2.097961426,-0.016494751,-0.061019897,1.036514282
-4.858688354,-8.073394775,-2.966552734,0.055587769,-0.199066162,0.782394409
-4.695983887,-8.121261597,-3.622192383,0.142318726,-0.274810791,0.304702759
-4.612228394,-8.312683105,-4.375930786,0.197311401,-0.146530151,-0.053863525
-4.729476929,-8.41796875,-5.010025024,0.231506348,-0.284576416,-0.514450073
-5.301361084,-9.410995483,-5.790084839,-0.135604858,-0.554595947,-1.023300171
-5.909133911,-10.13122559,-6.012619019,-0.135604858,-0.554595947,-1.023300171
-5.90675354,-8.676391602,-5.246917725,-0.371398926,-1.054885864,-1.522369385
-5.026184082,-6.474990845,-4.426177979,-0.27305603,-1.159332275,-1.450286865
-4.956802368,-6.419967651,-4.076828003,-0.189361572,-0.617507935,-0.97076416
-5.124298096,-6.809997559,-4.024185181,-0.499694824,-0.148971558,-0.6537323
-5.624389648,-7.616378784,-3.598266602,-1.230270386,-0.354232788,-0.750854492
-5.988098145,-8.109298706,-2.138641357,-1.592514038,-1.022506714,-0.95854187
-5.619613647,-7.470413208,-0.951797485,-1.159423828,-1.459274292,-1.009246826
-5.148223877,-6.582672119,-0.446914673,-1.159423828,-1.459274292,-1.009246826
-4.564376831,-6.027542114,-0.870437622,-1.159423828,-1.459274292,-1.009246826
-4.200668335,-5.69732666,-2.009429932,-0.473419189,-1.227157593,-0.88218689
-4.174346924,-5.730834961,-2.873245239,0.311538696,-0.535049438,-1.176635742
-4.353805542,-6.577880859,-3.425979614,0.511886597,0.016571045,-1.386154175
-4.77015686,-8.272003174,-4.031356812,0.511886597,0.016571045,-1.386154175
-6.205856323,-8.19303894,-6.991287231,1.227813721,2.764221191,-0.796051025
-6.705947876,-6.61138916,-7.347808838,1.295623779,2.119140625,-0.451538086
-6.330276489,-7.834121704,-7.670852661,0.714706421,0.105117798,-0.532165527
-7.196472168,-10.24847412,-8.75239563,0.301757813,-0.203948975,-0.266448975
-7.167770386,-9.193237305,-7.979522705,-0.026275635,-0.481292725,-0.212677002
-6.950012207,-7.886764526,-6.792678833,-0.304199219,-0.216171265,0.243621826
-6.464279175,-7.006195068,-5.412017822,-0.304199219,-0.216171265,0.243621826
-5.992889404,-6.82434082,-4.476425171,-0.518630981,0.582809448,1.00718689
-6.067062378,-7.025344849,-3.837539673,-0.518630981,0.582809448,1.00718689
-6.682022095,-7.604400635,-3.193878174,-0.788619995,1.372665405,1.573455811
-7.105545044,-8.283966064,-2.755996704,-0.788619995,1.372665405,1.573455811
-7.517120361,-8.800827026,-2.514312744,-0.89491272,1.389160156,1.695037842
-7.586502075,-8.894134521,-2.543029785,-0.725097656,1.219955444,1.797653198
-7.47164917,-8.956359863,-2.612426758,-0.721420288,1.199798584,1.983352661
-7.323303223,-8.982681274,-2.485595703,-0.776412964,1.073959351,2.063369751
-7.01940918,-8.860641479,-2.294174194,-0.776412964,1.073959351,2.063369751
-6.478637695,-8.590255737,-2.497558594,-0.73425293,0.643310547,2.079879761
-5.66986084,-8.298324585,-2.363571167,-0.73425293,0.643310547,2.079879761
-4.593093872,-8.008789063,-1.856292725,-0.535110474,-1.186828613,1.355377197
-3.920700073,-7.793441772,-1.573928833,-0.535110474,-1.186828613,1.355377197
-3.269851685,-7.580474854,-1.631362915,-0.146606445,-1.343215942,0.974212646
-2.480224609,-7.396224976,-2.20803833,0.282211304,-1.070770264,0.4818573
-2.501754761,-7.72644043,-3.09576416,0.621841431,-0.661483765,-0.239562988
-3.289001465,-9.889556885,-4.756393433,0.99508667,-0.407989502,-0.907241821
-3.949417114,-11.60520935,-6.067657471,1.324951172,-0.265640259,-1.543762207
-4.327484131,-11.79663086,-6.869247437,1.324951172,-0.265640259,-1.543762207
-4.97833252,-9.858444214,-6.412216187,0.668884277,-0.930267334,-2.90536499
-5.739242554,-8.805603027,-5.536453247,0.668884277,-0.930267334,-2.90536499
-6.210632324,-8.487365723,-4.672637939,-0.150283813,-1.309616089,-2.95362854
-6.406845093,-8.169113159,-3.701156616,-0.952941895,-1.178894043,-2.514419556
-7.072052002,-8.291152954,-2.456893921,-2.158172607,-1.497146606,-2.033050537
-7.143844604,-7.877182007,-1.638534546,-2.158172607,-1.497146606,-2.033050537
-6.641342163,-7.05166626,-1.315505981,-2.188720703,-1.831298828,-1.59262085
-5.765563965,-6.355361938,-1.152801514,-1.957214355,-2.081130981,-1.345840454
-5.334869385,-5.812179565,-1.164764404,-1.612670898,-1.749435425,-1.189453125
-5.162582397,-5.678192139,-2.19367981,-1.149642944,-1.051834106,-1.128967285
-4.640945435,-6.199813843,-3.11491394,-0.577270508,-0.443405151,-1.252365112
-5.040542603,-6.262039185,-3.390090942,0.191802979,0.547393799,-1.575531006
-6.268066406,-6.429534912,-4.318496704,0.191802979,0.547393799,-1.575531006
-6.744232178,-6.886566162,-6.318908691,1.109924316,1.445968628,-1.210845947
-7.651123047,-7.532623291,-8.764373779,2.03477478,1.549819946,-0.526062012
-9.29977417,-8.958740234,-10.39147949,1.375045776,0.702560425,0.728027344
-9.75201416,-8.961135864,-9.821990967,1.375045776,0.702560425,0.728027344
-8.455108643,-7.834121704,-8.673446655,0.983474731,0.866271973,1.823928833
-7.134262085,-7.640304565,-7.386108398,0.983474731,0.866271973,1.823928833
-6.619812012,-8.561538696,-6.309326172,0.632232666,1.375732422,2.808639526
-6.234558105,-9.652664185,-5.330673218,0.127655029,2.385482788,3.645507813
-6.737060547,-10.44468689,-4.282608032,-0.560150146,2.558364868,3.531890869
-6.940444946,-10.83232117,-3.33026123,-0.560150146,2.558364868,3.531890869
-6.770553589,-10.49732971,-2.610031128,-0.960266113,2.065383911,3.029754639
-6.390090942,-9.686157227,-2.4425354,-1.050674438,1.533325195,2.558776855
-6.069458008,-9.229141235,-2.090789795,-1.142929077,1.00553894,2.095748901
-5.90196228,-9.07598877,-1.51890564,-1.103210449,0.877258301,1.894180298
-5.868469238,-8.697921753,-1.29397583,-0.849090576,0.984161377,1.750015259
-5.746429443,-8.135620117,-1.258087158,-0.761749268,0.774032593,1.510559082
-5.488006592,-7.862838745,-1.231765747,-0.761749268,0.774032593,1.510559082
-4.980728149,-7.678588867,-1.418395996,-0.609634399,0.320159912,1.269866943
-4.279632568,-7.221557617,-1.691177368,-0.379348755,-0.228378296,0.930221558
-3.344039917,-6.757354736,-2.18649292,-0.106292725,-0.772659302,0.488571167
-2.760192871,-7.06362915,-2.806243896,0.164321899,-1.120254517,-0.066696167
-2.987503052,-7.72164917,-4.986099243,0.388504028,-1.007843018,-0.485122681
-3.738845825,-8.949172974,-5.732666016,-0.026885986,-0.798324585,-0.750854492
-4.662475586,-7.623550415,-5.737442017,-0.179595947,-1.436676025,-2.504043579
-7.9478302,-9.147781372,-5.919296265,-0.16065979,-1.66758728,-3.640853882
-8.675247192,-9.181274414,-6.299758911,0.221115112,-1.195388794,-2.997619629
-8.1512146,-8.047073364,-6.859680176,0.42149353,-0.653549194,-2.529693604
-8.134460449,-6.982269287,-7.000854492,-0.367736816,-0.80809021,-2.450881958
-8.426391602,-6.417572021,-6.402648926,-0.367736816,-0.80809021,-2.450881958
-7.988510132,-5.800216675,-5.402450562,-0.367736816,-0.80809021,-2.450881958
-7.151016235,-5.513076782,-4.531463623,-1.250427246,-1.545394897,-2.170501709
-6.430770874,-5.802612305,-4.148605347,-1.8099823,-2.078079224,-2.089263916
-5.88520813,-5.436508179,-3.361373901,-2.038452148,-2.276611328,-2.113693237
-5.22479248,-5.544189453,-2.387496948,-2.260192871,-2.293716431,-1.847351074
-4.918518066,-5.771499634,-2.212814331,-2.04699707,-2.009048462,-1.723358154
-5.275039673,-6.003616333,-2.483215332,-1.540603638,-1.650466919,-2.147293091
-6.12689209,-6.675994873,-2.495178223,-1.540603638,-1.650466919,-2.147293091
-7.454910278,-7.795837402,-2.554992676,-0.984100342,-1.271133423,-2.492431641
-9.792694092,-9.183670044,-3.358978271,0.229675293,0.004943848,-2.601776123
-12.72389221,-10.34658813,-5.230163574,1.996902466,2.055007935,-1.978088379
-13.11871338,-9.755554199,-6.783111572,3.065307617,3.35736084,-0.129013062
-10.22579956,-6.441497803,-7.067855835,3.099502563,3.729995728,2.147674561
-7.402267456,-5.709289551,-6.445724487,2.285217285,3.532684326,3.415817261
-6.179534912,-7.025344849,-5.658477783,2.285217285,3.532684326,3.415817261
-6.729873657,-9.166915894,-4.986099243,1.358566284,3.305435181,3.537384033
-7.627182007,-9.801025391,-4.050506592,-0.020782471,3.370819092,3.46774292
-8.60824585,-11.01657104,-2.497558594,-0.79045105,3.866821289,3.508682251
-9.306945801,-11.39942932,-1.97593689,-0.79045105,3.866821289,3.508682251
-8.665664673,-10.47819519,-2.337249756,-0.604751587,3.366531372,3.344360352
-7.780334473,-9.815368652,-2.373138428,-0.931564331,2.182678223,2.933853149
-6.997879028,-9.276992798,-1.420791626,-1.458740234,1.144821167,2.392623901
-6.296783447,-8.549575806,-0.561767578,-1.546096802,0.47958374,1.957702637
-5.641143799,-7.910690308,0.017288208,-1.258987427,0.08253479,1.640655518
-5.064468384,-7.563735962,0.237426758,-0.670120239,-0.03352356,1.435409546
-4.363372803,-7.369903564,0.048400879,0.083694458,0.066040039,1.181289673
-3.308135986,-7.250274658,-0.750808716,0.720199585,0.061141968,0.633346558
-2.654907227,-7.477584839,-1.772537231,0.720199585,0.061141968,0.633346558
-2.245727539,-7.630722046,-3.067062378,1.145965576,-0.340789795,-0.266433716
-2.769760132,-8.334213257,-3.897369385,1.105041504,-0.909500122,-1.198623657
-3.583312988,-9.789047241,-5.512527466,0.955368042,-1.376815796,-1.835739136
-4.77015686,-11.32286072,-5.725479126,0.175308228,-1.922912598,-2.638427734
-5.748825073,-11.12664795,-4.672637939,-0.105667114,-2.717041016,-3.407485962
-6.112533569,-10.20301819,-4.631958008,0.561981201,-2.316314697,-3.132003784
-6.146026611,-9.583267212,-5.36177063,0.561981201,-2.316314697,-3.132003784
-6.612625122,-8.87739563,-5.828369141,0.443481445,-1.123306274,-2.771591187
-8.065078735,-8.609390259,-5.287597656,-0.621856689,-0.792831421,-2.727600098
-9.213623047,-9.049667358,-4.316116333,-1.538162231,-1.170959473,-2.098419189
-8.703964233,-8.762527466,-2.787094116,-1.538162231,-1.170959473,-2.098419189
-7.462081909,-7.870010376,-1.947219849,-1.715911865,-1.908859253,-1.490615845
-5.949813843,-6.747772217,-1.719894409,-1.519821167,-2.11656189,-1.147918701
-5.322906494,-6.044281006,-1.681610107,-1.302963257,-1.789764404,-0.967712402
-5.090789795,-5.517868042,-1.825180054,-1.154525757,-1.579620361,-1.101501465
-5.301361084,-5.589645386,-2.282211304,-0.966995239,-1.33404541,-1.334228516
-4.710342407,-6.324249268,-2.313323975,-0.966995239,-1.33404541,-1.334228516
-3.379928589,-7.058837891,-3.892578125,-0.308486938,-0.663330078,-1.50038147
-5.164978027,-6.747772217,-6.620391846,1.643829346,1.507675171,-1.896835327
-6.555206299,-7.369903564,-8.572937012,2.211303711,2.927932739,-1.135696411
-6.217819214,-7.623550415,-9.094573975,1.869842529,1.984771729,-0.428314209
-7.201263428,-8.602218628,-8.53944397,1.026245117,0.83757019,-0.422225952
-8.711135864,-10.6361084,-7.292785645,1.026245117,0.83757019,-0.422225952
-8.342636108,-9.674194336,-4.21321106,0.830154419,0.754486084,1.173950195
-7.603256226,-8.602218628,-2.614807129,0.830154419,0.754486084,1.173950195
-7.03855896,-9.209991455,-2.375534058,1.203384399,2.815536499,2.953399658
-6.607849121,-9.434921265,-2.339645386,1.203384399,2.815536499,2.953399658
-6.983520508,-9.729232788,-2.308532715,0.602920532,3.328048706,2.71333313
-7.919113159,-10.28436279,-2.133850098,0.602920532,3.328048706,2.71333313
-8.797271729,-10.84428406,-1.650512695,-0.40927124,3.530853271,2.370635986
-9.017410278,-11.05245972,-1.219802856,-1.256546021,3.312164307,2.479995728
-8.648925781,-11.16970825,-1.363372803,-1.941925049,2.765441895,2.70173645
-7.402267456,-10.52844238,-2.040542603,-2.546081543,2.502166748,3.077407837
-6.557601929,-10.55476379,-1.74382019,-3.131271362,1.807617188,2.933853149
-5.68661499,-9.908691406,-0.915908813,-2.915039063,0.742874146,2.337036133
-4.707946777,-9.061630249,-0.485198975,-2.084869385,0.101455688,2.054824829
-3.092788696,-7.992050171,-0.580917358,-1.187515259,-0.526489258,1.499542236
-2.214614868,-7.685760498,-0.712524414,-0.339019775,-0.971801758,0.637008667
-1.499160767,-7.432128906,-1.179122925,-0.339019775,-0.971801758,0.637008667
-1.635559082,-8.082977295,-3.040740967,0.628570557,-1.076263428,-0.286605835
-2.7290802,-9.238708496,-4.021789551,1.06350708,-1.318161011,-1.502227783
-4.356201172,-9.702911377,-4.342437744,1.249816895,-1.933303833,-3.563873291
-5.409042358,-9.829727173,-4.627182007,1.249816895,-1.933303833,-3.563873291
-6.835159302,-11.1098938,-5.421600342,1.258361816,-1.750656128,-3.725158691
-9.113128662,-11.17449951,-6.984100342,1.258361816,-1.750656128,-3.725158691
-9.223205566,-8.444290161,-7.292785645,1.059844971,-1.241210938,-3.110626221
-8.849914551,-7.513473511,-6.890792847,0.479522705,-1.032897949,-2.132629395
-8.16557312,-7.305297852,-6.309326172,-0.647521973,-0.966918945,-1.304916382
-6.918914795,-7.211990356,-5.14163208,-1.564407349,-1.998046875,-1.36050415
-6.028778076,-6.953567505,-4.062469482,-1.965148926,-2.692001343,-1.702575684
-5.545425415,-7.034912109,-2.930664063,-1.965148926,-2.692001343,-1.702575684
-5.653106689,-6.678390503,-1.796463013,-1.844192505,-2.14894104,-1.829040527
-6.100570679,-6.314682007,-1.394470215,-1.156967163,-1.271118164,-1.844909668
-6.5599823,-5.9246521,-1.820388794,-0.414764404,-0.611999512,-1.684249878
-6.883026123,-5.580078125,-2.258285522,0.028701782,-0.39881897,-1.565139771
-7.366363525,-5.606399536,-2.858886719,0.028701782,-0.39881897,-1.565139771
-7.663085938,-5.675796509,-3.263275146,0.323135376,-0.320022583,-1.328735352
-8.457504272,-6.065826416,-3.985900879,0.643829346,0.133850098,-0.951217651
-9.730484009,-6.965530396,-4.847320557,0.951095581,0.543731689,-0.466812134
-11.74523926,-8.999420166,-5.924087524,1.009140015,0.701950073,0.227127075
-11.32409668,-8.851074219,-5.507736206,0.930328369,0.90536499,1.288192749
-9.038955688,-7.475189209,-4.483612061,1.020736694,1.835098267,2.642471313
-7.806655884,-8.013580322,-4.241928101,0.955368042,2.829574585,3.53616333
-7.186904907,-8.733825684,-4.22996521,0.955368042,2.829574585,3.53616333
-7.239547729,-9.09274292,-3.990692139,0.706756592,3.098968506,3.419494629
-7.696578979,-9.343994141,-3.488189697,0.24861145,2.960922241,2.944244385
-7.797073364,-9.061630249,-3.167556763,-0.127670288,2.529647827,2.536804199
-7.49079895,-8.267227173,-2.894775391,-0.45753479,1.979873657,2.252120972
-7.206054688,-7.996826172,-2.543029785,-0.856430054,1.55960083,2.005966187
-7.005050659,-8.1978302,-1.72946167,-0.648727417,1.208358765,1.719451904
-6.57673645,-8.695541382,-0.425384521,-0.648727417,1.208358765,1.719451904
-6.430770874,-7.98008728,-0.38230896,-0.006729126,1.618240356,1.674850464
-6.009643555,-7.300521851,-1.052307129,0.092834473,1.573654175,1.683410645
-5.394683838,-6.896133423,-1.260482788,-0.218688965,0.566345215,1.290634155
-4.719909668,-6.788452148,-1.215011597,-0.528396606,-0.48739624,0.801330566
-4.124099731,-7.341201782,-1.131256104,-0.331085205,-1.190505981,0.194137573
-3.365570068,-8.087753296,-1.432754517,-0.331085205,-1.190505981,0.194137573
-3.60723877,-8.982681274,-2.64831543,0.36529541,-1.299850464,-0.700775146
-4.042739868,-10.09773254,-4.579315186,0.875961304,-1.057937622,-1.369659424
-4.834762573,-10.12165833,-5.220596313,0.83442688,-1.37802124,-2.416061401
-6.098175049,-8.949172974,-4.933456421,0.744018555,-2.059143066,-3.010437012
-6.052703857,-8.525650024,-5.029174805,0.988983154,-2.073806763,-2.604827881
-5.466461182,-8.645278931,-6.216018677,0.988983154,-2.073806763,-2.604827881
-5.858886719,-7.702514648,-6.663467407,0.00793457,-1.147720337,-2.775253296
-7.986114502,-7.791046143,-4.986099243,-1.178359985,-1.236923218,-2.654296875
-8.964782715,-7.96333313,-3.074234009,-1.44468689,-1.564346313,-1.945709229
-8.524490356,-7.398620605,-2.064468384,-1.44468689,-1.564346313,-1.945709229
-7.842544556,-7.020553589,-1.944824219,-1.15574646,-1.61076355,-1.127151489
-7.01461792,-6.687957764,-2.021392822,-1.15574646,-1.61076355,-1.127151489
-6.373352051,-6.510894775,-2.090789795,-0.965774536,-1.409790039,-0.546218872
-5.732070923,-6.195037842,-1.942428589,-0.759902954,-1.337112427,-0.461914063
-5.526290894,-6.147186279,-1.96875,-0.464874268,-1.192321777,-0.512634277
-5.222396851,-6.130432129,-2.346817017,-0.065353394,-0.864303589,-0.506515503
-4.846725464,-6.656845093,-3.229766846,0.352462769,-0.58757019,-0.38861084
-5.011825562,-7.716873169,-4.261077881,1.216217041,-0.075057983,-0.482086182
-5.933074951,-8.700317383,-6.04133606,1.938262939,0.927963257,-0.373947144
-7.340042114,-9.128631592,-7.500961304,1.938262939,0.927963257,-0.373947144
-9.043731689,-9.812988281,-7.993881226,0.430038452,0.868103027,0.19291687
-8.577133179,-9.741195679,-6.871643066,0.430038452,0.868103027,0.19291687
-7.421401978,-7.970504761,-5.359375,0.271820068,1.385498047,0.819046021
-6.442733765,-6.324249268,-4.777923584,0.271820068,1.385498047,0.819046021
-5.921112061,-6.556350708,-4.92868042,0.158828735,2.10508728,1.59362793
-6.57673645,-7.95854187,-4.040939331,-0.569320679,2.139312744,1.62538147
-7.564971924,-8.999420166,-3.236953735,-1.062896729,1.940765381,1.393875122
-8.321105957,-9.320068359,-2.432952881,-1.133743286,1.861984253,1.388381958
-8.785308838,-9.135818481,-2.035751343,-1.157592773,1.733688354,1.635162354
-8.742248535,-8.537612915,-1.739044189,-1.157592773,1.733688354,1.635162354
-8.481430054,-8.697921753,-1.344223022,-1.341445923,1.243774414,2.040771484
-7.502761841,-8.757751465,-1.430358887,-1.269378662,0.839401245,2.396911621
-6.540847778,-8.377288818,-1.695968628,-1.269378662,0.839401245,2.396911621
-5.612426758,-7.989654541,-1.849105835,-1.229049683,0.72454834,2.460449219
-5.100372314,-8.030334473,-1.820388794,-1.282196045,0.452102661,2.203872681
-4.404052734,-8.006408691,-1.648117065,-1.114212036,-0.043304443,1.79460144
-3.585708618,-8.008789063,-1.363372803,-0.687210083,-0.583908081,1.173355103
-3.176544189,-8.252868652,-1.327468872,0.125823975,-0.908279419,0.477584839
-2.774536133,-8.343795776,-2.038146973,1.337783813,-1.208221436,-0.362350464
-2.422790527,-8.798431396,-3.899765015,2.029891968,-1.04083252,-0.751464844
-2.506546021,-10.22215271,-5.971939087,2.029891968,-1.04083252,-0.751464844
-3.119110107,-11.21038818,-7.510528564,1.941925049,-1.305328369,-1.866897583
-5.066864014,-10.78926086,-7.015213013,1.220489502,-1.65536499,-3.296325684
-6.332672119,-9.477981567,-5.959976196,0.491744995,-1.489822388,-3.569976807
-6.945236206,-8.85345459,-5.605834961,0.491744995,-1.489822388,-3.569976807
-6.689193726,-8.288757324,-5.481414795,-0.781280518,-1.114746094,-2.436218262
-7.129486084,-8.394042969,-4.713317871,-0.781280518,-1.114746094,-2.436218262
-7.787506104,-8.875,-3.447509766,-1.719573975,-1.224090576,-2.259689331
-7.438156128,-8.135620117,-1.74861145,-2.037231445,-1.543579102,-1.937149048
-6.382919312,-7.015777588,-0.973342896,-1.618774414,-1.833740234,-1.538864136
-5.528686523,-6.233322144,-0.83215332,-1.618774414,-1.833740234,-1.538864136
-4.865875244,-5.527435303,-1.052307129,-1.028686523,-1.558837891,-1.193130493
-4.676834106,-5.175689697,-1.430358887,-0.499679565,-1.073806763,-1.124710083
-4.863479614,-5.139801025,-1.774932861,-0.101409912,-0.76411438,-1.200469971
-5.406646729,-5.745178223,-2.416213989,0.143539429,-0.746398926,-1.298797607
-6.287200928,-6.786056519,-2.629165649,0.143539429,-0.746398926,-1.298797607
-8.471847534,-9.150177002,-4.47164917,0.514953613,-0.725631714,-1.515045166
-11.25469971,-10.61457825,-6.077224731,1.072677612,-0.050018311,-1.205947876
-12.46308899,-10.24130249,-6.405044556,0.96333313,0.053207397,-0.249343872
-10.62539673,-8.032730103,-5.163162231,0.96333313,0.053207397,-0.249343872
-6.897369385,-7.130630493,-4.866455078,1.582733154,0.992721558,2.582000732
-5.423400879,-7.530227661,-4.780319214,1.582733154,0.992721558,2.582000732
-5.026184082,-7.831726074,-4.801849365,1.337783813,1.753234863,2.676681519
-5.624389648,-8.054260254,-3.691589355,0.476470947,2.273086548,2.276565552
-6.875839233,-8.616577148,-2.267852783,-0.053756714,2.362884521,1.791534424
-7.730072021,-9.399017334,-1.504547119,-0.053756714,2.362884521,1.791534424
-7.576934814,-9.190856934,-1.588287354,0.117279053,2.496658325,1.960144043
-7.165374756,-8.786468506,-1.918502808,0.182632446,2.354934692,2.084762573
-7.189300537,-8.831924438,-1.73425293,-0.248001099,1.95664978,1.848968506
-7.337661743,-8.980285645,-1.284408569,-0.533279419,1.674438477,1.692596436
-6.976333618,-8.267227173,-0.107131958,-0.643844604,1.481414795,1.498321533
-6.835159302,-7.479980469,0.553283691,-0.571151733,1.172927856,1.370040894
-6.863876343,-7.298126221,0.725570679,-0.571151733,1.172927856,1.370040894
-6.674850464,-7.446487427,0.397750854,-0.34513855,0.664077759,1.428085327
-5.976135254,-7.908294678,-0.138244629,-0.134994507,-0.07383728,1.346221924
-5.086013794,-7.934616089,-0.889587402,0.167358398,-0.536865234,1.118377686
-3.473251343,-10.93760681,-0.631164551,0.785552979,-0.378051758,0.199645996
-4.124099731,-14.27081299,-1.588287354,3.125778198,2.303619385,-0.200469971
-3.877639771,-12.46662903,-5.749404907,3.829498291,3.030548096,0.988861084
-1.111526489,-8.609390259,-9.539642334,3.829498291,3.030548096,0.988861084
-0.70475769,-8.556747437,-9.204650879,0.019546509,-1.098876953,-0.780181885
-0.68560791,-11.38746643,-5.316314697,0.019546509,-1.098876953,-0.780181885
-1.448913574,-10.84667969,-3.693969727,-1.863128662,-3.145874023,-2.816802979
-2.841537476,-9.853668213,-2.849304199,-1.863128662,-3.145874023,-2.816802979
-4.253311157,-9.377487183,-1.997467041,-1.612060547,-1.965072632,-3.297546387
-5.406646729,-8.949172974,-1.2915802,-1.287094116,-1.444610596,-3.505844116
-6.193893433,-8.537612915,-0.985305786,-1.004867554,-1.612594604,-3.686050415
-6.847122192,-8.121261597,-0.765167236,-0.783737183,-1.972396851,-3.675064087
-7.02180481,-8.061431885,-0.736450195,-0.283432007,-1.90397644,-3.39894104
-7.514724731,-8.406005859,-1.461471558,-0.283432007,-1.90397644,-3.39894104
-7.93586731,-8.482574463,-2.464065552,0.544265747,-1.538696289,-3.042816162
-8.488601685,-8.350967407,-3.866256714,0.925445557,-1.39390564,-2.727600098
-9.73526001,-10.47819519,-5.455093384,0.977371216,-1.208831787,-2.12713623
-10.96517944,-10.76054382,-5.964767456,0.781280518,-0.839248657,-1.497955322
-9.97215271,-7.75994873,-6.019805908,1.03112793,-0.268096924,-0.274993896
-7.287399292,-5.431732178,-6.905151367,1.10748291,0.661621094,1.528869629
-5.715316772,-6.295532227,-7.194671631,0.530227661,1.568756104,2.693786621
-5.878036499,-8.377288818,-5.526870728,-0.111175537,2.422744751,2.912460327
-7.24911499,-10.12882996,-4.361572266,-0.369567871,3.171051025,3.16293335
-8.002853394,-11.31567383,-3.428375244,-0.369567871,3.171051025,3.16293335
-7.787506104,-11.29653931,-3.244125366,-0.45324707,3.281005859,3.388946533
-7.409439087,-11.10272217,-3.021591187,-0.676223755,3.040328979,3.332138062
-7.25869751,-11.1481781,-2.696166992,-0.984100342,2.794143677,2.928970337
-7.2371521,-10.93521118,-2.176925659,-0.984100342,2.794143677,2.928970337
-7.062484741,-10.46383667,-1.722290039,-1.153915405,2.57850647,2.497085571
-6.911727905,-9.78187561,-1.430358887,-1.168579102,2.252929688,2.108581543
-6.423599243,-9.456451416,-1.116912842,-1.189346313,1.808822632,1.73840332
-5.700958252,-8.537612915,-0.566558838,-1.024414063,1.149093628,1.244827271
-5.361190796,-8.439498901,-0.286590576,-1.024414063,1.149093628,1.244827271
-4.944839478,-8.965927124,-0.288986206,-0.789840698,0.726989746,1.07194519
-4.164779663,-9.343994141,-0.009033203,-0.463027954,0.307327271,0.889297485
-3.533065796,-9.576095581,-1.399261475,0.403167725,-0.098876953,0.498962402
-2.324691772,-9.78187561,-3.387695313,0.642608643,-0.580230713,0.180099487
-1.554199219,-9.152557373,-3.899765015,0.505172729,-1.59916687,-0.758178711
-1.154602051,-7.905899048,-4.036148071,0.307876587,-1.986450195,-1.437469482
-1.621200562,-8.925247192,-3.909332275,0.045806885,-1.719497681,-1.979904175
-2.355804443,-10.1192627,-3.715515137,0.045806885,-1.719497681,-1.979904175
-3.559387207,-10.82035828,-3.576721191,0.27671814,-1.604660034,-2.723953247
-4.849121094,-10.88496399,-3.753799438,0.547927856,-1.864273071,-3.395889282
-5.320510864,-10.87779236,-3.957183838,0.716537476,-2.343795776,-3.915115356
-5.916320801,-10.75335693,-4.153396606,0.716537476,-2.343795776,-3.915115356
-6.418807983,-10.35136414,-4.557785034,0.896133423,-2.549667358,-4.163742065
-7.072052002,-9.791442871,-4.92149353,0.913238525,-2.290054321,-4.078216553
-7.70854187,-9.011383057,-4.888000488,0.632232666,-1.879547119,-3.648788452
-8.313934326,-8.056655884,-4.390289307,0.407440186,-1.307785034,-2.888870239
-8.182327271,-7.774291992,-4.277832031,0.519836426,-0.488006592,-1.786270142
-7.754013062,-7.692947388,-4.787490845,0.519836426,-0.488006592,-1.786270142
-7.909545898,-7.922653198,-5.550811768,0.737304688,-0.172180176,-1.012908936
-8.40007019,-8.207397461,-6.249511719,0.741577148,-0.133712769,-0.493682861
-8.713531494,-9.571304321,-7.041534424,0.514343262,-0.079345703,0.202072144
-8.763778687,-9.906311035,-7.218597412,0.473403931,0.632904053,0.931442261
-8.40246582,-8.18586731,-7.16835022,0.473403931,0.632904053,0.931442261
-7.507553101,-7.855651855,-6.364364624,-0.029327393,1.935882568,2.15133667
-7.241943359,-9.269805908,-5.648910522,-0.980438232,2.75138855,3.176361084
-7.624801636,-11.79902649,-4.806640625,-1.635284424,2.7996521,3.662002563
-7.423797607,-13.09593201,-3.77293396,-1.941314697,2.519256592,3.767074585
-6.787307739,-12.61019897,-2.846923828,-1.89855957,2.066604614,3.391998291
-6.330276489,-11.87080383,-2.315704346,-1.752563477,1.821044922,2.842834473
-6.435562134,-11.64588928,-2.074035645,-1.488052368,1.841812134,2.373092651
-6.622207642,-11.18885803,-1.782104492,-1.2003479,1.755691528,1.928985596
-6.648529053,-10.18626404,-1.602645874,-1.2003479,1.755691528,1.928985596
-6.729873657,-9.32963562,-1.461471558,-1.026870728,1.584640503,1.685256958
-6.394882202,-9.040100098,-1.490188599,-1.025024414,1.375106812,1.723739624
-5.526290894,-9.193237305,-1.377716064,-0.960876465,0.93711853,1.710922241
-4.08102417,-9.066421509,-0.891983032,-0.777023315,0.201644897,1.591781616
-0.611434937,-8.377288818,0.285293579,-0.64201355,-0.699371338,1.294906616
0.503631592,-9.489959717,-0.188491821,-0.64201355,-0.699371338,1.294906616
-0.759780884,-10.34179688,-0.851303101,-0.161880493,-1.358474731,0.379226685
-1.621200562,-10.25566101,-1.825180054,1.018920898,-1.776321411,-1.209609985
-2.853500366,-8.784072876,-3.591079712,2.105010986,-1.268692017,-2.056274414
-3.813034058,-8.963531494,-5.38092041,2.105010986,-1.268692017,-2.056274414
-4.815628052,-10.02833557,-5.979125977,1.646865845,-0.763504028,-1.774658203
-6.545639038,-11.32524109,-5.222991943,0.611465454,-2.073806763,-2.626205444
-7.124694824,-11.00939941,-5.36177063,-0.166763306,-3.316299438,-3.249282837
-6.34223938,-9.609588623,-5.931259155,-1.152084351,-4.100646973,-3.618850708
-6.445129395,-9.77947998,-4.648712158,-2.40435791,-5.081085205,-4.491775513
-7.280227661,-9.276992798,-3.504943848,-2.863113403,-4.326660156,-4.456970215
-8.254104614,-8.561538696,-2.612426758,-2.681686401,-3.010253906,-4.064788818
-8.610641479,-8.406005859,-2.059677124,-2.294998169,-1.786712646,-3.190643311
-8.426391602,-7.695327759,-1.935256958,-1.234558105,-0.792816162,-2.446609497
-8.141647339,-6.872207642,-2.961776733,-1.234558105,-0.792816162,-2.446609497
-10.24972534,-7.551773071,-4.797073364,-0.133773804,0.133224487,-2.273132324
-14.40605164,-7.446487427,-5.333053589,0.446533203,0.884597778,-2.23097229
-14.74822998,-5.0105896,-4.69418335,0.827102661,1.200393677,-1.469848633
-11.73088074,-5.123046875,-4.435745239,0.743423462,1.30670166,1.348052979
-8.38571167,-6.288360596,-4.390289307,0.709197998,0.708053589,3.423156738
-6.102966309,-7.231124878,-4.47164917,0.808776855,1.074569702,3.797012329
-5.571746826,-7.824554443,-4.222793579,0.771499634,2.477722168,3.365127563
-7.057693481,-8.999420166,-3.720291138,0.771499634,2.477722168,3.365127563
-8.246932983,-9.951766968,-3.291976929,0.551605225,3.242523193,3.298538208
-8.751815796,-10.32504272,-3.222595215,0.429428101,3.129501343,3.25088501
-8.988708496,-10.38726807,-3.31590271,0.093460083,2.772155762,3.106719971
-9.306945801,-10.27001953,-3.595870972,0.093460083,2.772155762,3.106719971
-9.330871582,-9.793838501,-3.327880859,-0.604141235,2.294464111,3.170257568
-8.888198853,-10.14558411,-2.564559937,-1.227828979,1.155807495,3.013885498
-8.156005859,-10.26522827,-2.270248413,-1.362838745,0.436218262,2.996780396
-7.4740448,-10.17190552,-2.002243042,-1.260818481,0.282897949,2.875823975
-6.902160645,-9.901519775,-1.700759888,-0.884536743,0.09046936,2.596038818
-5.720108032,-9.198028564,-1.648117065,-0.354904175,0.013504028,2.262527466
-4.77015686,-8.310287476,-1.820388794,0.317642212,0.216918945,1.913101196
-4.588302612,-8.41078186,-2.698562622,0.317642212,0.216918945,1.913101196
-4.234161377,-8.913284302,-3.77772522,0.613296509,0.290847778,1.520324707
-3.17175293,-8.717071533,-4.562576294,0.613296509,0.290847778,1.520324707
-2.695587158,-7.322052002,-5.323486328,1.047012329,-0.042694092,0.715209961
-2.49458313,-6.764526367,-6.220794678,1.37260437,-0.28276062,-0.101516724
-2.406051636,-7.276596069,-5.979125977,0.751968384,-1.101913452,-1.171737671
-2.614227295,-7.020553589,-5.57951355,0.548553467,-1.417129517,-1.980514526
-3.303359985,-6.699920654,-5.261276245,0.548553467,-1.417129517,-1.980514526
-4.399276733,-6.575500488,-4.861679077,0.159439087,-1.798919678,-2.731277466
-4.916122437,-7.025344849,-4.095977783,-0.447143555,-2.481872559,-3.436203003
-5.44493103,-7.791046143,-3.492980957,-0.447143555,-2.481872559,-3.436203003
-6.418807983,-8.630935669,-3.526473999,-0.645065308,-2.543563843,-3.932830811
-7.574539185,-9.32723999,-3.720291138,-0.575424194,-2.243011475,-4.265151978
-8.584320068,-9.911087036,-4.076828003,-0.430648804,-2.122680664,-4.457565308
-9.390701294,-10.04508972,-4.397460938,-0.27305603,-1.739044189,-4.374511719
-11.52270508,-10.89453125,-4.366363525,-0.27305603,-1.739044189,-4.374511719
-16.24613953,-12.96911621,-4.289794922,1.101379395,0.377578735,-1.64881897
-15.19090271,-8.934814453,-4.641540527,1.101379395,0.377578735,-1.64881897
-11.75959778,-4.924453735,-5.232559204,1.184448242,1.484451294,1.349273682
-9.395477295,-4.060638428,-5.486206055,1.184448242,1.484451294,1.349273682
-7.055297852,-4.32862854,-4.215606689,0.265716553,1.177810669,1.691375732
-7.007446289,-6.096923828,-2.435348511,-0.078186035,1.528442383,1.746948242
-7.47883606,-7.398620605,-1.95199585,0.255935669,2.571182251,2.05116272
-7.758789063,-8.047073364,-2.105148315,0.543045044,3.540023804,2.417068481
-8.129684448,-8.559143066,-2.945022583,0.249832153,3.842987061,2.491592407
-8.696777344,-9.083175659,-3.425979614,0.249832153,3.842987061,2.491592407
-9.510345459,-9.901519775,-3.280014038,-0.621246338,3.258392334,2.167831421
-10.23297119,-10.5475769,-2.492782593,-1.436752319,2.218109131,1.875228882
-10.22579956,-11.29891968,-1.399261475,-1.985290527,1.152755737,1.817810059
-9.440948486,-11.17449951,-0.60005188,-1.985290527,1.152755737,1.817810059
-8.562774658,-10.60978699,-0.073638916,-1.461181641,0.227310181,2.269836426
-7.543441772,-9.858444214,0.019683838,-0.934616089,0.544342041,2.662643433
-6.557601929,-9.202819824,-0.104736328,-0.934616089,0.544342041,2.662643433
-5.626785278,-8.64289856,-0.489990234,-0.521682739,0.55229187,2.72492981
-4.636154175,-8.587860107,-1.346618652,-0.521682739,0.55229187,2.72492981
-3.016220093,-8.41796875,-2.112319946,-0.271835327,-0.794662476,1.707855225
-0.027587891,-7.535018921,-3.047912598,-0.271835327,-0.794662476,1.707855225
1.525360107,-6.628143311,-4.742034912,0.378112793,-1.230819702,-0.947555542
0.520370483,-7.396224976,-5.82119751,0.431259155,-0.666381836,-1.927993774
-1.34362793,-9.406204224,-6.567749023,0.431259155,-0.666381836,-1.927993774
-3.217208862,-10.55476379,-7.431564331,0.683547974,-0.911941528,-2.7605896
-5.00944519,-10.43032837,-6.527084351,0.158203125,-1.583892822,-3.849761963
-7.27305603,-10.6696167,-4.325683594,-0.502731323,-1.999282837,-4.60357666
-8.739852905,-9.894332886,-2.629165649,-0.608413696,-1.889923096,-4.557128906
-8.955200195,-8.805603027,-2.291778564,-0.323135376,-1.38230896,-3.849151611
-8.84274292,-8.078186035,-2.243927002,-0.111785889,-0.98890686,-3.105728149
-8.881027222,-7.769515991,-2.18888855,-0.040313721,-0.801986694,-2.416687012
-8.632171631,-7.72644043,-2.088394165,-0.040313721,-0.801986694,-2.416687012
-8.263671875,-7.568511963,-2.074035645,0.149658203,-0.803207397,-1.896835327
-8.321105957,-7.568511963,-2.298965454,0.586425781,-0.913162231,-1.563919067
-9.29019165,-7.697723389,-3.177124023,1.100158691,-0.818481445,-1.539489746
-12.87225342,-9.614379883,-4.92149353,1.321899414,-0.949813843,-1.447860718
-14.10934448,-7.762329102,-4.899963379,1.463012695,-0.500213623,-0.176040649
-13.13786316,-6.211791992,-5.122497559,1.463012695,-0.500213623,-0.176040649
-10.462677,-5.955749512,-5.330673218,1.422073364,-0.031692505,1.831237793
-6.892593384,-6.776489258,-5.029174805,1.069610596,0.621917725,2.901473999
-6.090988159,-7.570907593,-3.861480713,0.584579468,1.954223633,2.855056763
-6.950012207,-8.819961548,-2.87562561,0.16859436,3.450210571,2.626586914
-8.62260437,-10.60740662,-1.940032959,0.16859436,3.450210571,2.626586914
-8.761383057,-10.23173523,-1.50932312,-0.062301636,3.633468628,2.656524658
-8.321105957,-9.518661499,-1.640930176,-0.062301636,3.633468628,2.656524658
-8.017211914,-9.346389771,-1.5284729,-0.612701416,2.993896484,2.514801025
-7.782714844,-9.592849731,-0.887191772,-1.218673706,2.323776245,2.329101563
-7.380722046,-9.499526978,-0.485198975,-1.424530029,1.632293701,2.057876587
-6.672454834,-8.793640137,-0.128677368,-1.294418335,0.937744141,1.700531006
-6.260879517,-8.348571777,-0.097564697,-1.294418335,0.937744141,1.700531006
-5.978530884,-8.248077393,-0.210021973,-1.09954834,0.434997559,1.341949463
-5.715316772,-8.738601685,-0.403839111,-0.923019409,0.077026367,1.031021118
-4.77015686,-8.384475708,-0.288986206,-0.390335083,-0.39881897,0.692596436
-4.014022827,-8.709884644,-1.796463013,0.430648804,-0.59552002,0.336471558
-3.114318848,-9.260238647,-3.732254028,0.51739502,-0.514877319,-0.196807861
-2.130874634,-8.406005859,-4.787490845,0.51739502,-0.514877319,-0.196807861
-2.910934448,-7.72644043,-4.380722046,0.172241211,-1.222869873,-1.99395752
-3.583312988,-8.824752808,-4.105545044,-0.037261963,-1.736602783,-3.196136475
-4.198272705,-10.04986572,-3.433151245,-0.271224976,-2.059143066,-3.587097168
-5.277435303,-11.84448242,-3.227371216,-0.260223389,-2.334030151,-4.119155884
-6.58392334,-12.74897766,-3.160369873,-0.279769897,-2.165435791,-4.612121582
-7.792297363,-12.04309082,-2.540634155,-0.299942017,-2.033493042,-4.722686768
-9.110733032,-10.59544373,-1.638534546,-0.128890991,-1.805023193,-4.092895508
-8.943237305,-9.286560059,-1.655288696,0.288314819,-1.484329224,-3.262710571
-8.311538696,-7.877182007,-2.303741455,0.288314819,-1.484329224,-3.262710571
-7.4740448,-7.06602478,-2.791885376,0.123382568,-1.236923218,-2.389801025
-6.622207642,-7.578094482,-3.007232666,-0.021392822,-1.091537476,-1.57673645
-5.811035156,-6.869812012,-3.172348022,-0.021392822,-1.091537476,-1.57673645
-5.897171021,-6.884170532,-3.311126709,-0.16859436,-1.144683838,-1.42829895
-6.758590698,-7.807800293,-3.382904053,-0.16859436,-1.144683838,-1.42829895
-8.675247192,-10.32264709,-4.349609375,0.119720459,-0.839859009,-1.202285767
-11.10874939,-13.11508179,-4.969345093,0.502731323,0.315261841,-0.451538086
-10.60147095,-9.152557373,-5.14402771,1.628555298,1.477752686,1.483062744
-7.981323242,-6.463027954,-6.665863037,1.628555298,1.477752686,1.483062744
-5.751220703,-6.884170532,-7.280822754,1.13923645,2.222991943,3.093902588
-6.177139282,-9.047286987,-5.756591797,-0.266342163,2.855834961,3.537994385
-7.261077881,-11.50471497,-4.179718018,-1.271194458,3.103851318,3.476913452
-8.062683105,-11.91627502,-2.980911255,-1.74156189,2.481384277,3.003494263
-8.031570435,-11.86602783,-2.117111206,-1.74156189,2.481384277,3.003494263
-7.277832031,-11.56213379,-2.057281494,-1.717132568,1.809432983,3.047470093
-6.737060547,-11.28695679,-1.772537231,-1.577850342,1.451477051,2.969284058
-6.437957764,-10.80360413,-1.535644531,-1.395202637,1.532104492,2.710281372
-6.437957764,-10.5930481,-1.28918457,-1.23210144,1.721466064,2.506256104
-6.327880859,-9.614379883,-1.014007568,-0.94317627,1.696426392,2.327880859
-5.978530884,-8.973098755,-1.009231567,-0.782516479,1.384887695,2.187988281
-5.272644043,-8.647674561,-1.162368774,-0.782516479,1.384887695,2.187988281
-4.439941406,-8.86781311,-1.349014282,-0.583984375,0.71661377,1.918609619
-3.245925903,-8.724243164,-1.810821533,-0.18447876,0.055664063,1.454345703
-2.209838867,-8.303115845,-2.566955566,0.313980103,-0.391479492,0.795837402
-1.164169312,-8.066223145,-4.301757813,0.68170166,-0.681030273,0.043258667
-1.472854614,-8.848678589,-5.244522095,0.68170166,-0.681030273,0.043258667
-2.195480347,-8.918060303,-4.842529297,0.404998779,-0.972412109,-1.004974365
-3.109542847,-7.484771729,-3.528869629,0.298706055,-1.607711792,-2.04649353
-3.054504395,-7.357940674,-3.703552246,0.824035645,-1.750045776,-2.204711914
-2.769760132,-8.496932983,-4.098358154,0.824035645,-1.750045776,-2.204711914
-4.025985718,-9.980484009,-4.720489502,1.039672852,-1.433013916,-2.480209351
-6.997879028,-11.57888794,-5.258880615,1.098937988,-1.031066895,-3.34274292
-9.208847046,-12.04548645,-4.541030884,-0.16065979,-2.429931641,-4.337234497
-9.723297119,-10.76531982,-3.507339478,-0.16065979,-2.429931641,-4.337234497
-9.570159912,-9.317672729,-3.492980957,0.059860229,-2.985824585,-3.839996338
-8.512527466,-7.496734619,-4.378326416,0.180801392,-2.399993896,-2.610931396
-7.328079224,-6.350570679,-4.773132324,0.180801392,-2.399993896,-2.610931396
-6.57673645,-5.998825073,-4.572143555,-0.167358398,-1.935134888,-1.931045532
-5.815826416,-5.857650757,-4.038543701,-0.313980103,-1.289459229,-1.450912476
-5.736862183,-6.333816528,-3.682006836,-0.259002686,-0.814208984,-1.190063477
-5.923492432,-7.025344849,-3.55519104,0.188140869,-0.570465088,-1.182723999
-7.129486084,-8.506500244,-4.576934814,0.957824707,0.382476807,-1.020248413
-10.24493408,-10.20779419,-5.624984741,1.760498047,2.093490601,-0.0599823
-11.01063538,-8.140396118,-6.579727173,1.760498047,2.093490601,-0.0599823
-9.596481323,-7.044494629,-7.364562988,1.446517944,2.613342285,1.853240967
-6.811233521,-6.82673645,-6.486404419,0.134384155,1.791732788,2.797637939
-5.770355225,-9.217163086,-4.990890503,-0.795959473,1.678726196,2.996780396
-6.155593872,-10.49493408,-3.569549561,-1.081222534,2.410522461,2.79335022
-6.80166626,-10.81079102,-2.700958252,-0.757476807,2.865005493,2.729217529
-6.825592041,-10.42076111,-2.954589844,-0.689666748,2.574859619,2.33581543
-7.045730591,-9.590454102,-3.10534668,-1.074493408,1.859542847,1.863006592
-7.155807495,-9.236312866,-2.808624268,-1.074493408,1.859542847,1.863006592
-7.222793579,-9.209991455,-2.085998535,-1.531433105,1.173522949,1.585083008
-7.172546387,-9.016174316,-1.07383728,-1.618164063,0.838775635,1.54536438
-6.79927063,-8.760147095,-0.456481934,-1.222335815,0.808853149,1.685256958
-6.213027954,-8.437103271,-0.140640259,-1.222335815,0.808853149,1.685256958
-5.839752197,-8.353363037,-0.355987549,-0.729370117,0.889480591,1.727401733
-5.160186768,-8.805603027,-1.229370117,-0.320709229,0.679351807,1.580184937
-4.284408569,-9.162139893,-1.526077271,0.006103516,0.26335144,1.152587891
-3.542633057,-8.685958862,-2.574142456,0.844802856,0.962783813,0.789718628
-2.563980103,-8.315078735,-5.916915894,1.058609009,2.674423218,1.564300537
-2.676437378,-9.178878784,-6.960174561,0.249832153,1.293869019,0.416488647
-2.307937622,-7.901123047,-5.627380371,-0.24130249,-1.106201172,-1.101486206
-1.255096436,-7.28616333,-5.325881958,-0.050094604,-1.527694702,-1.225494385
-2.176330566,-8.228927612,-5.589096069,0.14414978,-1.596710205,-1.728851318
-3.370361328,-8.611785889,-5.792480469,0.258987427,-2.184371948,-2.555953979
-4.325088501,-8.827133179,-5.924087524,0.258987427,-2.184371948,-2.555953979
-5.260681152,-8.693145752,-5.706344604,-0.032394409,-2.58631897,-3.289596558
-5.918716431,-7.786254883,-5.519699097,-0.547943115,-2.415283203,-3.57975769
-6.490600586,-7.479980469,-5.074630737,-1.021362305,-1.949188232,-3.380020142
-7.043334961,-6.793243408,-4.830566406,-1.021362305,-1.949188232,-3.380020142
-7.105545044,-6.190246582,-4.70135498,-0.703109741,-1.544189453,-2.870544434
-7.005050659,-5.601608276,-4.864059448,-0.356750488,-0.946777344,-2.201660156
-7.0337677,-5.446075439,-4.981307983,-0.01222229,-0.621170044,-1.63293457
-6.973953247,-6.13999939,-4.679824829,0.541824341,-0.381713867,-1.263366699
-6.985916138,-6.565917969,-5.333053589,1.783721924,0.91696167,-0.214523315
-7.462081909,-7.058837891,-8.359985352,2.515533447,1.5834198,0.785461426
-8.100967407,-7.429733276,-10.47283936,2.234527588,1.001281738,0.957107544
-7.777938843,-6.350570679,-10.22160339,2.234527588,1.001281738,0.957107544
-6.732269287,-5.429336548,-8.594482422,0.81060791,0.842453003,1.447616577
-5.796676636,-5.615966797,-6.7472229,0.215637207,1.128326416,2.03527832
-5.67225647,-6.384063721,-5.790084839,-0.189361572,1.786224365,2.381637573
-5.863677979,-7.482376099,-5.196670532,-0.189361572,1.786224365,2.381637573
-6.57194519,-8.779281616,-4.847320557,-0.560775757,2.034240723,2.191665649
-6.775344849,-8.750564575,-4.964569092,-0.780075073,1.698883057,1.726776123
-7.414230347,-8.494537354,-4.730072021,-1.274856567,1.337249756,1.230773926
-8.505355835,-8.851074219,-3.739440918,-1.772109985,0.787475586,0.989486694
-8.936065674,-8.944381714,-2.961776733,-2.037841797,0.368408203,1.237487793
-8.873855591,-9.31048584,-2.038146973,-1.913833618,0.167434692,1.886230469
-7.69418335,-9.181274414,-1.258087158,-1.291366577,0.247467041,2.407287598
-6.674850464,-8.800827026,-1.083404541,-1.291366577,0.247467041,2.407287598
-5.760787964,-8.245681763,-0.997268677,-0.689056396,0.421554565,2.570388794
-4.935256958,-7.556549072,-1.176727295,-0.689056396,0.421554565,2.570388794
-4.040344238,-6.84828186,-1.29397583,0.213790894,-0.254043579,1.730453491
-3.415817261,-7.305297852,-1.770141602,0.844192505,-0.428131104,1.260696411
-2.784118652,-7.369903564,-2.753601074,0.844192505,-0.428131104,1.260696411
-2.767364502,-7.412979126,-5.065063477,1.609008789,-0.623001099,0.370071411
-3.434967041,-8.573501587,-6.71131897,1.822799683,-0.693252563,-0.568222046
-4.923294067,-9.674194336,-7.323883057,1.269363403,-1.063430786,-1.873626709
-6.768157959,-9.870407104,-7.333465576,0.723861694,-1.961395264,-2.926132202
-6.186706543,-8.894134521,-7.687591553,0.446533203,-2.239349365,-2.77281189
-5.186508179,-7.800613403,-8.450912476,0.446533203,-2.239349365,-2.77281189
-4.858688354,-6.553955078,-8.967758179,0.193023682,-1.789749146,-2.442337036
-5.779922485,-5.484359741,-8.726089478,-0.831985474,-1.020080566,-2.320770264
-7.955001831,-7.008590698,-7.350204468,-2.317611694,-1.070770264,-2.012283325
-7.971755981,-8.085357666,-5.849914551,-3.193588257,-1.361541748,-1.260925293
-6.923690796,-7.846084595,-4.605636597,-3.16305542,-1.547851563,-0.864471436
-5.578933716,-7.180877686,-3.512115479,-3.16305542,-1.547851563,-0.864471436
-4.51651001,-6.089752197,-2.763168335,-2.81791687,-1.368865967,-0.712371826
-3.923095703,-5.163726807,-2.18888855,-2.331054688,-0.998077393,-0.799728394
-3.954208374,-4.749771118,-1.815612793,-0.979827881,-0.830703735,-1.623779297
-4.808441162,-5.309692383,-1.794067383,-0.222961426,-0.602233887,-1.877288818
-6.772949219,-8.047073364,-3.961975098,0.417205811,-0.256484985,-1.970748901
-6.988296509,-7.609191895,-5.256484985,0.417205811,-0.256484985,-1.970748901
-7.93347168,-7.941802979,-6.926681519,1.01524353,-0.454406738,-2.202880859
-10.24014282,-9.937408447,-8.118301392,1.142913818,-0.244873047,-2.358642578
-11.07524109,-8.322250366,-8.460479736,1.641372681,0.25479126,-1.748397827
-10.41722107,-4.163528442,-8.352798462,1.641372681,0.25479126,-1.748397827
-8.543640137,-1.887954712,-8.359985352,1.748886108,0.956054688,-0.227371216
-6.772949219,-3.759140015,-6.807037354,0.981033325,1.39831543,1.46105957
-6.947631836,-5.233123779,-5.347412109,0.159423828,1.457580566,1.831253052
-8.924102783,-7.535018921,-4.509933472,-0.219894409,2.015304565,1.931427002
-9.574951172,-8.279190063,-3.854293823,-0.41293335,2.000640869,2.278411865
-8.455108643,-8.166717529,-3.53843689,-0.677459717,1.202850342,2.833068848
-7.823394775,-8.4012146,-3.067062378,-0.677459717,1.202850342,2.833068848
-7.464477539,-8.439498901,-2.631561279,-0.647506714,1.153381348,2.790298462
-7.069656372,-8.092544556,-2.227172852,-0.398895264,1.162521362,2.712738037
-6.926086426,-8.068618774,-2.277420044,-0.186920166,1.132614136,2.556945801
-6.765777588,-8.121261597,-2.495178223,0.005493164,0.907806396,2.333984375
-6.739456177,-8.528030396,-2.971343994,0.005493164,0.907806396,2.333984375
-6.749023438,-8.776885986,-3.442733765,0.130111694,0.718444824,2.05116272
-6.57913208,-8.894134521,-3.902145386,0.130111694,0.718444824,2.05116272
-5.607650757,-8.226547241,-4.488388062,0.28465271,0.638412476,1.891723633
-3.714920044,-8.317474365,-5.658477783,0.448974609,0.486907959,1.905761719
-1.707336426,-8.327041626,-6.149017334,0.294433594,-0.040863037,1.577133179
-0.041946411,-7.539794922,-6.450500488,-0.115447998,-1.04083252,0.353561401
0.132736206,-6.290740967,-6.799865723,-0.959671021,-1.477600098,-1.189453125
-1.334060669,-5.68057251,-5.751800537,-0.836883545,-1.379241943,-1.996398926
-2.439544678,-5.68296814,-5.904937744,-0.836883545,-1.379241943,-1.996398926
-3.427780151,-6.077789307,-7.003250122,0.025650024,-0.834976196,-2.285949707
-5.071655273,-6.695129395,-7.496170044,0.268768311,-0.469680786,-2.856506348
-6.945236206,-7.630722046,-7.103744507,-0.337188721,-0.817245483,-3.578536987
-8.589096069,-8.272003174,-5.577133179,-0.883300781,-1.286407471,-3.697036743
-8.849914551,-7.362731934,-4.715713501,-0.883300781,-1.286407471,-3.697036743
-7.974151611,-6.60899353,-5.072235107,-1.437973022,-2.601593018,-3.027542114
-6.784912109,-6.044281006,-4.550613403,-1.437973022,-2.601593018,-3.027542114
-6.239349365,-5.398223877,-4.057678223,-1.561355591,-2.751861572,-2.891921997
-6.093383789,-4.682769775,-4.265853882,-1.379318237,-2.119628906,-2.573059082
-6.303955078,-4.5703125,-4.476425171,-1.313964844,-1.892379761,-2.522354126
-7.03137207,-5.146972656,-4.500350952,-1.306030273,-1.397583008,-2.569396973
-8.505355835,-5.979675293,-4.304153442,-1.150253296,-0.723190308,-2.615814209
-10.6995697,-6.479782104,-3.277618408,-1.150253296,-0.723190308,-2.615814209
-13.87484741,-8.578292847,-3.483413696,-0.001831055,0.265792847,-1.38432312
-14.60466003,-9.226745605,-2.677032471,-0.001831055,0.265792847,-1.38432312
-12.32189941,-7.405807495,-3.122085571,0.877197266,0.710494995,0.641906738
-8.876235962,-6.199813843,-4.308929443,1.701858521,1.268218994,2.619873047
-7.316116333,-7.030136108,-4.478820801,1.860061646,1.955429077,3.585647583
-6.854309082,-7.922653198,-4.033752441,1.874725342,3.659133911,4.120162964
-8.144042969,-9.32963562,-4.112716675,1.874725342,3.659133911,4.120162964
-8.866668701,-9.875198364,-4.421386719,1.679244995,4.639572144,4.236831665
-8.373748779,-9.391845703,-4.667861938,1.150238037,4.041534424,4.264923096
-8.000473022,-9.056854248,-4.663070679,0.319458008,2.789260864,3.834259033
-7.658294678,-8.834320068,-3.875823975,-0.601699829,1.758117676,3.361450195
-7.2706604,-8.590255737,-3.126876831,-0.601699829,1.758117676,3.361450195
-6.978729248,-8.468215942,-2.624389648,-0.767242432,1.05380249,2.955230713
-6.504959106,-8.243286133,-2.176925659,-0.714096069,0.87298584,2.747543335
-6.186706543,-7.96812439,-2.045318604,-0.392166138,0.713546753,2.560012817
-5.916320801,-7.841293335,-2.243927002,-0.011611938,0.465545654,2.315658569
-5.136260986,-7.865219116,-2.767959595,0.24861145,0.417266846,2.149520874
-4.337051392,-7.870010376,-2.832565308,0.557098389,0.259674072,1.667541504
-3.889602661,-8.671600342,-1.317901611,1.617553711,1.029373169,1.677307129
-5.456893921,-9.889556885,-3.263275146,3.072021484,1.800888062,1.558807373
-5.040542603,-8.303115845,-5.878616333,3.072021484,1.800888062,1.558807373
-2.824798584,-7.123443604,-6.641937256,3.039031982,-0.610183716,0.24118042
-1.451309204,-6.6065979,-7.40524292,1.757446289,-2.900909424,-0.716644287
-0.204650879,-8.295928955,-7.812026978,0.689666748,-3.685256958,-1.215103149
-0.482223511,-8.307891846,-7.752197266,-0.002456665,-3.536819458,-2.389801025
-3.284210205,-9.748382568,-6.749603271,-1.287094116,-3.398162842,-3.57975769
-5.150619507,-11.25106812,-5.268447876,-2.784912109,-3.404266357,-4.535751343
-6.471450806,-11.39703369,-2.801452637,-2.784912109,-3.404266357,-4.535751343
-8.139251709,-12.29673767,-0.748413086,-2.162445068,-3.392044067,-5.296279907
-9.010238647,-11.16970825,-0.717300415,-1.157577515,-1.87159729,-4.525390625
-9.242340088,-9.482772827,-1.109725952,-0.241287231,-0.965698242,-3.440475464
-9.084411621,-7.843688965,-1.722290039,-0.241287231,-0.965698242,-3.440475464
-8.660888672,-6.881774902,-2.109924316,-0.129501343,-0.897888184,-2.417297363
-7.832977295,-6.644882202,-2.150604248,-0.24067688,-1.198440552,-1.662277222
-7.311340332,-6.764526367,-1.942428589,-0.24067688,-1.198440552,-1.662277222
-6.856704712,-6.83152771,-1.614608765,-0.196685791,-1.31022644,-1.334838867
-6.457092285,-7.50630188,-1.605041504,0.197296143,-1.304733276,-1.183349609
-6.705947876,-8.394042969,-1.889785767,0.883911133,-1.137359619,-1.336685181
-8.502960205,-10.30111694,-3.32069397,1.69329834,-0.123931885,-1.309799194
-9.864471436,-11.0333252,-4.916702271,1.69329834,-0.123931885,-1.309799194
-10.08222961,-7.898727417,-5.459884644,2.124572754,1.306091309,-0.557220459
-9.139450073,-6.506103516,-5.936050415,1.764175415,2.14541626,0.636398315
-7.758789063,-7.113876343,-5.852294922,0.769058228,2.481399536,2.183105469
-6.976333618,-8.989852905,-4.507537842,-0.827713013,3.015899658,3.048080444
-7.399871826,-10.66722107,-2.744018555,-1.871078491,3.22114563,3.252105713
-7.998077393,-11.63632202,-0.875228882,-1.380554199,2.893112183,3.483016968
-7.536254883,-10.89453125,-0.990081787,-1.380554199,2.893112183,3.483016968
-7.160583496,-10.72225952,-1.712722778,-0.91506958,2.327453613,3.226455688
-6.710739136,-10.1192627,-1.698364258,-1.134368896,1.539428711,2.669967651
-6.691589355,-9.956558228,-1.372940063,-1.281585693,1.064788818,2.250915527
-6.33744812,-9.466018677,-0.647918701,-1.371398926,0.775863647,1.992523193
-6.490600586,-9.537811279,-0.492385864,-1.161865234,0.719665527,1.90272522
-6.519302368,-9.745986938,-0.418197632,-0.815505981,0.7447052,2.043212891
-6.114929199,-10.29394531,-0.712524414,-0.815505981,0.7447052,2.043212891
-5.495178223,-10.45187378,-0.722091675,-0.375076294,0.536392212,1.781768799
-5.071655273,-10.23651123,-1.626571655,0.301147461,0.284118652,1.318130493
-4.423202515,-11.24389648,-2.87802124,0.954147339,0.130783081,1.188018799
-1.554199219,-9.801025391,-3.445129395,0.704925537,-0.506942749,0.170928955
0.326553345,-8.595031738,-3.368545532,0.704925537,-0.506942749,0.170928955
-0.01322937,-7.29095459,-3.734649658,0.253509521,-1.888702393,-1.902938843
-1.750411987,-7.669006348,-4.146224976,0.383605957,-1.594894409,-2.398971558
-2.839141846,-8.64050293,-4.828170776,0.253509521,-1.074432373,-2.543121338
-4.389694214,-9.856048584,-5.010025024,0.253509521,-1.074432373,-2.543121338
-5.342041016,-11.03572083,-4.474029541,-1.048843384,-2.464141846,-4.163131714
-5.870849609,-11.51428223,-3.756195068,-1.048843384,-2.464141846,-4.163131714
-7.184509277,-11.68177795,-2.633956909,-1.408035278,-2.577163696,-4.991455078
-8.333068848,-11.50471497,-2.263061523,-0.996307373,-1.849624634,-4.957870483
-8.952804565,-10.01397705,-2.375534058,-0.221130371,-1.114746094,-4.092285156
-9.082015991,-7.791046143,-2.928268433,0.238845825,-1.102539063,-3.108795166
-8.593887329,-7.336410522,-3.222595215,0.117279053,-1.687133789,-2.117355347
-7.373550415,-7.245483398,-3.347015381,0.117279053,-1.687133789,-2.117355347
-6.392486572,-7.216766357,-3.031158447,0.0519104,-1.694458008,-1.35256958
-6.399673462,-8.106903076,-2.758377075,0.026885986,-1.378036499,-1.169906616
-8.072250366,-10.2341156,-3.677230835,0.519210815,-0.666976929,-1.1668396
-9.902755737,-11.06681824,-4.588897705,1.140472412,0.180267334,-0.996414185
-11.01303101,-7.625946045,-4.792282104,1.659713745,1.359237671,0.122070313
-10.67085266,-6.099319458,-5.490982056,1.57661438,2.227264404,2.423782349
-8.828384399,-6.757354736,-5.82119751,1.57661438,2.227264404,2.423782349
-7.70375061,-9.492340088,-5.330673218,0.149047852,2.398910522,3.816558838
-8.144042969,-11.80142212,-4.01701355,-1.171020508,2.051345825,3.870925903
-8.438354492,-12.95715332,-2.20803833,-1.730575562,1.806991577,3.950942993
-7.794677734,-12.3757019,-1.669647217,-1.618164063,1.715377808,3.891693115
-7.462081909,-12.87818909,-2.076431274,-1.450805664,1.41116333,3.566711426
-6.741836548,-11.67698669,-1.396865845,-1.450805664,1.41116333,3.566711426
-6.404449463,-11.08596802,-0.85609436,-1.151473999,1.292037964,3.214859009
-6.12449646,-9.939804077,-0.772338867,-0.807571411,1.300582886,2.826950073
-5.942642212,-9.262634277,-0.865661621,-0.593154907,1.333572388,2.561233521
-5.787109375,-8.863037109,-1.006835938,-0.551605225,1.155822754,2.347427368
-5.301361084,-9.138214111,-1.004440308,-0.551605225,1.155822754,2.347427368
-4.353805542,-9.07359314,-0.858474731,-0.210144043,-0.013366699,1.366378784
-3.760391235,-7.575698853,-1.313110352,0.981643677,-0.444625854,0.669387817
-3.334457397,-7.630722046,-3.031158447,0.981643677,-0.444625854,0.669387817
-2.348617554,-8.011184692,-5.048309326,1.889389038,-0.4427948,0.556991577
-2.157196045,-7.999221802,-5.782913208,1.765991211,-0.303512573,-0.291488647
-2.858291626,-7.561340332,-5.59866333,0.864349365,-0.279708862,-1.086227417
-3.561782837,-7.274200439,-5.14881897,0.864349365,-0.279708862,-1.086227417
-4.174346924,-7.219161987,-4.753997803,0.672546387,-0.533218384,-1.838806152
-5.093185425,-7.877182007,-4.598464966,0.555877686,-0.830703735,-2.425857544
-6.325485229,-8.736206055,-4.402252197,0.232727051,-0.988922119,-2.942626953
-7.268264771,-9.523452759,-3.985900879,-0.273666382,-1.333435059,-3.315872192
-7.758789063,-9.918273926,-3.416412354,-0.763580322,-1.913772583,-3.644515991
-7.888000488,-9.693344116,-2.64352417,-0.763580322,-1.913772583,-3.644515991
-8.335464478,-9.647872925,-2.210418701,-0.946228027,-2.249740601,-3.759963989
-8.412033081,-9.085571289,-1.818008423,-0.592544556,-2.098236084,-3.301208496
-7.749221802,-7.582870483,-2.574142456,0.261444092,-1.636428833,-2.593826294
-7.47644043,-6.61138916,-3.856689453,0.606567383,-1.31022644,-2.063613892
-6.825592041,-6.362533569,-4.67024231,0.445922852,-1.101303101,-1.589569092
-7.143844604,-7.044494629,-4.533859253,0.241882324,-1.049377441,-1.782608032
-7.756393433,-6.979873657,-4.557785034,0.871688843,-0.491668701,-1.664093018
-8.371353149,-7.245483398,-5.541229248,1.919326782,0.744094849,-1.034912109
-10.08460999,-8.396438599,-7.115707397,1.919326782,0.744094849,-1.034912109
-11.97015381,-8.673995972,-8.415008545,2.326156616,1.964584351,-0.165649414
-10.29278564,-6.544387817,-7.910125732,1.651153564,2.438018799,1.425628662
-7.624801636,-6.59942627,-6.251907349,0.350631714,1.92489624,2.374313354
-7.567367554,-8.087753296,-5.493377686,-0.847259521,1.337844849,2.397521973
-7.186904907,-9.389450073,-4.861679077,-0.847259521,1.337844849,2.397521973
-7.655899048,-11.1098938,-3.911727905,-2.09526062,1.119766235,2.726776123
-8.828384399,-12.72744751,-2.540634155,-3.180145264,0.526611328,2.165390015
-9.366775513,-13.47879028,-1.006835938,-3.163650513,0.274337769,2.078033447
-9.192092896,-12.37330627,0.225463867,-2.326782227,0.788070679,2.402420044
-8.553207397,-11.50709534,0.318786621,-1.588851929,1.218734741,2.911865234
-7.277832031,-10.55714417,0.084289551,-0.767837524,1.240722656,3.143386841
-6.215423584,-9.367919922,-0.801055908,-0.278549194,1.094116211,3.015716553
-4.908935547,-9.353561401,-1.839538574,-0.322540283,0.502807617,2.730438232
-3.243530273,-8.719467163,-1.75340271,-0.701873779,-0.89666748,1.891113281
-2.73147583,-8.372497559,-1.607437134,-0.822219849,-1.778137207,0.633956909
-2.851119995,-7.714477539,-1.124084473,-0.374450684,-1.303512573,-0.090515137
-3.226791382,-7.757553101,-1.990280151,0.384231567,-0.725631714,-0.404495239
-3.63835144,-8.65486145,-3.284805298,0.627960205,-0.825195313,-1.020248413
-3.473251343,-8.882171631,-4.177322388,0.627960205,-0.825195313,-1.020248413
-3.394287109,-8.511291504,-4.201248169,0.66947937,-1.351150513,-1.91394043
-4.3203125,-8.623748779,-4.777923584,0.81427002,-1.323043823,-2.699508667
-6.715515137,-10.77729797,-5.014816284,0.652389526,-0.753128052,-3.309143066
-8.976745605,-11.55256653,-5.636947632,1.484390259,-0.007858276,-3.82043457
-10.40286255,-10.69114685,-6.357192993,1.720779419,0.559005737,-3.373901367
-10.76896667,-8.839111328,-6.254302979,1.720779419,0.559005737,-3.373901367
-10.26885986,-7.472808838,-5.876235962,0.944992065,-0.028030396,-2.676300049
-8.785308838,-6.240493774,-5.428771973,0.021377563,-1.035949707,-1.991516113
-7.648727417,-6.080184937,-5.060272217,0.021377563,-1.035949707,-1.991516113
-6.437957764,-5.778686523,-3.433151245,-0.838699341,-1.867950439,-1.623779297
-6.12210083,-5.891143799,-2.435348511,-1.289520264,-2.04876709,-1.482681274
-5.945037842,-6.080184937,-1.447113037,-1.209503174,-1.417129517,-1.260925293
-6.062286377,-6.458251953,-1.006835938,-0.740966797,-0.555206299,-1.057510376
-6.224990845,-6.544387817,-0.430160522,-0.058654785,0.004959106,-1.129592896
-7.294586182,-7.164123535,-0.700561523,0.819152832,0.621307373,-1.115539551
-10.13964844,-10.1958313,-2.66027832,0.819152832,0.621307373,-1.115539551
-12.015625,-10.93760681,-3.414016724,1.514938354,1.405044556,-0.818664551
-12.3338623,-9.56413269,-4.148605347,2.023773193,2.210769653,0.134887695
-10.12768555,-7.853256226,-4.603256226,0.911392212,1.769744873,3.232559204
-7.861679077,-7.008590698,-4.311325073,0.911392212,1.769744873,3.232559204
-7.25869751,-8.547180176,-3.856689453,-0.290161133,1.571807861,3.588088989
-7.421401978,-9.913482666,-2.751205444,-0.290161133,1.571807861,3.588088989
-8.199066162,-11.49035645,-1.07623291,-1.194229126,1.852203369,3.438430786
-8.002853394,-11.33721924,-0.40145874,-0.968811035,1.902908325,2.937515259
-7.495574951,-10.12644958,-0.36555481,-0.902236938,1.448425293,2.537399292
-7.064880371,-9.446884155,-0.080810547,-0.829559326,1.037307739,2.268630981
-6.11730957,-8.717071533,0.378601074,-0.829559326,1.037307739,2.268630981
-5.495178223,-7.984863281,0.486282349,-0.472198486,0.97315979,1.957092285
-5.141036987,-7.463226318,0.373825073,-0.054977417,1.016540527,1.667526245
-4.262878418,-7.140197754,-0.025772095,0.207077026,0.805786133,1.222229004
-3.86567688,-6.955947876,-0.320098877,0.315811157,0.461257935,0.49772644
-4.167160034,-7.870010376,-0.911117554,0.379943848,0.043441772,-0.153442383
-4.719909668,-9.119064331,-1.554794312,0.561981201,-0.437301636,-0.876098633
-4.916122437,-9.205200195,-2.746414185,1.058609009,-0.63949585,-1.586502075
-6.169952393,-10.28915405,-4.45489502,1.346328735,-0.59979248,-2.092315674
-7.4740448,-10.16233826,-5.555587769,0.852142334,-1.31817627,-2.472259521
-7.536254883,-8.406005859,-6.874038696,-0.282211304,-3.572860718,-2.687301636
-5.729675293,-7.537414551,-6.792678833,-2.528366089,-4.893539429,-2.975006104
-5.68182373,-9.54498291,-5.479019165,-3.172821045,-4.196563721,-3.533950806
-6.437957764,-10.25566101,-3.808837891,-3.172821045,-4.196563721,-3.533950806
-9.103561401,-9.714874268,-2.007034302,-2.696960449,-1.839233398,-3.339080811
-10.09896851,-8.154754639,-0.903945923,-2.162445068,-1.007843018,-2.326873779
-8.907348633,-6.776489258,-0.903945923,-1.559524536,-1.191116333,-1.312850952
-7.196472168,-5.872009277,-1.205444336,-1.145965576,-0.960205078,-0.761856079
-5.880432129,-5.352767944,-1.466262817,-0.684783936,-0.037200928,-0.502243042
-5.239151001,-5.319259644,-1.978317261,-0.684783936,-0.037200928,-0.502243042
-5.246322632,-5.194839478,-2.684204102,-0.201583862,0.49180603,-0.435043335
-5.19367981,-5.280975342,-3.466659546,-0.121551514,0.389785767,-0.535217285
-5.176940918,-5.663833618,-3.421188354,-0.121551514,0.389785767,-0.535217285
-5.708145142,-6.405609131,-2.43057251,-0.2449646,0.086807251,-0.827835083
-6.459487915,-6.805206299,-1.825180054,0.029327393,0.129562378,-1.111877441
-9.146621704,-9.279388428,-2.909133911,0.689651489,0.670181274,-1.101486206
-11.91513062,-11.13861084,-3.507339478,0.96270752,1.299987793,-0.725204468
-12.35301208,-8.540008545,-2.973739624,1.382980347,1.133224487,0.285766602
-9.795089722,-7.042098999,-3.442733765,1.478271484,0.982330322,2.051773071
-7.883224487,-8.41557312,-3.57434082,0.957824707,1.29447937,3.222793579
-7.739654541,-9.853668213,-2.700958252,0.570541382,1.990249634,3.599075317
-8.134460449,-10.88496399,-2.064468384,0.451416016,2.664642334,3.883743286
-8.223007202,-11.19842529,-1.50932312,0.555877686,2.765441895,3.99369812
-7.677429199,-10.71269226,-1.561965942,0.596801758,2.277359009,3.809844971
-6.880630493,-10.04029846,-1.719894409,0.323745728,1.757522583,3.36756897
-5.976135254,-9.284164429,-1.51411438,0.323745728,1.757522583,3.36756897
-5.497573853,-8.717071533,-1.28678894,0.151489258,1.4349823,2.806793213
-5.22479248,-8.245681763,-1.100158691,0.151489258,1.4349823,2.806793213
-5.131469727,-7.893936157,-1.085800171,0.146606445,1.281051636,2.274734497
-5.164978027,-7.908294678,-1.119293213,0.165527344,1.199798584,1.817199707
-5.172149658,-7.877182007,-1.150405884,0.08001709,0.725158691,1.286361694
-4.640945435,-7.180877686,-1.210220337,0.16003418,-0.101348877,0.670608521
-4.138458252,-6.733413696,-1.444717407,0.335357666,-0.913162231,0.119613647
-3.815414429,-7.195236206,-2.322891235,0.533874512,-1.534408569,-0.471694946
-4.140838623,-8.547180176,-3.296768188,0.533874512,-1.534408569,-0.471694946
-5.167358398,-9.243484497,-4.584106445,0.367736816,-1.95223999,-1.463729858
-6.600662231,-8.647674561,-5.005249023,-0.38911438,-2.669998169,-3.030593872
-7.49319458,-8.382080078,-4.742034912,-1.368331909,-3.63760376,-3.669570923
-7.93347168,-9.477981567,-4.715713501,-1.688415527,-3.578353882,-3.188812256
-8.029174805,-8.886962891,-4.954986572,-1.199737549,-2.174606323,-2.662857056
-8.648925781,-8.001617432,-4.828170776,-1.713470459,-1.107421875,-1.89012146
-8.830780029,-8.114074707,-4.344818115,-2.634658813,-1.512420654,-1.241378784
-7.92628479,-8.157150269,-2.686599731,-2.634658813,-1.512420654,-1.241378784
-6.598266602,-7.618759155,-1.480621338,-2.754379272,-1.738433838,-0.948776245
-5.67225647,-7.27897644,-0.679016113,-2.754379272,-1.738433838,-0.948776245
-5.411437988,-6.876983643,-0.238739014,-2.491699219,-1.381072998,-0.935943604
-5.248718262,-6.228530884,-0.111923218,-2.233917236,-1.420166016,-1.01109314
-5.119506836,-6.001220703,0.09147644,-2.277908325,-1.90826416,-1.304916382
-4.908935547,-6.39125061,0.285293579,-2.466049194,-2.236282349,-1.840026855
-5.097976685,-6.888946533,0.481506348,-2.466049194,-2.236282349,-1.840026855
-6.57194519,-7.058837891,0.553283691,-2.437332153,-1.646194458,-2.188827515
-8.115325928,-7.369903564,0.345108032,-1.948043823,-0.498382568,-2.270675659
-10.79768372,-7.558944702,-0.288986206,-1.262039185,0.263961792,-2.23097229
-14.128479,-8.630935669,-2.897171021,-1.076339722,1.598678589,-1.394699097
-13.33885193,-10.52125549,-6.352401733,-0.479522705,0.819839478,-1.005584717
-13.95620728,-6.630523682,-4.574539185,-0.479522705,0.819839478,-1.005584717
-11.51551819,-5.630325317,-5.024383545,1.359161377,0.409957886,0.858764648
-7.629577637,-6.333816528,-6.244720459,2.579666138,2.244995117,2.811691284
-7.002655029,-7.412979126,-3.863861084,1.893051147,3.072097778,3.27532959
-7.062484741,-9.439697266,-2.404251099,1.455688477,3.302993774,3.410324097
-6.603057861,-9.413375854,-2.038146973,1.604110718,3.465484619,3.501968384
-6.540847778,-9.10710144,-2.143432617,1.55645752,3.406234741,3.346191406
-6.658096313,-9.176498413,-2.40663147,1.55645752,3.406234741,3.346191406
-6.894989014,-9.427734375,-2.435348511,1.009750366,3.169830322,3.131774902
-6.976333618,-8.786468506,-1.779724121,0.167984009,2.531478882,2.763427734
-7.198867798,-8.839111328,-1.193481445,-0.478912354,1.698867798,2.378585815
-7.313720703,-9.346389771,-0.693374634,-0.693328857,0.86932373,2.259475708
-7.081619263,-9.698120117,-0.674240112,-0.428817749,0.286560059,2.222824097
-6.792098999,-9.906311035,-0.813018799,0.122177124,-0.00177002,2.140335083
-6.325485229,-9.556945801,-0.889587402,0.122177124,-0.00177002,2.140335083
-6.662872314,-10.23173523,-1.636154175,0.727523804,0.054443359,2.04750061
-7.416625977,-11.54299927,-2.466461182,0.451416016,-0.013366699,1.984573364
-4.806045532,-10.09773254,-1.73425293,0.18019104,-1.326721191,1.979690552
-2.130874634,-9.281784058,-2.583709717,0.912002563,-2.621139526,1.056671143
-0.652114868,-7.984863281,-6.208831787,0.912002563,-2.621139526,1.056671143
-1.044525146,-8.499328613,-9.274032593,3.007873535,-0.049423218,0.30897522
-1.850906372,-8.001617432,-12.04492188,3.377456665,0.563278198,0.015167236
-2.027984619,-7.106704712,-13.68400574,1.479492188,-0.848403931,-1.76121521
-3.676635742,-7.908294678,-11.91810608,1.479492188,-0.848403931,-1.76121521
-4.99508667,-8.240905762,-8.582519531,-1.324966431,-2.638244629,-3.383666992
-5.858886719,-8.520858765,-5.770950317,-1.324966431,-2.638244629,-3.383666992
-6.325485229,-8.860641479,-3.122085571,-2.830734253,-2.781799316,-3.693374634
-6.607849121,-8.611785889,-1.404037476,-3.137390137,-1.946731567,-3.353744507
-6.849517822,-8.051864624,-0.411026001,-2.610214233,-1.061004639,-3.02571106
-6.79447937,-7.106704712,-0.121490479,-1.849075317,-0.621170044,-2.533966064
-6.892593384,-7.274200439,-0.537841797,-1.301132202,-0.564971924,-2.197982788
-7.483612061,-7.72883606,-0.413421631,-1.144760132,-0.859405518,-2.036727905
-9.785507202,-10.90171814,-2.389892578,-0.888809204,-1.032287598,-1.984802246
-11.74284363,-13.48835754,-4.218002319,-0.969436646,-1.63520813,-2.232192993
-10.40525818,-8.384475708,-2.722488403,-0.969436646,-1.63520813,-2.232192993
-10.9029541,-6.233322144,-2.157791138,0.543655396,0.13873291,-0.187042236
-9.05809021,-5.108688354,-3.1197052,1.08366394,0.991485596,1.323623657
-7.603256226,-5.403015137,-3.595870972,0.851531982,1.02142334,1.745117188
-6.792098999,-5.706893921,-3.143630981,0.851531982,1.02142334,1.745117188
-6.208236694,-6.025146484,-2.760772705,0.952331543,1.197967529,1.8465271
-6.045532227,-6.343383789,-2.535842896,0.952331543,1.197967529,1.8465271
-6.500167847,-7.077987671,-2.437744141,1.053115845,1.772171021,1.853851318
-7.304153442,-8.023147583,-2.301345825,0.936447144,2.412979126,1.930206299
-8.177536011,-8.848678589,-2.181716919,0.737304688,2.731842041,2.064590454
-8.684814453,-9.028137207,-2.042922974,0.524108887,2.453887939,2.310775757
-8.895385742,-9.317672729,-2.306137085,0.524108887,2.453887939,2.310775757
-8.747024536,-9.535415649,-2.507141113,0.156982422,1.858917236,2.745101929
-8.105758667,-9.949371338,-2.787094116,-0.34085083,1.136260986,3.027938843
-7.177337646,-9.846481323,-2.610031128,-0.695770264,0.42767334,3.127487183
-6.452316284,-10.42076111,-2.827774048,-0.695770264,0.42767334,3.127487183
-4.372955322,-10.3106842,-3.069442749,-0.395843506,-0.708526611,2.580780029
-2.841537476,-10.3441925,-3.229766846,-0.395843506,-0.708526611,2.580780029
-1.779129028,-10.64569092,-3.186691284,0.225402832,-1.356658936,1.35295105
-1.810241699,-10.59544373,-2.734451294,0.462417603,-2.120834351,-0.270706177
-2.190689087,-8.788848877,-3.081420898,1.285247803,-1.228988647,-1.22366333
-2.755401611,-7.917861938,-4.328079224,1.795928955,0.132003784,-1.369659424
-3.047317505,-7.585266113,-4.753997803,0.931564331,0.084350586,-1.846755981
-3.566574097,-7.637908936,-4.177322388,0.931564331,0.084350586,-1.846755981
-4.253311157,-8.286361694,-3.10055542,-0.865600586,-0.899108887,-2.648803711
-4.952011108,-9.578491211,-1.758178711,-2.479476929,-1.78793335,-3.147262573
-5.409042358,-10.13122559,-0.482803345,-3.153884888,-2.555160522,-3.599304199
-5.928283691,-9.688552856,-0.138244629,-3.079360962,-2.417098999,-3.821655273
-7.222793579,-10.00920105,-0.674240112,-3.031707764,-1.774475098,-3.469802856
-8.541244507,-10.53082275,-0.250701904,-3.031707764,-1.774475098,-3.469802856
-8.895385742,-9.083175659,-0.241134644,-2.300506592,-1.58694458,-3.756912231
-9.594085693,-8.126037598,-1.025985718,-0.998764038,-1.620544434,-3.814941406
-10.81202698,-6.472610474,-1.605041504,-0.198532104,-1.083602905,-2.483886719
-9.51751709,-6.329040527,-2.748809814,0.405609131,-0.767166138,-1.106384277
-8.756591797,-6.331420898,-3.691589355,0.333526611,-0.675552368,-0.514465332
-9.046127319,-7.030136108,-4.390289307,0.333526611,-0.675552368,-0.514465332
-10.69000244,-9.638305664,-5.251708984,0.405593872,-0.517944336,-0.329360962
-11.0585022,-8.908493042,-4.797073364,0.492355347,0.277999878,0.177642822
-10.04872131,-6.841094971,-4.46925354,1.1197052,0.703781128,1.10005188
-8.108139038,-6.941589355,-4.545822144,1.168563843,1.389175415,2.443939209
-6.945236206,-7.853256226,-3.593475342,0.723251343,2.227874756,3.049316406
-7.505157471,-8.963531494,-2.487991333,0.32069397,2.722671509,3.095733643
-7.950210571,-10.19343567,-1.231765747,0.345123291,2.545532227,3.14704895
-7.421401978,-9.973297119,-1.155197144,0.345123291,2.545532227,3.14704895
-6.897369385,-9.616775513,-1.368148804,0.41293335,1.827774048,2.701126099
-6.79927063,-9.518661499,-1.332260132,0.41293335,1.827774048,2.701126099
-6.770553589,-9.207595825,-0.901550293,0.12399292,1.758743286,2.450668335
-6.691589355,-8.863037109,-0.406234741,-0.016494751,1.536376953,2.224639893
-6.57913208,-8.611785889,-0.128677368,-0.015869141,1.324417114,2.154403687
-6.390090942,-8.537612915,-0.049713135,-0.015869141,1.324417114,2.154403687
-6.169952393,-8.721862793,-0.037750244,0.042739868,1.001266479,2.100036621
-6.284820557,-9.181274414,0.347503662,0.378723145,0.404449463,1.843460083
-5.880432129,-9.446884155,-0.38230896,1.266296387,-0.285797119,1.63760376
-5.188903809,-8.918060303,-1.899353027,1.753173828,-0.880783081,1.374328613
-4.968765259,-9.083175659,-3.495376587,1.899154663,-1.250350952,0.994979858
-4.29876709,-8.628540039,-5.12487793,1.499053955,-1.128799438,0.565551758
-3.789093018,-8.202606201,-6.026977539,0.263885498,-1.536849976,-0.494293213
-3.815414429,-7.901123047,-5.708740234,0.263885498,-1.536849976,-0.494293213
-4.06187439,-8.463424683,-4.878417969,-0.139892578,-2.228363037,-1.260925293
-3.312927246,-7.9609375,-5.747024536,-0.139892578,-2.228363037,-1.260925293
-3.083221436,-7.355560303,-6.225585938,0.572982788,-1.513031006,-1.356826782
-4.231765747,-7.714477539,-5.309127808,-0.254730225,-0.658432007,-2.155227661
-7.119903564,-10.24369812,-2.729675293,-2.118469238,-0.531387329,-3.081298828
-8.301956177,-11.40899658,-0.722091675,-2.924804688,-0.710357666,-3.247451782
-8.294784546,-10.40400696,0.500640869,-2.290115356,-0.813598633,-3.083129883
-8.120101929,-8.992248535,0.814102173,-1.512496948,-0.916824341,-2.595672607
-7.990890503,-8.042297363,0.280502319,-1.512496948,-0.916824341,-2.595672607
-7.074447632,-7.604400635,-0.226776123,-1.083679199,-1.224090576,-1.967697144
-6.303955078,-6.527633667,-0.978118896,-0.45324707,-1.502655029,-1.758789063
-6.253707886,-6.396026611,-1.143234253,-0.339630127,-1.30166626,-1.550476074
-6.430770874,-6.948776245,-1.504547119,-0.2290802,-1.04876709,-1.356842041
-6.459487915,-7.475189209,-1.73425293,-1.53E-05,-0.900344849,-1.326904297
-7.366363525,-7.898727417,-2.803848267,0.379959106,0.081314087,-1.039794922
-9.29498291,-9.449279785,-4.619995117,0.819152832,0.21875,-0.53704834
-11.11112976,-11.22235107,-7.029571533,0.819152832,0.21875,-0.53704834
-10.99150085,-8.307891846,-7.632568359,1.07144165,-0.17829895,-0.771011353
-9.871658325,-5.537002563,-8.075241089,1.469726563,1.701934814,1.928375244
-6.682022095,-4.898132324,-8.721298218,1.469726563,1.701934814,1.928375244
-4.954406738,-5.534622192,-7.689987183,0.161880493,1.783782959,2.491592407
-6.966766357,-7.72164917,-4.70135498,-1.098342896,1.704971313,1.737792969
-9.053314209,-9.980484009,-2.617202759,-1.613891602,1.759353638,1.757949829
-8.658493042,-10.14318848,-1.420791626,-1.437362671,1.518051147,2.217315674
-7.809036255,-9.724441528,-1.078613281,-1.003631592,1.254776001,2.305282593
-7.03855896,-9.135818481,-0.923080444,-1.003631592,1.254776001,2.305282593
-6.162780762,-8.291152954,-0.355987549,-0.698822021,1.205291748,2.114089966
-6.093383789,-7.994430542,-0.317703247,-0.354919434,1.793548584,1.993743896
-6.325485229,-7.688156128,-0.623977661,0.07635498,2.26940918,1.870956421
-6.686813354,-7.518264771,-0.779510498,0.123382568,1.774002075,1.654708862
-6.33744812,-7.427337646,-0.899154663,0.094665527,0.954833984,1.531311035
-5.933074951,-7.709686279,-1.167160034,0.094665527,0.954833984,1.531311035
-5.581329346,-8.441894531,-1.523681641,0.159423828,0.196762085,1.363937378
-5.22479248,-8.970703125,-2.253494263,0.425765991,-0.287033081,1.07989502
-5.322906494,-9.403808594,-3.476226807,0.939498901,-0.609558105,0.696258545
-4.99029541,-9.281784058,-4.612823486,1.04335022,-1.078704834,0.318756104
-4.499771118,-8.860641479,-5.321090698,0.336578369,-1.760437012,-0.473526001
-3.894378662,-8.054260254,-5.479019165,0.318252563,-2.125717163,-1.008651733
-3.217208862,-7.379486084,-6.05090332,0.690872192,-1.503265381,-0.900512695
-3.588104248,-8.334213257,-7.718704224,0.690872192,-1.503265381,-0.900512695
-4.179122925,-8.159545898,-8.288192749,0.243118286,-0.867965698,-0.905395508
-5.298965454,-8.238510132,-6.830963135,-1.167358398,-1.387817383,-1.509552002
-5.976135254,-8.726638794,-4.399856567,-2.416564941,-2.009048462,-2.061767578
-6.12449646,-8.583068848,-2.251098633,-2.416564941,-2.009048462,-2.061767578
-5.964172363,-7.676193237,-0.982910156,-2.257751465,-1.925369263,-2.169876099
-5.822998047,-6.728637695,-0.631164551,-1.591918945,-1.287017822,-2.033676147
-5.894790649,-6.077789307,-0.702941895,-1.109329224,-0.70791626,-1.833312988
-6.028778076,-5.783462524,-0.923080444,-0.761734009,-0.561309814,-1.772216797
-6.12210083,-5.671005249,-1.203048706,-0.661560059,-0.44342041,-1.694625854
-6.622207642,-6.640106201,-1.676834106,-0.632843018,-0.327957153,-1.916992188
-8.175140381,-8.860641479,-1.578720093,-0.429443359,-0.439743042,-2.17906189
-10.06307983,-10.2293396,-2.088394165,-0.429443359,-0.439743042,-2.17906189
-12.06587219,-11.29891968,-3.007232666,0.037261963,-0.263214111,-1.996398926
-12.38650513,-9.76991272,-3.155593872,0.556488037,-0.553985596,-1.522979736
-10.66368103,-7.434524536,-3.593475342,1.524703979,-0.340774536,-0.168716431
-7.430969238,-4.773696899,-4.756393433,2.319442749,0.815567017,1.11227417
-5.643539429,-4.09413147,-5.931259155,1.944366455,1.70741272,1.789093018
-5.349212646,-5.084762573,-6.077224731,1.944366455,1.70741272,1.789093018
-6.270462036,-6.544387817,-4.966964722,0.873535156,1.998794556,1.500778198
-7.646331787,-8.109298706,-3.667648315,0.186920166,2.516815186,1.388977051
-8.553207397,-9.32723999,-2.263061523,0.068405151,2.696411133,1.709075928
-8.091400146,-8.796035767,-1.770141602,0.068405151,2.696411133,1.709075928
-7.600860596,-8.456253052,-1.7318573,0.186294556,2.397705078,1.916152954
-7.320907593,-8.379684448,-1.485397339,-0.082458496,1.90411377,1.86668396
-6.777740479,-8.106903076,-1.06427002,-0.350021362,1.646331787,1.872787476
-6.464279175,-7.881973267,-0.726882935,-0.530227661,1.474685669,1.711517334
-6.387710571,-8.216964722,-1.009231567,-0.538162231,1.196746826,1.412200928
-6.201065063,-8.226547241,-1.066650391,-0.538162231,1.196746826,1.412200928
-6.378128052,-8.748184204,-1.037948608,-0.58581543,0.613372803,1.148910522
-6.3565979,-9.437316895,-0.906341553,-0.650558472,0.132019043,0.786071777
-6.483413696,-9.305709839,-1.090591431,-0.241287231,-0.085449219,0.544158936
-6.940444946,-9.413375854,-1.719894409,0.194244385,0.143615723,0.538665771
-6.873443604,-9.343994141,-2.109924316,0.029922485,-0.325515747,0.600357056
-6.234558105,-8.597427368,-2.229568481,0.053146362,-1.496536255,0.359069824
-5.456893921,-6.917663574,-2.851699829,0.053146362,-1.496536255,0.359069824
-3.966171265,-6.427139282,-5.333053589,0.371994019,-1.856948853,0.625411987
-2.0519104,-6.853057861,-9.778930664,-0.07208252,-0.861846924,1.91859436
0.549087524,-7.546981812,-10.87483215,-0.07208252,-0.861846924,1.91859436
-1.874847412,-8.18586731,-9.396072388,-1.806930542,-0.907653809,-0.716033936
-4.179122925,-8.64289856,-7.302352905,-2.835021973,-1.311462402,-2.904754639
-5.593292236,-8.65007019,-4.730072021,-3.041488647,-0.75189209,-3.291427612
-6.665267944,-8.65007019,-3.10055542,-2.78187561,-0.474563599,-3.769134521
-8.103363037,-8.305511475,-2.263061523,-2.056777954,0.149719238,-3.329925537
-8.84513855,-7.527832031,-2.014221191,-1.433074951,0.448440552,-2.149734497
-7.959793091,-6.451065063,-2.344421387,-1.381164551,0.808242798,-1.228546143
-7.445327759,-6.168716431,-3.134048462,-1.631607056,0.914520264,-0.706268311
-7.098373413,-5.46043396,-3.739440918,-1.631607056,0.914520264,-0.706268311
-6.899765015,-5.678192139,-3.236953735,-1.507003784,0.285339355,-1.251144409
-8.026794434,-6.924850464,-3.626983643,-1.507003784,0.285339355,-1.251144409
-10.7713623,-8.784072876,-4.962173462,-0.13684082,-0.156921387,-2.261520386
-10.95321655,-6.434310913,-4.658279419,0.908950806,-0.080551147,-1.676315308
-10.71392822,-4.120452881,-4.495574951,2.039657593,0.44354248,-0.267059326
-9.960189819,-2.861831665,-5.37612915,2.039657593,0.44354248,-0.267059326
-8.689605713,-3.393035889,-6.134658813,2.447723389,1.249282837,1.760391235
-7.758789063,-4.400421143,-6.005447388,2.35975647,1.696426392,2.768920898
-7.93107605,-5.982070923,-6.661071777,2.35975647,1.696426392,2.768920898
-7.725296021,-6.396026611,-7.316711426,1.974914551,2.84362793,3.614349365
-8.289993286,-6.692749023,-6.840530396,0.767837524,3.0806427,3.927124023
-7.732467651,-6.965530396,-5.589096069,-0.56137085,1.802719116,3.283874512
-7.414230347,-7.692947388,-3.928466797,-1.301147461,-0.24609375,2.290618896
-7.184509277,-7.690551758,-3.09576416,-1.301147461,-0.24609375,2.290618896
-7.074447632,-7.546981812,-2.983306885,-0.491744995,0.088027954,2.324829102
-6.976333618,-7.408203125,-3.284805298,0.120330811,0.436218262,2.349884033
-6.868667603,-7.310089111,-3.605438232,0.419662476,0.449050903,2.247238159
-6.600662231,-7.556549072,-4.052902222,0.419662476,0.449050903,2.247238159
-6.150817871,-7.803009033,-4.332855225,0.602905273,0.343978882,2.018173218
-5.949813843,-8.238510132,-4.897567749,0.841751099,0.380630493,1.564910889
-5.803863525,-8.894134521,-6.05329895,0.725097656,0.678726196,1.151977539
-5.284606934,-8.288757324,-6.373931885,0.385452271,-0.029251099,0.163589478
-4.380126953,-6.754959106,-6.390686035,0.385452271,-0.029251099,0.163589478
-3.176544189,-5.02255249,-5.804443359,0.019546509,-1.070770264,-0.700149536
-2.27204895,-4.828735352,-5.347412109,-0.287109375,-1.644973755,-1.117370605
-2.063873291,-6.175888062,-5.969543457,0.031768799,-1.270523071,-1.176620483
-2.956390381,-6.764526367,-6.699356079,0.298095703,-0.514282227,-1.80581665
-4.873046875,-7.417770386,-6.574935913,0.298095703,-0.514282227,-1.80581665
-6.729873657,-7.96572876,-4.773132324,-0.848495483,-1.133682251,-2.86567688
-6.720306396,-7.51109314,-3.191482544,-0.702484131,-1.526473999,-2.874221802
-6.495376587,-7.200027466,-2.820602417,-0.702484131,-1.526473999,-2.874221802
-6.327880859,-6.977493286,-2.734451294,-0.380554199,-1.313278198,-2.790527344
-6.524093628,-6.496536255,-3.040740967,-0.164321899,-1.062210083,-2.660415649
-6.789703369,-6.364929199,-3.045516968,-0.300552368,-1.162399292,-2.607269287
-7.206054688,-6.635314941,-2.8828125,-0.522277832,-1.431793213,-2.642089844
-7.524291992,-7.075592041,-2.710525513,-0.48135376,-1.629699707,-2.66468811
-8.127288818,-7.647476196,-2.791885376,-0.381790161,-1.154449463,-2.55229187
-8.282821655,-7.747970581,-3.753799438,-0.381790161,-1.154449463,-2.55229187
-12.01802063,-9.200424194,-4.966964722,-0.046417236,-0.484954834,-2.373916626
-13.36517334,-8.604614258,-4.868850708,0.218078613,0.168060303,-1.518707275
-12.015625,-5.800216675,-4.347213745,0.822814941,0.260910034,-0.124130249
-9.826187134,-4.362136841,-4.969345093,1.39642334,0.752044678,1.677307129
-6.725097656,-4.857452393,-5.60345459,1.338394165,1.480789185,2.729217529
-5.775146484,-5.340805054,-5.036346436,0.718978882,2.447174072,2.527008057
-7.098373413,-6.876983643,-4.340042114,0.718978882,2.447174072,2.527008057
-9.000671387,-9.004211426,-3.641326904,0.054977417,2.994506836,2.374298096
-9.457702637,-9.671813965,-2.66267395,-0.137435913,2.669525146,2.542297363
-8.924102783,-9.442092896,-2.557388306,-0.167984009,2.230331421,2.666915894
-8.581924438,-9.592849731,-2.454498291,-0.437988281,1.915115356,2.678527832
-8.026794434,-9.372711182,-1.983108521,-0.437988281,1.915115356,2.678527832
-7.586502075,-9.049667358,-1.645721436,-0.519226074,1.748962402,2.671188354
-7.294586182,-8.89175415,-1.425582886,-0.494186401,1.678100586,2.635757446
-7.03137207,-8.717071533,-1.349014282,-0.459365845,1.543106079,2.574050903
-6.617416382,-8.755355835,-1.74621582,-0.386672974,1.125274658,2.368804932
-6.313522339,-8.937210083,-1.959182739,-0.436157227,0.530288696,1.967468262
-5.878036499,-9.188461304,-2.210418701,-0.436157227,0.530288696,1.967468262
-4.920898438,-8.18586731,-2.526275635,-0.301757813,0.045272827,1.608901978
-4.413619995,-8.348571777,-3.251296997,-0.149658203,-0.66027832,1.206329346
-3.463668823,-7.929824829,-3.069442749,-0.331695557,-1.911315918,0.57409668
-2.719512939,-7.73840332,-2.834945679,-0.255950928,-3.189849854,-0.578598022
-2.102157593,-6.946380615,-3.251296997,0.507003784,-3.161132813,-1.856506348
-2.829574585,-7.240692139,-4.186904907,1.604110718,-1.936965942,-2.629257202
-4.10017395,-8.365325928,-5.316314697,1.648712158,-0.710968018,-3.250488281
-6.375747681,-9.688552856,-5.902557373,0.516784668,-0.581466675,-4.190628052
-8.653701782,-11.07640076,-5.163162231,0.516784668,-0.581466675,-4.190628052
-10.31910706,-11.25106812,-3.021591187,-0.788024902,-1.318161011,-4.414199829
-10.31910706,-9.791442871,-1.236541748,-0.768463135,-1.695068359,-3.511352539
-8.85949707,-8.264831543,-2.251098633,0.06842041,-1.573501587,-2.28717041
-7.648727417,-7.147384644,-2.990493774,0.106887817,-1.472717285,-1.661651611
-6.950012207,-6.331420898,-2.899551392,-0.366516113,-1.281524658,-1.34034729
-6.58392334,-6.216567993,-2.18649292,-0.648132324,-1.228988647,-1.196792603
-6.454696655,-6.424743652,-1.585891724,-0.648132324,-1.228988647,-1.196792603
-6.36138916,-6.518066406,-1.258087158,-0.427001953,-1.082366943,-1.13571167
-6.469055176,-6.738204956,-1.164764404,-0.427001953,-1.082366943,-1.13571167
-7.194091797,-7.422546387,-2.002243042,0.817932129,-0.067733765,-0.997024536
-7.988510132,-7.381881714,-2.87802124,1.53692627,0.445388794,-0.729476929
-10.35261536,-9.688552856,-4.785110474,1.53692627,0.445388794,-0.729476929
-12.72628784,-11.17929077,-4.375930786,1.650543213,0.992706299,-0.098464966
-11.2283783,-8.942001343,-3.445129395,1.823410034,1.665893555,1.329727173
-7.844940186,-7.690551758,-3.576721191,1.763549805,2.167999268,2.763427734
-6.555206299,-8.138000488,-3.313522339,0.743408203,2.526596069,3.018768311
-7.215621948,-9.339202881,-2.133850098,-0.73487854,2.991455078,2.436004639
-8.703964233,-11.02853394,-1.138442993,-1.694519043,3.180206299,1.905166626
-9.412231445,-11.15296936,0.223068237,-1.694519043,3.180206299,1.905166626
-9.570159912,-10.80360413,0.799743652,-1.696365356,2.854629517,1.865447998
-8.959991455,-9.975692749,0.780609131,-1.223556519,2.57484436,2.291229248
-8.203857422,-9.454055786,0.639419556,-1.134979248,2.081268311,2.429290771
-7.304153442,-8.903717041,0.799743652,-1.101379395,1.518676758,2.313827515
-6.626983643,-8.496932983,0.833251953,-1.101379395,1.518676758,2.313827515
-5.875640869,-7.831726074,0.828460693,-0.944381714,1.157653809,2.153778076
-5.026184082,-6.936813354,0.479110718,-0.695785522,0.767303467,1.83430481
-4.581130981,-6.910491943,0.156082153,-0.632232666,0.270675659,1.479995728
-4.248519897,-7.415374756,0.093856812,-0.639572144,-0.615066528,0.800704956
-3.966171265,-7.702514648,-0.123886108,-0.639572144,-0.615066528,0.800704956
-4.423202515,-8.214584351,-1.387298584,-0.045822144,-1.270523071,-0.130844116
-4.829971313,-9.052062988,-2.602844238,0.61819458,-1.22164917,-0.847366333
-5.858886719,-10.36811829,-3.021591187,0.667053223,-1.392089844,-1.869354248
-7.46925354,-10.46144104,-2.20085144,0.612686157,-1.988891602,-3.190643311
-8.498168945,-9.56413269,-1.935256958,1.160629272,-1.89604187,-3.469192505
-9.342834473,-9.568908691,-2.523880005,1.615722656,-1.536254883,-2.93347168
-9.285415649,-9.53302002,-3.904541016,1.615722656,-1.536254883,-2.93347168
-8.866668701,-8.693145752,-4.543426514,1.698806763,-1.404296875,-2.56451416
-8.854705811,-7.515869141,-4.313720703,0.879013062,-1.205154419,-2.428894043
