10.06295776,-2.026733398,-0.633560181,-0.298095703,0.177825928,0.185577393
8.605728149,-1.284957886,-1.595474243,0.711044312,-0.122711182,-0.283554077
6.890075684,-2.344985962,-2.105148315,0.609634399,-0.204559326,-0.852874756
6.921173096,-3.835708618,-1.686401367,-0.478912354,0.018997192,-0.977478027
7.323165894,-4.924453735,-0.669448853,-0.671936035,-0.066497803,-0.96647644
7.112594604,-4.204208374,-0.190887451,-0.014663696,-0.171585083,-0.846755981
6.847000122,-4.33102417,-0.954193115,0.076950073,0.038543701,-0.845535278
6.748886108,-4.149169922,-1.657684326,0.197891235,0.051986694,-0.752700806
7.033630371,-3.806991577,-2.275039673,0.083068848,0.077636719,-0.713577271
7.375808716,-4.041488647,-1.794067383,-0.542434692,0.359863281,-0.68548584
7.533737183,-4.177886963,-1.851501465,-0.741592407,0.606643677,-0.425262451
8.634429932,-3.835708618,-0.973342896,-0.471572876,0.45149231,-0.178482056
8.85218811,-3.381072998,-0.865661621,-0.134384155,0.602981567,-0.013534546
10.41230774,-3.44090271,-1.499755859,0.097717285,0.550445557,0.141601563
13.2071228,-5.146972656,-0.944625854,0.11605835,0.286560059,0.228347778
14.25517273,-4.608596802,0.235046387,-0.03175354,0.276779175,0.42137146
10.92436218,-1.359146118,-0.052093506,0.287094116,0.508911133,0.289428711
8.737335205,-1.875991821,-0.16696167,0.149032593,0.458816528,-0.221221924
8.632049561,-2.9790802,-0.169342041,0.405609131,0.225479126,-0.257888794
8.584182739,-2.919265747,-0.030563354,0.795333862,-0.171585083,-0.162597656
8.699035645,-3.67539978,0.220687866,0.530212402,-0.254653931,-0.141830444
9.208709717,-3.589248657,0.653778076,0.322525024,-0.296188354,0.062194824
8.572219849,-4.285568237,-0.344024658,0.45690918,-0.406143188,0.073181152
8.655975342,-3.65385437,1.271133423,0.652389526,-1.007232666,0.3175354
9.419281006,-2.603408813,0.76625061,0.141708374,-0.252212524,0.362731934
9.424072266,-2.880981445,0.665740967,0.017089844,-0.293746948,0.289428711
9.254180908,-3.515075684,0.53414917,0.241897583,-0.419570923,0.235671997
9.864349365,-3.352355957,0.345108032,0.123382568,-0.429367065,0.384719849
10.13233948,-3.742385864,0.395355225,-0.150253296,-0.319396973,0.340744019
10.17301941,-4.524841309,0.007720947,-0.38482666,-0.170349121,0.29309082
11.74989319,-6.37449646,-0.047317505,-0.527786255,-0.211883545,0.388381958
11.77142334,-6.082565308,1.22088623,-0.839324951,-0.065292358,0.593643188
10.87890625,-3.318862915,0.134536743,-0.527786255,0.346420288,0.839202881
9.462356567,-1.804199219,-2.210418701,0.526550293,0.078857422,0.355407715
7.696456909,-2.419158936,-2.514312744,0.415374756,-0.070175171,-0.338516235
6.488067627,-3.610794067,-2.308532715,-0.996932983,0.549224854,-0.510772705
6.459365845,-3.383468628,-1.459075928,-1.154525757,0.414840698,-0.34463501
6.763244629,-2.888153076,-0.15737915,-0.445922852,-0.007888794,-0.329971313
6.952285767,-3.012588501,-0.078414917,-0.38117981,0.257232666,-0.339736938
7.579208374,-2.589050293,-0.714904785,-0.127044678,0.321990967,-0.205337524
8.313796997,-2.344985962,-0.662277222,0.142929077,0.157058716,-0.20413208
8.60333252,-3.031723022,-1.360977173,0.118499756,0.339096069,-0.265228271
8.873718262,-2.787658691,-0.430160522,-0.316421509,0.359863281,-0.156478882
8.916793823,-2.459838867,-0.190887451,-0.041534424,0.444168091,-0.133270264
8.761260986,-2.232513428,-0.140640259,-0.039093018,0.577331543,-0.110061646
9.022079468,-1.823348999,-0.315307617,0.119720459,0.632293701,-0.039199829
10.53433228,-1.789855957,-0.37991333,0.311523438,0.52355957,-0.06362915
14.68588257,-5.213973999,-0.501953125,0.344512939,0.280456543,-0.117385864
15.43005371,-4.103713989,0.330749512,0.464233398,0.076416016,0.058517456
11.45079041,-1.794631958,0.735137939,0.092834473,0.439285278,-0.414260864
9.175216675,-3.048477173,0.644210815,-0.08795166,0.496704102,-0.77835083
7.978805542,-3.632324219,0.165649414,0.697601318,0.088638306,-0.615859985
7.851989746,-2.813980103,0.304428101,1.051895142,-0.285186768,-0.343414307
7.70602417,-3.340393066,0.668136597,0.739135742,-0.362167358,-0.277435303
6.507217407,-5.388656616,-2.045318604,1.214370728,-0.594284058,-0.154037476
10.99855042,-2.572296143,1.177810669,1.227813721,-1.447052002,0.886856079
9.223068237,-2.883361816,0.845214844,0.217453003,-0.562530518,0.108612061
8.493255615,-3.407394409,1.64201355,-0.287094116,-0.389038086,0.130599976
8.203735352,-3.811782837,1.374023438,0.133148193,-0.469665527,0.280883789
8.550689697,-3.383468628,0.976806641,0.370162964,-0.594284058,0.447036743
10.04141235,-3.840499878,0.950485229,0.222335815,-0.689590454,0.544769287
10.67790222,-4.266418457,1.007919312,-0.249237061,-0.41104126,0.511779785
11.10144043,-5.108688354,0.670532227,-0.723266602,-0.134918213,0.438476563
12.11599731,-7.829330444,1.22088623,-1.164291382,-0.067733765,0.412826538
9.682495117,-5.967712402,1.699447632,-1.579681396,0.356185913,0.807434082
10.51997375,-2.057846069,0.230255127,-0.324966431,0.175384521,1.301010132
9.459960938,-2.725448608,-1.877822876,0.891845703,-0.050613403,0.328521729
8.667938232,-3.060440063,-2.576522827,0.406814575,0.220596313,0.087844849
8.122375488,-2.646484375,-2.593276978,-0.711029053,0.741043091,-0.013534546
6.918777466,-2.531616211,-3.256088257,-1.180175781,1.05380249,-0.271316528
6.523971558,-3.139404297,-0.592880249,-0.627960205,0.089859009,-0.165039063
7.215484619,-2.206207275,-1.480621338,0.174682617,0.050765991,-0.015975952
7.751480103,-1.878387451,-0.781906128,-0.204025269,0.020217896,-0.042861938
8.045806885,-2.112884521,-0.324874878,0.08795166,-0.040847778,-0.118606567
8.352081299,-1.976486206,-0.628768921,0.190567017,0.056869507,-0.149154663
8.873718262,-2.352157593,-0.439743042,-0.019546509,0.168060303,-0.233459473
9.213500977,-2.586654663,0.139328003,-0.135604858,0.270675659,-0.31652832
9.459960938,-2.500518799,0.447998047,-0.030548096,0.408721924,-0.312866211
9.627456665,-2.239700317,0.268539429,0.173477173,0.502792358,-0.348297119
9.30921936,-2.694335938,0.002929688,-0.002426147,0.745925903,-0.454589844
12.529953,-5.802612305,-0.355987549,-0.096511841,0.554107666,-0.2762146
14.75767517,-5.436508179,1.024673462,0.096511841,0.065414429,0.201461792
12.23085022,-1.241897583,0.761459351,0.787994385,0.088638306,0.042633057
10.07969666,-2.797225952,0.163253784,0.681716919,0.115509033,-0.772232056
8.292266846,-4.34777832,0.07472229,0.580307007,0.155822754,-0.905410767
7.655776978,-4.11328125,-0.095169067,0.744018555,-0.166687012,-0.536437988
8.428649902,-3.211181641,0.390579224,0.896728516,-0.463577271,-0.250549316
9.158462524,-2.912078857,0.05796814,1.112976074,-0.662704468,-0.216339111
7.576812744,-5.560943604,-2.566955566,1.098312378,-0.590621948,-0.571868896
8.679901123,-3.192047119,0.809310913,1.060440063,-1.761047363,0.35295105
8.660751343,-3.318862915,0.761459351,0.145370483,-0.828857422,0.135482788
8.699035645,-3.457641602,1.055770874,0.213775635,-0.832519531,0.351730347
8.866546631,-3.617965698,0.895462036,0.196685791,-0.634613037,0.47756958
9.708816528,-3.766326904,0.407318115,0.041534424,-0.435455322,0.677932739
10.44340515,-4.503311157,0.498245239,-0.228469849,-0.398803711,0.702377319
12.19496155,-6.518066406,0.503036499,-0.139282227,-0.484344482,0.779342651
11.17800903,-6.147186279,1.840621948,-0.576644897,-0.209442139,0.949157715
10.94351196,-4.120452881,-0.092773438,-0.211349487,0.104522705,1.227706909
9.986373901,-2.517272949,-2.464065552,0.419036865,0.071533203,0.81477356
8.239624023,-2.596237183,-1.088195801,-0.183258057,0.003112793,0.183135986
7.732345581,-3.562927246,-2.19128418,-0.366500854,0.424606323,0.002334595
7.524169922,-3.500717163,-2.614807129,-0.460571289,0.428283691,0.010864258
7.196350098,-2.799621582,-2.387496948,-0.339630127,0.325653076,0.037750244
7.24180603,-2.754150391,-2.696166992,-0.577865601,0.469818115,0.063400269
7.950088501,-2.246871948,-2.064468384,-0.653610229,0.359863281,0.023101807
8.170227051,-2.802017212,-1.138442993,-0.522903442,0.309768677,-0.168701172
8.443008423,-2.679977417,-1.05708313,-0.375061035,0.422164917,-0.265228271
8.084091187,-3.072402954,-2.016601563,-0.136825562,0.400161743,-0.33241272
8.148696899,-3.010192871,-0.985305786,-0.15637207,0.29510498,-0.255432129
8.572219849,-2.766113281,-1.368148804,0.140487671,0.376953125,-0.096618652
9.50541687,-2.110488892,-1.392074585,0.267547607,0.285339355,-0.055084229
9.577209473,-1.741989136,-0.786697388,0.1355896,0.320770264,-0.122268677
10.32855225,-1.59602356,-1.169540405,-0.069641113,0.544342041,-0.134490967
14.0493927,-3.854858398,-1.597869873,-0.256561279,0.419723511,-0.117385864
15.69564819,-2.883361816,-0.061676025,0.096511841,-0.018875122,-0.01109314
11.34310913,-0.239303589,0.644210815,0.054977417,0.372070313,-0.702606201
8.861755371,-2.486160278,0.038833618,0.024414063,0.615203857,-1.247497559
8.931152344,-4.285568237,-0.413421631,0.915054321,-0.055511475,-1.07522583
9.584381104,-3.716064453,0.230255127,1.588226318,-0.674911499,-0.784454346
8.655975342,-3.510284424,0.373825073,1.174072266,-0.588180542,-0.711135864
8.593765259,-3.905105591,0.172821045,0.612075806,-0.360946655,-0.505889893
8.129547119,-3.783065796,0.170425415,0.46546936,-0.391479492,-0.409378052
7.945297241,-4.0965271,0.928955078,0.097717285,-0.390258789,-0.336074829
7.93812561,-4.689956665,1.173019409,-0.207702637,-0.198440552,-0.174804688
7.890274048,-4.754562378,1.194564819,-0.186904907,-0.191116333,0.107391357
8.088867188,-4.675598145,0.76385498,0.108718872,-0.346282959,0.414031982
9.74230957,-4.417175293,0.328353882,0.382385254,-0.571075439,0.719467163
11.02964783,-4.287948608,0.06036377,0.199127197,-0.556411743,0.778121948
12.3768158,-6.240493774,-0.39906311,-0.481369019,-0.268096924,0.666931152
11.02964783,-6.324249268,1.216094971,-1.964523315,0.315872192,0.795227051
10.68029785,-3.565322876,1.902832031,-1.971862793,0.715393066,1.302246094
10.38119507,-0.990646362,-0.102355957,-0.519226074,0.684829712,1.313232422
9.637023926,-0.619750977,-2.387496948,0.300521851,0.401397705,0.580200195
8.165435791,-2.129623413,-2.375534058,-0.062301636,0.385513306,0.092727661
7.615097046,-1.643890381,-2.447311401,-0.574203491,0.381835938,0.150161743
7.574417114,-1.995635986,-1.121688843,-0.937072754,0.22668457,-0.017211914
7.617492676,-1.85446167,-0.411026001,-0.900390625,0.297546387,0.002334595
8.201339722,-2.124847412,-0.451705933,-0.532669067,0.26701355,0.005981445
8.799545288,-2.206207275,-0.564163208,-0.168579102,0.225479126,0.009658813
8.83782959,-2.313873291,-0.717300415,-0.068405151,0.325653076,-0.026977539
8.756469727,-2.347381592,-1.346618652,0.130706787,0.346420288,0.015762329
9.402526855,-1.775497437,-1.018798828,0.276107788,0.164382935,0.070739746
10.13233948,-1.335205078,-0.968551636,0.277313232,0.196151733,0.01210022
10.55108643,-1.079177856,-0.777130127,0.084289551,0.301223755,-0.20413208
11.17082214,-2.76133728,-0.583312988,-0.375061035,0.618865967,-0.466796875
14.21928406,-5.371902466,-0.60244751,-0.375061035,0.380630493,-0.268875122
12.87690735,-1.981277466,1.024673462,0.186920166,0.051986694,-0.029418945
9.73034668,-0.729827881,0.792572021,0.419036865,0.343978882,-0.553543091
8.263549805,-2.06980896,-0.612014771,0.939498901,0.20715332,-0.83821106
8.794754028,-3.696929932,-0.741226196,0.939498901,0.20715332,-0.83821106
9.402526855,-3.330825806,0.280502319,1.198486328,-0.778778076,-0.428939819
9.213500977,-3.000610352,0.584396362,0.917495728,-0.794662476,-0.382492065
9.75189209,-2.802017212,1.924377441,0.613296509,-0.793426514,-0.284759521
8.38079834,-3.364318848,1.390777588,0.580307007,-0.517318726,-0.393493652
7.907012939,-3.649078369,1.342910767,0.459350586,-0.481903076,-0.283554077
7.914199829,-4.211380005,1.046203613,0.255340576,-0.422027588,-0.13571167
7.94052124,-4.414779663,1.041427612,0.025650024,-0.38659668,0.140365601
8.660751343,-4.883773804,0.641815186,0.01222229,-0.481903076,0.465362549
10.28787231,-5.065628052,0.632247925,-0.079406738,-0.530761719,0.670608521
11.46992493,-6.364929199,0.151290894,-0.461807251,-0.279098511,0.622955322
11.92218018,-8.008789063,0.395355225,-1.232711792,-0.029846191,0.752471924
10.65397644,-5.840896606,1.232849121,-1.694534302,0.357421875,1.213058472
10.44819641,-3.103515625,-0.133453369,-0.550994873,0.423400879,1.46472168
9.392959595,-1.715667725,-1.911315918,0.746459961,0.023880005,0.973602295
8.428649902,-2.30670166,-2.078826904,0.307861328,0.235244751,0.467803955
7.930938721,-2.390441895,-2.638748169,-0.558319092,0.68850708,0.32119751
7.256164551,-2.581878662,-1.492584229,-0.819778442,0.431930542,0.128158569
7.040817261,-2.400024414,-0.903945923,-0.709823608,0.483261108,0.104949951
7.909408569,-2.08656311,-1.27722168,-0.570541382,0.462493896,0.126937866
8.777999878,-1.966918945,-1.066650391,-0.206466675,0.209594727,0.008422852
8.84022522,-2.318664551,-1.06427002,-0.261444092,0.339096069,-0.111282349
9.005325317,-1.713272095,-1.382507324,-0.190582275,0.423400879,-0.138153076
8.782791138,-1.550567627,-1.078613281,-0.075744629,0.320770264,-0.231018066
9.249389648,-1.414169312,-1.148010254,0.249221802,0.230361938,-0.210250854
10.91958618,-1.098327637,-1.028366089,0.378723145,0.111846924,-0.26399231
10.46734619,-1.249069214,-0.535446167,0.007339478,0.396514893,-0.576751709
11.64460754,-3.562927246,-0.915908813,-0.465484619,0.725158691,-0.632949829
15.72436523,-5.895935059,-0.549804688,0.01222229,-0.050613403,-0.187011719
13.06115723,-2.005203247,0.76385498,0.697601318,-0.286422729,-0.139389038
9.653778076,-1.801818848,0.570037842,0.480117798,0.009231567,-0.783233643
7.863952637,-4.029525757,0.323577881,0.700042725,-0.012771606,-1.078887939
8.426254272,-4.78805542,0.849990845,1.128860474,-0.47946167,-0.775909424
8.265945435,-3.948181152,1.230453491,1.229049683,-0.525878906,-0.591415405
7.842407227,-4.132415771,0.610717773,0.983474731,-0.407363892,-0.54133606
7.593551636,-4.539199829,0.536529541,0.601074219,-0.352386475,-0.382492065
7.225067139,-4.252059937,1.115600586,0.249221802,-0.313293457,-0.185806274
7.399734497,-4.275985718,0.979202271,0.080627441,-0.165466309,0.021865845
7.835235596,-4.579879761,0.543716431,0.109939575,-0.292526245,0.311416626
8.581787109,-4.156356812,0.613098145,0.175918579,-0.357269287,0.54598999
9.51020813,-4.259246826,0.05317688,0.037857056,-0.298629761,0.703582764
9.840423584,-4.709091187,-0.623977661,-0.345733643,-0.192352295,0.743911743
11.36943054,-5.840896606,-0.506729126,-0.835647583,-0.147140503,0.822097778
12.29785156,-8.841491699,0.349899292,-1.665206909,0.039764404,0.894180298
12.23564148,-5.455657959,2.106231689,-2.073257446,0.318313599,1.687088013
11.37661743,-1.328033447,0.225463867,0.193008423,-0.198440552,1.463516235
9.52696228,-2.08416748,-1.861068726,1.569900513,-0.530761719,0.407943726
8.273117065,-2.28515625,-1.808425903,0.124603271,0.22303772,0.146484375
7.150878906,-2.414382935,-1.607437134,-1.049453735,0.749588013,-0.041641235
6.490463257,-2.959945679,-1.004440308,-0.757476807,0.47102356,-0.127166748
7.153274536,-2.54119873,-0.939834595,-0.74647522,0.544342041,0.018218994
7.579208374,-2.586654663,-1.157577515,-0.671936035,0.550445557,-0.017211914
7.952484131,-2.730224609,-0.650299072,-0.382385254,0.345199585,-0.015975952
8.452575684,-2.325836182,-0.880020142,0.036651611,0.25479126,0.015762329
8.842605591,-1.974090576,-1.329864502,0.057418823,0.361068726,-0.066070557
9.325958252,-2.340194702,-0.930267334,-0.045196533,0.312210083,-0.152816772
9.804519653,-2.091339111,0.036437988,-0.001220703,0.330535889,-0.162597656
9.718383789,-2.268417358,0.093856812,0.335968018,0.350082397,-0.245666504
10.46255493,-2.098526001,-0.355987549,0.591308594,0.329315186,-0.226135254
12.09924316,-4.012786865,-1.526077271,0.326187134,0.315872192,-0.273757935
15.31280518,-4.800018311,-0.662277222,0.375061035,-0.182556152,-0.07951355
13.11140442,-2.232513428,-0.434951782,0.656051636,-0.305953979,-0.336074829
10.16105652,-2.658447266,0.215896606,0.641387939,-0.447692871,-0.987258911
8.510009766,-4.508102417,1.18977356,0.498443604,-0.398803711,-1.224273682
8.014694214,-4.654052734,1.484085083,0.643829346,-0.343841553,-0.959152222
7.997940063,-3.806991577,1.603729248,1.098312378,-0.434249878,-0.720932007
7.70123291,-4.594238281,-0.068847656,1.456298828,-0.459899902,-0.614624023
7.268127441,-5.627929688,-0.14302063,1.571121216,-0.926605225,-0.375167847
8.763641357,-2.754150391,1.22328186,1.516159058,-1.168502808,0.137924194
8.39755249,-2.75894165,0.359466553,0.267547607,-0.379272461,-0.122268677
8.359268188,-3.761535645,0.739929199,-0.208908081,-0.277862549,-0.100280762
8.909606934,-4.438705444,0.998352051,-0.302978516,-0.213119507,0.092727661
9.821273804,-4.795227051,0.304428101,-0.35307312,-0.14225769,0.312637329
10.5319519,-5.977294922,-0.420593262,-0.603530884,-0.070175171,0.467803955
11.47711182,-7.803009033,-0.111923218,-1.297470093,0.011672974,0.768356323
10.97460938,-6.058639526,1.88369751,-2.036605835,0.362304688,1.324234009
11.22346497,-2.452667236,0.804534912,-0.797775269,0.376953125,1.634552002
10.33334351,-1.954956055,-1.377716064,0.836868286,-0.176467896,0.84286499
9.359466553,-2.557937622,-1.554794312,0.282196045,0.049545288,0.351730347
7.947692871,-2.239700317,-2.353988647,-1.089782715,0.913284302,0.211227417
6.7943573,-2.349761963,-1.710327148,-1.148406982,0.668945313,0.025543213
6.162643433,-2.443084717,-0.930267334,-0.689056396,0.384292603,0.030426025
7.153274536,-2.115280151,-1.303543091,-0.302978516,0.246246338,0.168487549
8.569824219,-2.000411987,-1.229370117,-0.086730957,0.050765991,0.109832764
9.148895264,-1.933410645,-0.370346069,-0.321304321,0.191268921,-0.07585144
9.05557251,-2.440689087,-0.39666748,-0.485015869,0.49546814,-0.210250854
9.134536743,-2.620162964,-0.422988892,-0.295654297,0.49546814,-0.189483643
9.560455322,-2.203811646,-0.6144104,-0.015869141,0.420928955,-0.106399536
10.00073242,-1.859237671,-0.444519043,0.246780396,0.320770264,-0.134490967
9.933746338,-1.639099121,-0.884796143,0.302978516,0.430725098,-0.231018066
10.71858215,-2.222946167,-1.174331665,-0.079406738,0.591995239,-0.325088501
14.00393677,-5.170913696,-1.145614624,-0.059860229,0.259689331,-0.232223511
14.02067566,-3.328430176,0.333145142,0.145370483,0.039764404,-0.108840942
10.7855835,-1.734817505,0.103439331,0.508239746,0.053207397,-0.488800049
9.014892578,-2.885757446,-0.025772095,0.784347534,-0.178909302,-0.890731812
8.782791138,-3.931427002,0.895462036,0.641387939,-0.260772705,-0.951828003
7.885482788,-4.208999634,1.285491943,0.487442017,-0.154464722,-0.790557861
7.792160034,-3.644287109,1.577407837,0.686599731,-0.260772705,-0.468032837
8.081695557,-3.108291626,0.96963501,1.176513672,-0.459899902,-0.265228271
7.988372803,-2.658447266,0.285293579,1.335327148,-0.69203186,-0.173599243
8.1534729,-2.622558594,0.522171021,0.930938721,-0.766555786,-0.096618652
8.210906982,-2.931228638,0.682495117,0.256546021,-0.484344482,-0.025772095
8.555465698,-3.125045776,0.601135254,-0.11239624,-0.331619263,0.145263672
10.05577087,-3.622756958,0.254180908,-0.07208252,-0.469665527,0.282089233
11.45556641,-3.811782837,-0.729263306,-0.133163452,-0.502670288,0.328521729
12.60412598,-6.250076294,-0.554595947,-0.758682251,-0.528320313,0.207580566
11.49386597,-7.331619263,2.261764526,-2.164886475,-0.106826782,0.520339966
10.56784058,-3.756744385,2.197158813,-1.389099121,0.281661987,1.275360107
9.759063721,-1.914276123,-1.030761719,0.893066406,0.023880005,1.046905518
8.399932861,-2.376083374,-1.935256958,0.823425293,-0.08605957,0.405502319
8.703826904,-2.409591675,-1.638534546,-0.921188354,0.694625854,0.267440796
7.00970459,-3.472000122,-0.85369873,-1.082443237,0.655502319,0.096389771
7.225067139,-2.622558594,-1.504547119,0.304199219,0.025115967,0.300415039
7.270523071,-1.828140259,-1.796463013,0.183242798,0.136291504,0.239349365
7.543304443,-1.947769165,-1.992675781,-0.271209717,0.273117065,0.090286255
8.081695557,-2.888153076,-1.435150146,-0.333526611,0.175384521,0.003540039
8.931152344,-3.223144531,-0.537841797,-0.480133057,0.264572144,0.109832764
9.010116577,-2.273193359,-0.724487305,-0.239440918,0.385513306,0.22467041
9.127365112,-2.093734741,-1.349014282,0.172241211,0.264572144,0.196578979
9.828460693,-1.976486206,-1.27961731,0.062301636,0.245010376,0.164810181
10.30941772,-1.823348999,-0.425384521,-0.404388428,0.414840698,0.053634644
10.04141235,-1.287353516,0.223068237,-0.530227661,0.657943726,-0.092956543
11.65177917,-3.560531616,-0.580917358,-0.395828247,0.666503906,-0.158920288
14.62367249,-4.165924072,-0.097564697,-0.019546509,0.086196899,0.191696167
13.06594849,-0.169906616,0.084289551,0.916290283,-0.208236694,0.120834351
10.53672791,-0.50012207,0.156082153,0.659713745,-0.103149414,-0.872406006
10.20652771,-3.000610352,0.584396362,0.431259155,-0.125152588,-1.265823364
9.584381104,-3.969711304,1.230453491,0.642623901,-0.319396973,-1.240142822
8.139129639,-3.687362671,1.524765015,0.609634399,-0.204559326,-1.071563721
7.318389893,-3.924240112,1.161056519,0.741577148,-0.175231934,-0.760025024
7.550491333,-4.007995605,0.282897949,1.445297241,-0.605285645,-0.347076416
8.024261475,-3.574890137,0.354675293,1.502716064,-0.914382935,-0.127166748
8.541122437,-3.589248657,0.53414917,0.530212402,-0.615066528,-0.007446289
8.644012451,-4.060638428,0.601135254,-0.040313721,-0.422027588,0.013305664
9.385787964,-4.847869873,0.873916626,-0.293212891,-0.409805298,0.115936279
10.24958801,-5.558547974,0.52456665,-0.454483032,-0.329177856,0.263763428
10.93632507,-6.738204956,-0.956588745,-0.59375,-0.193557739,0.456802368
11.6493988,-7.05645752,0.168045044,-1.495376587,-0.248535156,0.78666687
9.900238037,-4.187454224,2.417297363,-2.265075684,0.303665161,1.033462524
10.31898499,-2.689544678,0.51739502,-0.680496216,0.472259521,1.170288086
9.644210815,-2.52444458,-1.272445679,0.533889771,-0.054290771,0.815994263
9.043609619,-1.416564941,-1.081008911,0.601074219,-0.087280273,0.669372559
8.103225708,-0.95715332,-2.136245728,-0.122161865,0.484466553,0.42137146
7.694061279,-1.019363403,-1.904144287,-0.528991699,0.418487549,0.139160156
7.512207031,-1.758743286,-1.356185913,-0.388504028,0.271896362,-0.031860352
7.861557007,-2.062637329,-0.743621826,-0.525344849,0.287780762,-0.085632324
8.464538574,-2.567520142,0.048400879,-0.327423096,0.276779175,-0.178482056
7.974014282,-3.153762817,-0.777130127,-0.130722046,0.47593689,-0.215133667
8.119979858,-3.146575928,-1.150405884,-0.046417236,0.395278931,-0.08807373
9.014892578,-2.869018555,-0.444519043,-0.151489258,0.370849609,0.057296753
9.536529541,-2.419158936,-0.212417603,-0.111175537,0.431930542,0.145263672
9.622665405,-1.859237671,-0.315307617,-0.045196533,0.527236938,0.184371948
9.818878174,-1.256256104,-0.60005188,0.098953247,0.50769043,0.194137573
10.85498047,-1.588851929,-0.796264648,0.059860229,0.457611084,0.093948364
14.10443115,-3.984069824,-0.824981689,-0.010986328,0.163146973,0.135482788
15.07351685,-2.366516113,0.302032471,0.405609131,-0.181350708,0.277206421
11.95806885,-1.452453613,-0.683807373,0.789230347,-0.211883545,-0.408157349
9.692062378,-3.376296997,-0.638336182,0.568084717,-0.332839966,-0.880966187
8.115188599,-4.170700073,0.586776733,0.255340576,-0.369491577,-0.841873169
7.342315674,-4.11088562,1.177810669,0.503326416,-0.469665527,-0.56086731
7.765838623,-3.842895508,0.737533569,1.205841064,-0.676147461,-0.281112671
8.438217163,-3.361938477,0.665740967,1.439178467,-0.940048218,-0.231018066
8.667938232,-3.239898682,1.297454834,1.22416687,-0.96081543,-0.273757935
8.567443848,-3.737609863,1.333343506,0.690246582,-0.654144287,-0.252990723
8.344909668,-3.771102905,1.072525024,0.096511841,-0.343841553,-0.085632324
9.215896606,-4.230529785,0.610717773,-0.025650024,-0.33895874,0.031646729
9.419281006,-5.173294067,0.081893921,-0.106277466,-0.363388062,0.158691406
10.75447083,-5.496337891,0.182403564,-0.283432007,-0.396362305,0.439712524
12.01071167,-7.599624634,0.005325317,-0.880859375,-0.176467896,0.439712524
10.08209229,-5.558547974,1.192169189,-1.799591064,0.378189087,0.833099365
9.134536743,-2.175094604,-0.013809204,-1.053115845,0.7447052,1.087219238
8.912002563,-2.852264404,-1.959182739,0.433700562,0.089859009,0.527664185
8.622467041,-3.340393066,-1.502151489,0.282196045,-0.056732178,0.29309082
8.175018311,-2.117660522,-1.688796997,-0.535110474,0.587097168,0.335845947
7.825668335,-1.529037476,-2.758377075,-0.967605591,0.796020508,0.111053467
7.447601318,-2.73979187,-0.633560181,-0.406829834,0.069091797,-0.141830444
7.581588745,-3.110687256,-0.923080444,-0.211349487,0.205917358,-0.052627563
8.165435791,-2.864227295,-1.124084473,-0.535110474,0.414840698,0.043869019
8.421478271,-3.098724365,-0.757980347,-0.255325317,0.260894775,0.043869019
8.3855896,-3.010192871,-0.585693359,-0.118499756,0.329315186,0.108612061
8.703826904,-2.651260376,-0.997268677,0.081848145,0.359863281,0.208786011
9.30921936,-2.000411987,-1.05947876,0.202804565,0.243804932,0.245437622
9.665740967,-1.715667725,-0.36315918,0.086730957,0.275558472,0.128158569
9.854782104,-1.253860474,-0.183700562,0.09161377,0.456375122,-0.009887695
11.5010376,-2.938400269,-1.081008911,0.164916992,0.474700928,-0.237106323
15.91340637,-5.991638184,-0.214813232,0.136825562,-0.093383789,-0.146713257
13.10900879,-2.237304688,0.579605103,0.508239746,-0.022521973,-0.123504639
9.916992188,-1.969314575,0.251785278,0.44102478,0.187591553,-0.761230469
8.033843994,-3.838104248,0.120178223,0.267547607,0.099624634,-0.988479614
8.024261475,-3.515075684,0.960067749,0.714691162,-0.297424316,-0.587753296
8.404724121,-3.163330078,0.416900635,1.38420105,-0.610168457,-0.380050659
8.567443848,-3.318862915,0.124969482,1.68107605,-1.010910034,-0.285995483
9.328353882,-2.091339111,0.668136597,1.810577393,-1.181945801,-0.16015625
8.696655273,-2.787658691,0.818893433,0.744018555,-0.564971924,-0.391052246
8.309005737,-3.608398438,1.091674805,0.18447876,-0.310852051,-0.2762146
7.914199829,-4.017562866,0.845214844,0.14414978,-0.332839966,0.062194824
8.801940918,-4.041488647,0.560455322,0.213775635,-0.5234375,0.464126587
9.771026611,-4.56072998,0.601135254,0.062301636,-0.601623535,0.481246948
10.55108643,-5.754760742,0.105819702,-0.335968018,-0.380493164,0.432357788
11.76185608,-8.427536011,-0.001846313,-1.090988159,-0.20211792,0.48979187
10.29026794,-6.106506348,2.199539185,-2.010955811,0.229125977,0.867294312
9.52696228,-3.165725708,1.405136108,-0.886978149,0.686065674,1.16784668
9.342712402,-3.562927246,-2.028564453,0.970031738,0.301223755,0.657165527
8.543502808,-3.359542847,-2.411422729,1.066558838,-0.131256104,0.246673584
7.560058594,-2.589050293,-2.016601563,-0.346969604,0.50402832,0.051193237
6.916397095,-2.952758789,-1.947219849,-0.972488403,0.721481323,-0.200454712
6.669921875,-3.371505737,-1.425582886,-0.87109375,0.482025146,-0.154037476
7.332733154,-3.555755615,-0.767547607,-0.599868774,0.284103394,0.008422852
8.115188599,-3.426544189,-0.513916016,-0.351852417,0.224243164,0.111053467
8.186981201,-3.43850708,-0.932662964,-0.193023682,0.331756592,0.142822266
8.60093689,-3.347579956,-1.418395996,-0.207702637,0.357421875,0.236907959
9.196746826,-2.842697144,-0.963760376,-0.205230713,0.280456543,0.294311523
9.488677979,-2.457443237,-0.652694702,-0.235794067,0.335418701,0.290649414
9.768630981,-1.61277771,-0.36555481,-0.164932251,0.39163208,0.242996216
9.816497803,-1.215576172,-0.473236084,-0.179580688,0.53944397,0.01210022
11.30003357,-2.737411499,-0.671844482,-0.393386841,0.60786438,-0.232223511
14.39874268,-4.914871216,0.065155029,-0.448364258,0.243804932,-0.1796875
12.49884033,-2.203811646,0.608322144,-0.029312134,0.253570557,-0.171142578
10.77362061,-2.428726196,0.593963623,0.201568604,0.159500122,-0.639068604
9.646606445,-3.615570068,0.689682007,0.552215576,-0.144699097,-0.764907837
8.337722778,-3.555755615,1.357269287,0.985916138,-0.37437439,-0.692810059
7.825668335,-3.828536987,0.852386475,1.274246216,-0.335281372,-0.460708618
8.033843994,-3.622756958,0.165649414,1.655426025,-0.561294556,-0.185806274
7.505020142,-3.931427002,-0.781906128,1.574798584,-0.744567871,-0.133270264
5.858764648,-5.362335205,-1.97114563,1.251022339,-1.00479126,-0.212692261
10.11080933,-3.625137329,1.859771729,0.124603271,-1.34197998,0.826980591
8.998138428,-4.369308472,1.211303711,-0.884521484,-0.38293457,0.301651001
9.455169678,-4.924453735,1.64201355,-0.15637207,-0.853302002,0.36151123
10.28309631,-5.611190796,1.003128052,0.201568604,-0.792221069,0.383499146
13.29325867,-8.350967407,0.412109375,-0.511901855,-0.444015503,0.335845947
11.2258606,-6.714279175,2.56086731,-2.103805542,0.368408203,0.403045654
9.101043701,-2.857040405,2.218688965,-1.758056641,1.299362183,0.772003174
9.026855469,-2.864227295,-1.96395874,0.742782593,0.835113525,0.313858032
7.426055908,-4.027145386,-2.801452637,1.479507446,-0.090942383,-0.311645508
6.732147217,-3.354751587,-2.473632813,-0.26512146,0.676269531,-0.187011719
6.404327393,-3.022155762,-2.42817688,-0.93460083,0.747146606,-0.129608154
6.456970215,-3.689743042,-1.191085815,-0.649963379,0.253570557,-0.102722168
7.155670166,-3.287750244,-0.573730469,-0.283432007,0.159500122,0.144042969
8.230056763,-3.247070313,-0.523483276,-0.122161865,0.150939941,0.22467041
8.785186768,-3.302108765,-0.911117554,0.061065674,0.202270508,0.272323608
8.734939575,-3.129821777,-1.195861816,-0.12828064,0.345199585,0.267440796
8.981399536,-3.067611694,-0.693374634,-0.372619629,0.446609497,0.277206421
9.359466553,-2.804412842,-0.492385864,-0.153930664,0.356185913,0.360290527
9.854782104,-2.060241699,-0.468444824,0.101394653,0.282897949,0.415267944
10.141922,-1.002609253,-0.628768921,0.290756226,0.282897949,0.244232178
11.2641449,-1.512283325,-0.891983032,0.172241211,0.386734009,-0.122268677
15.33673096,-4.967514038,-1.131256104,0.007339478,0.110626221,-0.250549316
14.26235962,-3.328430176,-0.265060425,0.201568604,-0.159347534,-0.369064331
10.29266357,-2.845077515,0.711212158,-0.312759399,0.072753906,-0.986038208
7.682098389,-4.625350952,1.20892334,-0.251678467,0.11428833,-1.232818604
6.184188843,-4.938796997,1.476913452,0.68536377,-0.265655518,-0.741699219
6.368438721,-4.555953979,0.383392334,1.31211853,-0.360946655,-0.201690674
8.574615479,-3.689743042,0.658569336,1.55645752,-0.700592041,0.089065552
9.215896606,-3.237503052,0.31161499,1.720169067,-0.792221069,0.027984619
8.967041016,-3.048477173,1.089279175,0.831985474,-0.783660889,0.015762329
8.493255615,-4.311889648,0.794952393,0.072067261,-0.362167358,-0.001342773
8.428649902,-3.885955811,0.811706543,0.246780396,-0.605285645,0.236907959
9.536529541,-4.295135498,0.943313599,-0.139282227,-0.429367065,0.263763428
10.32377625,-5.321655273,0.914596558,-0.331085205,-0.401260376,0.313858032
12.69265747,-7.427337646,0.98638916,-0.568099976,-0.435455322,0.340744019
11.65657043,-6.680770874,2.266540527,-1.318237305,-0.009094238,0.505661011
10.28309631,-3.263824463,1.938735962,-0.811218262,0.472259521,0.797668457
9.036437988,-2.711090088,-1.396865845,0.992034912,0.281661987,0.246673584
7.94052124,-4.156356812,-3.203445435,0.794113159,0.328094482,-0.422821045
6.528747559,-4.297531128,-2.155395508,-1.072662354,0.730041504,-0.471679688
5.808517456,-4.467422485,-0.757980347,-1.117874146,0.706832886,-0.447265625
5.932937622,-4.381271362,-0.939834595,-0.565658569,0.541900635,-0.202896118
6.847000122,-3.388259888,-0.640731812,-0.514343262,0.252334595,0.170928955
8.112808228,-3.335617065,0.06036377,-0.412948608,0.190032959,0.195343018
8.419082642,-3.148971558,-0.291381836,-0.318862915,0.340301514,0.276000977
8.797149658,-2.3019104,-0.308135986,-0.333526611,0.447814941,0.374938965
9.223068237,-2.093734741,-0.743621826,-0.193023682,0.450256348,0.295532227
9.682495117,-1.950164795,-0.748413086,-0.182022095,0.353744507,0.233230591
10.32855225,-1.603210449,-0.322494507,-0.221115112,0.299987793,0.203903198
10.92915344,-1.356750488,-0.241134644,-0.212585449,0.347640991,0.070739746
11.56564331,-1.179672241,-0.341629028,-0.067184448,0.309768677,-0.080734253
14.42266846,-4.366912842,-1.016403198,-0.125839233,0.187591553,-0.234664917
15.85357666,-3.730422974,0.177612305,0.164916992,-0.426925659,0.207580566
11.6661377,1.158111572,0.220687866,1.153305054,-0.461135864,-0.183364868
9.660949707,-0.378082275,0.199142456,0.70980835,-0.315734863,-1.227935791
9.402526855,-3.053253174,1.158660889,0.377502441,-0.347503662,-1.572463989
9.108215332,-4.33581543,2.254577637,0.965148926,-0.67980957,-1.416091919
8.201339722,-3.948181152,2.221084595,1.594329834,-0.710357666,-1.037338257
7.713195801,-3.541397095,1.668334961,1.451385498,-0.599182129,-0.734375
7.062347412,-3.615570068,1.41947937,0.981033325,-0.468460083,-0.521774292
6.669921875,-3.472000122,1.493667603,0.69392395,-0.45501709,-0.303085327
6.940322876,-3.809387207,1.493667603,0.38848877,-0.364608765,-0.106399536
7.165237427,-3.933822632,1.139526367,0.199127197,-0.222885132,0.114715576
8.433441162,-4.297531128,0.522171021,0.081848145,-0.259536743,0.334625244
9.754272461,-4.955551147,0.187179565,-0.175933838,-0.229003906,0.427474976
10.92436218,-6.484573364,-0.525878906,-0.758682251,-0.044525146,0.45803833
13.10183716,-9.382278442,0.038833618,-1.698181152,-0.076278687,0.778121948
12.39355469,-7.05406189,2.529754639,-2.575393677,0.15461731,1.502609253
12.68069458,-1.581680298,1.211303711,-0.538772583,0.369628906,2.236862183
10.16584778,-1.581680298,-2.784698486,1.618774414,0.127731323,0.797668457
8.907211304,-2.400024414,-3.007232666,0.197891235,0.192474365,0.217346191
6.784790039,-2.474197388,-1.466262817,-1.964523315,1.015914917,0.008422852
5.87789917,-2.97428894,-0.087997437,-1.563796997,0.660415649,0.051193237
6.892456055,-2.392837524,-0.195663452,-0.619400024,0.397720337,0.332183838
7.789764404,-2.129623413,-0.638336182,-0.475250244,0.343978882,0.377380371
8.945510864,-2.189453125,-0.061676025,-0.555877686,0.253570557,0.344406128
9.376205444,-2.342590332,0.223068237,-0.443481445,0.429489136,0.203903198
9.175216675,-2.502914429,-0.891983032,-0.201583862,0.57611084,0.157485962
9.014892578,-2.333023071,-1.176727295,-0.070846558,0.474700928,0.117156982
9.426467896,-2.359344482,-0.710128784,-0.092849731,0.365966797,0.184371948
9.809310913,-1.538604736,-0.36315918,0.162475586,0.231567383,0.250320435
10.44819641,-1.591247559,-0.609634399,0.415374756,0.180267334,0.207580566
12.50123596,-2.711090088,-0.990081787,0.439819336,0.011672974,0.101287842
16.49246216,-5.441299438,-0.298553467,0.393371582,-0.619949341,0.098831177
12.22366333,-1.3878479,0.52456665,0.792877197,-0.389038086,-0.171142578
9.139328003,-1.497924805,0.036437988,0.820983887,-0.252212524,-0.857757568
8.579406738,-3.330825806,0.325973511,0.886962891,-0.546646118,-1.14730835
9.378601074,-4.766525269,1.67791748,1.044570923,-0.963256836,-1.089889526
7.92855835,-4.398025513,1.639633179,0.75378418,-0.563751221,-0.898071289
8.033843994,-4.09413147,2.044006348,0.258987427,-0.288864136,-0.62562561
8.000335693,-3.740005493,1.835830688,0.659713745,-0.319396973,-0.482681274
7.217880249,-4.225738525,1.247207642,1.060440063,-0.525878906,-0.485122681
7.01210022,-4.436309814,0.943313599,0.751342773,-0.365829468,-0.261550903
7.442810059,-4.197021484,0.565246582,0.393371582,-0.299865723,0.096389771
8.61050415,-4.56072998,-0.078414917,0.332290649,-0.450134277,0.256439209
9.337921143,-6.027542114,-0.16696167,0.068405151,-0.541763306,0.366394043
11.59436035,-6.953567505,-0.214813232,-0.577865601,-0.406143188,0.651046753
12.97262573,-8.712280273,0.452789307,-1.282806396,-0.483108521,0.707260132
11.91738892,-5.118270874,2.611114502,-1.767837524,0.042205811,1.287582397
11.16365051,-1.131820679,-0.066452026,0.213775635,0.633529663,1.354766846
8.883285522,-2.076980591,-2.476028442,1.159393311,0.306106567,0.170928955
8.560256958,-3.125045776,-2.220001221,-0.190582275,0.579772949,-0.124710083
7.155670166,-2.924041748,-1.143234253,-1.339004517,1.191864014,-0.233459473
6.406723022,-3.620361328,-1.332260132,-1.119094849,0.954849243,-0.252990723
6.863754272,-3.304504395,-1.011627197,-0.533889771,0.365966797,-0.102722168
7.332733154,-3.184860229,-1.040328979,-0.461807251,0.353744507,0.003540039
8.349685669,-2.402404785,-0.868057251,-0.412948608,0.273117065,0.038986206
8.222869873,-2.938400269,-1.090591431,-0.337188721,0.325653076,-0.068511963
8.644012451,-2.517272949,-0.676620483,-0.516784668,0.424606323,0.137924194
9.031646729,-1.828140259,-0.561767578,-0.168579102,0.277999878,0.158691406
9.084289551,-1.799423218,-0.690979004,-0.045196533,0.19859314,0.070739746
10.00552368,-1.497924805,-0.375137329,-0.098953247,0.197357178,0.08052063
11.0607605,-1.373504639,-0.298553467,-0.097732544,0.238922119,-0.061187744
15.16923523,-5.120651245,-0.717300415,-0.251678467,0.080078125,-0.155273438
15.96365356,-3.572494507,1.062957764,-0.034194946,-0.299865723,0.234436035
11.55847168,0.87097168,-0.016204834,0.879638672,-0.078720093,-0.194366455
9.089065552,-1.024139404,-0.367950439,0.861297607,-0.282745361,-1.07522583
8.624862671,-3.014968872,0.861953735,0.673156738,-0.47454834,-1.180282593
8.237228394,-2.959945679,1.400344849,1.022567749,-0.47454834,-0.88218689
8.450195313,-2.924041748,0.706420898,1.304794312,-0.47454834,-0.579193115
8.581787109,-2.842697144,0.998352051,1.370758057,-0.687149048,-0.447265625
8.273117065,-2.835510254,1.218490601,1.352432251,-0.788543701,-0.386169434
8.005126953,-3.314071655,1.065353394,1.023803711,-0.688354492,-0.354400635
7.93812561,-3.641891479,1.048599243,0.318862915,-0.412246704,-0.24446106
8.821075439,-4.223342896,0.859558105,-0.037872314,-0.323074341,-0.078292847
9.845199585,-5.158935547,0.735137939,-0.157608032,-0.384155273,-0.007446289
11.13253784,-6.912887573,0.447998047,-0.500900269,-0.280303955,0.074401855
11.13493347,-8.994644165,0.895462036,-1.302352905,-0.072616577,0.214904785
9.713592529,-6.336212158,1.65637207,-1.865570068,0.414840698,0.972366333
9.715988159,-3.663421631,-0.403839111,-0.443481445,0.497909546,1.368209839
9.05078125,-3.400222778,-2.152999878,0.752578735,0.084976196,1.015136719
8.553085327,-3.172897339,-1.825180054,0.521652222,0.042205811,0.781784058
8.37600708,-1.813781738,-2.033355713,-0.533889771,0.720275879,0.743911743
6.990570068,-2.251663208,-1.5284729,-0.896743774,0.653060913,0.35295105
7.220275879,-2.352157593,-0.865661621,-0.54977417,0.281661987,0.359069824
7.92137146,-2.548370361,-0.466064453,-0.645065308,0.351303101,0.328521729
8.967041016,-2.790054321,-0.277023315,-0.631637573,0.339096069,0.330963135
9.534133911,-2.75894165,-0.317703247,-0.30909729,0.317092896,0.295532227
9.771026611,-2.703903198,-0.274627686,-0.348190308,0.461257935,0.195343018
9.565246582,-2.548370361,-0.62159729,-0.185699463,0.565109253,0.141601563
8.971832275,-2.158340454,-1.124084473,0.113601685,0.497909546,0.089065552
9.091461182,-1.488357544,-1.186294556,0.186920166,0.45513916,0.087844849
9.268539429,-1.538604736,-1.571548462,0.405609131,0.340301514,-0.095397949
13.10900879,-4.733016968,-2.265457153,0.290756226,0.015335083,-0.117385864
17.20074463,-5.721252441,-0.334457397,0.395828247,-0.765335083,0.150161743
11.65657043,-1.17010498,0.672927856,0.224777222,-0.11781311,-0.284759521
8.454971313,-1.481170654,0.890670776,-0.276107788,0.235244751,-1.019012451
8.84022522,-3.168121338,0.426467896,0.558319092,-0.207000732,-1.048339844
9.160858154,-3.20401001,0.771026611,1.306015015,-0.755569458,-0.978713989
8.562652588,-3.249465942,0.840423584,0.985916138,-0.652938843,-0.911499023
8.694259644,-3.055648804,1.017486572,0.532653809,-0.469665527,-0.692810059
8.119979858,-2.909683228,1.012710571,0.571746826,-0.563751221,-0.619522095
8.091262817,-3.383468628,1.22088623,0.689041138,-0.765335083,-0.48147583
8.002731323,-3.63710022,1.436233521,0.486236572,-0.652938843,-0.32019043
8.510009766,-3.546173096,1.007919312,0.324966431,-0.501434326,-0.067306519
8.359268188,-3.852462769,0.833251953,0.111160278,-0.435455322,0.041427612
9.440811157,-4.259246826,1.194564819,-0.189346313,-0.302307129,0.307754517
10.82626343,-5.041702271,0.184783936,-0.061080933,-0.205795288,0.500778198
11.70921326,-7.628341675,-0.131057739,-0.561981201,-0.260772705,0.575317383
11.5393219,-6.202209473,1.833450317,-1.400100708,0.011672974,1.067672729
11.41490173,-3.232727051,0.170425415,-0.263885498,0.365966797,1.335220337
9.29006958,-2.679977417,-2.571746826,0.651168823,0.502792358,0.525222778
7.476303101,-4.09413147,-3.224975586,-0.223556519,0.550445557,-0.023330688
6.291854858,-3.993637085,-1.614608765,-1.248596191,0.759368896,-0.036758423
6.124359131,-3.634719849,-1.100158691,-1.281585693,0.761810303,0.172134399
7.124557495,-2.732620239,-0.872833252,-0.712265015,0.270675659,0.405502319
8.122375488,-2.280380249,-0.521087646,-0.412948608,0.095962524,0.385940552
9.124969482,-2.75894165,-0.533050537,-0.428833008,0.186386108,0.328521729
9.610702515,-2.701507568,-0.351196289,-0.447158813,0.315872192,0.278442383
9.27571106,-2.797225952,-0.817810059,-0.361618042,0.49180603,0.179458618
9.237426758,-2.373703003,-0.963760376,-0.185699463,0.463699341,0.207580566
8.921569824,-1.806594849,-0.674240112,0.056182861,0.376953125,0.158691406
8.768432617,-1.514678955,-0.935058594,0.179580688,0.414840698,0.206344604
9.462356567,-0.636505127,-0.913513184,0.532653809,0.248687744,0.202697754
11.12057495,-2.05305481,-1.791687012,0.582748413,0.204711914,-0.007446289
16.54989624,-5.333618164,-1.480621338,0.38482666,-0.473342896,0.087844849
16.41589355,-2.959945679,0.608322144,0.514328003,-0.660263062,-0.01965332
11.22108459,-0.552764893,1.077316284,-0.15637207,0.143615723,-0.939620972
8.098449707,-2.474197388,0.677703857,-0.302978516,0.512573242,-1.698287964
7.859161377,-3.8931427,0.881103516,0.37260437,0.021438599,-1.48815918
7.904632568,-3.596435547,1.328552246,1.253479004,-0.467224121,-1.105773926
7.68447876,-3.21836853,0.737533569,1.591888428,-0.616287231,-0.796676636
8.253982544,-2.955154419,0.414505005,1.400085449,-0.754333496,-0.518127441
7.988372803,-3.333221436,0.416900635,1.082443237,-0.839859009,-0.41305542
7.813705444,-3.747177124,1.228057861,0.218688965,-0.640716553,-0.220016479
7.643814087,-4.579879761,1.342910767,-0.377502441,-0.349945068,-0.024536133
8.086486816,-4.706695557,1.531951904,-0.467926025,-0.293746948,0.323638916
8.806716919,-5.209197998,0.459960938,-0.097732544,-0.380493164,0.574081421
11.03443909,-5.592041016,0.29006958,-0.10383606,-0.485549927,0.831878662
14.2480011,-8.355758667,1.137130737,-0.679260254,-0.468460083,0.750030518
11.27371216,-5.991638184,2.591964722,-1.650558472,0.394073486,1.0078125
10.63484192,-1.84967041,0.110610962,-0.212585449,0.810668945,1.531921387
10.35247803,-2.50769043,-2.887588501,1.409851074,0.153381348,0.723144531
8.584182739,-2.971908569,-2.236740112,0.651168823,0.042205811,0.318740845
7.856765747,-1.682174683,-2.078826904,-0.59375,0.809448242,0.335845947
6.732147217,-2.299514771,-2.184112549,-1.011581421,0.894958496,-0.005004883
6.858963013,-2.97428894,-1.722290039,-0.228469849,0.125289917,0.024307251
7.617492676,-3.244689941,-0.970947266,-0.361618042,0.044647217,0.051193237
8.62008667,-3.529434204,0.05557251,-0.554656982,0.142379761,0.002334595
8.261154175,-4.139602661,-0.214813232,-0.236999512,0.270675659,-0.018417358
8.309005737,-3.517471313,-1.224578857,-0.014663696,0.302429199,0.158691406
8.694259644,-2.96711731,-1.241333008,-0.142929077,0.237686157,0.189254761
8.979003906,-2.892944336,-0.762771606,-0.483810425,0.325653076,0.199020386
9.486282349,-2.263626099,0.065155029,-0.460571289,0.287780762,0.260116577
9.864349365,-1.201217651,0.550888062,-0.144165039,0.293884277,0.229553223
9.725570679,-0.569503784,0.019683838,0.244338989,0.458816528,-0.003768921
11.30482483,-2.112884521,-1.212615967,0.294433594,0.412399292,-0.207809448
15.82487488,-5.412582397,-0.827377319,0.156356812,-0.214324951,-0.095397949
14.20252991,-1.672607422,0.538925171,0.539993286,-0.313293457,-0.040420532
10.38838196,-0.859039307,0.73034668,0.393371582,0.026321411,-0.943267822
8.438217163,-3.974502563,0.483886719,0.349395752,0.104522705,-1.451507568
7.916595459,-4.78805542,0.672927856,0.845428467,-0.243652344,-1.021469116
7.825668335,-3.799819946,0.73034668,1.233932495,-0.4427948,-0.613418579
8.60093689,-3.572494507,0.608322144,1.270584106,-0.619949341,-0.354400635
8.787582397,-3.122650146,0.51739502,1.470947266,-0.80809021,-0.216339111
8.454971313,-3.483963013,0.849990845,0.930938721,-0.715240479,-0.293319702
8.007522583,-4.012786865,1.015106201,0.128265381,-0.340164185,-0.232223511
7.619873047,-4.591842651,1.084487915,-0.243118286,-0.169128418,-0.03553772
8.304229736,-5.02255249,0.773422241,0.013427734,-0.379272461,0.338302612
9.488677979,-4.76890564,0.486282349,0.437362671,-0.649261475,0.652282715
12.02027893,-6.472610474,-0.186096191,0.08795166,-0.593063354,0.742675781
11.71638489,-7.152160645,1.864547729,-1.126434326,-0.250976563,0.800109863
10.20173645,-5.041702271,2.79057312,-1.448959351,0.626205444,1.170288086
10.11798096,-3.376296997,0.005325317,0.197891235,0.775253296,1.180053711
8.701431274,-3.160934448,-2.210418701,1.220489502,0.196151733,0.536224365
7.682098389,-2.802017212,-1.75340271,-0.050079346,0.378189087,0.150161743
7.069534302,-2.419158936,-0.975723267,-1.310913086,0.842437744,-0.077072144
6.973815918,-3.294937134,-1.014007568,-0.788009644,0.510131836,-0.211456299
7.311203003,-3.527038574,-0.60005188,-0.682937622,0.302429199,-0.064865112
8.067337036,-3.539001465,-0.066452026,-0.568099976,0.215682983,0.049972534
8.804321289,-3.751968384,0.07472229,-0.287094116,0.191268921,0.125717163
9.201538086,-3.481567383,-0.444519043,-0.025650024,0.240127563,0.20022583
9.136932373,-2.75894165,-0.774734497,-0.030548096,0.324432373,0.130599976
8.888076782,-2.648864746,-0.83454895,-0.149047852,0.401397705,0.007217407
8.845001221,-2.136810303,-0.552200317,-0.089187622,0.362304688,0.016983032
8.902435303,-1.368713379,-0.679016113,0.08795166,0.313430786,0.024307251
9.244598389,-1.079177856,-0.647918701,-0.058639526,0.358627319,-0.083175659
12.16145325,-2.919265747,-0.568954468,-0.271209717,0.26701355,-0.191925049
16.07371521,-5.69972229,0.455184937,-0.145370483,-0.351165771,-0.157714844
12.51799011,-1.706100464,1.546310425,0.036651611,0.000671387,-0.167480469
9.914596558,-1.292144775,0.995956421,0.190567017,0.258453369,-0.807662964
9.397750854,-3.108291626,0.605926514,0.651168823,-0.051849365,-1.065444946
8.789962769,-3.280578613,1.43145752,1.064102173,-0.407363892,-1.069107056
7.68447876,-4.412384033,0.96723938,0.954147339,-0.192352295,-1.00680542
8.318588257,-3.864425659,0.869140625,0.954147339,-0.334060669,-0.373947144
7.713195801,-3.495925903,0.727966309,1.296234131,-0.588180542,-0.231018066
7.25378418,-4.11567688,0.538925171,0.820983887,-0.591842651,-0.03553772
7.933334351,-4.012786865,1.333343506,0.348175049,-0.578414917,0.261322021
7.988372803,-3.907501221,1.137130737,0.302978516,-0.551528931,0.411590576
8.766036987,-4.201812744,1.082092285,0.210128784,-0.613845825,0.597305298
9.785385132,-4.800018311,0.656173706,0.109939575,-0.619949341,0.692581177
12.57780457,-6.003616333,0.412109375,-0.259002686,-0.619949341,0.772003174
12.91998291,-7.496734619,1.536727905,-1.27180481,-0.313293457,0.524002075
10.48887634,-5.108688354,2.295257568,-2.025619507,0.499145508,0.869735718
10.17301941,-2.534011841,0.242218018,-0.2003479,0.59564209,1.026138306
9.026855469,-3.007797241,-2.356384277,1.31578064,0.094741821,0.277206421
8.309005737,-3.125045776,-2.787094116,0.527770996,0.263336182,-0.022094727
7.143707275,-3.026931763,-2.490386963,-1.205825806,0.971939087,-0.240783691
6.679504395,-3.802215576,-1.439941406,-1.566253662,0.79234314,-0.422821045
6.488067627,-4.412384033,-0.442123413,-1.077560425,0.364746094,-0.323852539
6.954681396,-4.302307129,0.000549316,-0.646286011,0.179031372,-0.040420532
8.210906982,-3.926635742,0.062759399,-0.350631714,0.17414856,0.234436035
8.37840271,-3.584472656,-0.291381836,-0.032989502,0.216918945,0.310195923
8.682296753,-3.058044434,-0.679016113,0.095275879,0.271896362,0.414031982
8.854568481,-2.438308716,-1.124084473,0.258987427,0.243804932,0.461685181
9.091461182,-1.519454956,-0.796264648,0.24798584,0.15461731,0.418914795
9.206314087,-0.93800354,-0.511520386,0.127044678,0.286560059,0.24055481
10.34051514,-1.426132202,-0.702941895,-0.01222229,0.324432373,-0.008651733
15.04719543,-4.735412598,-0.372741699,-0.101394653,-0.176467896,-0.152816772
15.68608093,-3.744781494,1.146697998,-0.024429321,-0.343841553,-0.216339111
12.19973755,-2.256454468,1.735336304,-0.331085205,0.144821167,-0.833312988
8.699035645,-2.957550049,1.19934082,-0.061080933,0.508911133,-1.282913208
7.177200317,-3.790252686,0.247009277,0.575424194,0.39163208,-1.127746582
6.837432861,-4.366912842,-0.985305786,1.171630859,-0.049407959,-0.652511597
7.540908813,-3.677780151,-0.877624512,1.309677124,-0.585739136,-0.163803101
8.541122437,-3.266220093,0.05796814,1.288909912,-1.003570557,-0.01109314
8.198944092,-3.601211548,0.830856323,1.016464233,-0.966903687,-0.046539307
8.270721436,-4.067810059,1.307022095,0.227218628,-0.563751221,0.076843262
8.567443848,-3.883575439,1.338134766,0.017089844,-0.45866394,0.242996216
8.995758057,-3.931427002,1.371627808,0.106277466,-0.555206299,0.302871704
9.864349365,-4.417175293,1.254379272,-0.018310547,-0.456222534,0.324859619
11.5393219,-5.592041016,0.962463379,-0.329864502,-0.325515747,0.326080322
12.63523865,-8.319854736,1.074920654,-1.128875732,-0.152023315,0.262557983
11.00332642,-6.065826416,2.711608887,-1.888778687,0.326873779,0.783004761
10.24958801,-2.428726196,0.96723938,-0.217468262,0.642074585,1.132415771
9.014892578,-2.593841553,-2.789489746,1.870437622,0.181472778,0.350509644
7.92376709,-3.565322876,-3.887802124,1.020126343,0.181472778,-0.085632324
7.189178467,-2.933624268,-3.205841064,-1.08366394,0.828994751,-0.169921875
6.473724365,-3.66104126,-1.676834106,-1.281585693,0.546783447,-0.362960815
6.827850342,-4.046279907,-0.760375977,-0.61819458,0.081298828,-0.176040649
7.371032715,-3.818969727,-0.439743042,-0.22479248,-0.059173584,-0.014770508
8.320983887,-3.620361328,-0.358383179,-0.227233887,0.032440186,0.057296753
8.608108521,-3.818969727,-0.62159729,-0.323745728,0.172943115,-0.001342773
8.517181396,-3.539001465,-0.530670166,-0.547332764,0.342758179,0.008422852
8.452575684,-3.103515625,-0.308135986,-0.612075806,0.438049316,0.102508545
8.754074097,-2.500518799,-0.121490479,-0.337188721,0.340301514,0.242996216
8.914398193,-1.861633301,0.002929688,-0.11239624,0.357421875,0.285766602
9.266143799,-1.086364746,0.000549316,0.026855469,0.413604736,0.296768188
10.80711365,-1.84727478,-0.595275879,0.267547607,0.335418701,0.153808594
14.55667114,-4.529632568,-0.746017456,0.461791992,-0.167907715,0.175811768
14.50642395,-2.273193359,0.050796509,0.795333862,-0.37437439,0.236907959
11.13253784,-0.693939209,-0.044921875,0.41293335,0.039764404,-0.58531189
9.172821045,-3.041290283,0.223068237,-0.094070435,0.237686157,-1.171722412
7.598342896,-4.390853882,0.491073608,0.142929077,0.110626221,-1.055679321
7.801727295,-4.165924072,0.613098145,0.48500061,-0.204559326,-0.532775879
8.59854126,-3.814178467,0.727966309,1.004241943,-0.574737549,-0.233459473
8.988571167,-3.663421631,0.835632324,1.310897827,-0.886276245,-0.084396362
8.38079834,-3.603607178,1.082092285,1.043334961,-0.803207397,-0.084396362
8.091262817,-3.400222778,1.448196411,0.411697388,-0.436691284,-0.014770508
7.962051392,-3.780670166,1.094055176,0.064743042,-0.203323364,0.062194824
8.548294067,-4.462631226,0.53175354,0.14781189,-0.39515686,0.212463379
10.47930908,-5.441299438,0.443222046,0.164916992,-0.651702881,0.366394043
13.01808167,-8.590255737,0.914596558,-0.538772583,-0.610168457,0.370056152
11.09664917,-6.568313599,2.57522583,-1.740951538,0.102081299,0.840423584
11.00811768,-3.259048462,1.077316284,-0.620635986,0.573654175,1.294906616
8.957473755,-2.230133057,-2.636352539,1.875335693,0.009231567,0.532546997
7.569625854,-3.625137329,-3.605438232,1.00668335,-0.006652832,-0.205337524
6.916397095,-4.589447021,-2.42338562,-1.661529541,0.820449829,-0.271316528
7.050384521,-4.163528442,-0.987686157,-2.012176514,0.785018921,-0.129608154
6.897247314,-3.402618408,-0.324874878,-1.330444336,0.441726685,-0.092956543
7.047988892,-3.371505737,-0.056884766,-0.452041626,0.061752319,-0.073410034
7.887878418,-3.677780151,-0.348815918,-0.35307312,0.152175903,-0.018417358
8.505218506,-3.644287109,-0.253097534,-0.499679565,0.332977295,0.067077637
8.675109863,-2.98387146,-0.152603149,-0.291992188,0.376953125,0.107391357
8.675109863,-2.943191528,-0.267456055,-0.076965332,0.416046143,0.089065552
8.457366943,-3.120254517,-0.882415771,0.024414063,0.501586914,0.177017212
8.543502808,-1.919067383,-1.083404541,-0.045196533,0.477142334,0.351730347
9.603530884,-1.983673096,-0.564163208,-0.041534424,0.354980469,0.315078735
13.33872986,-4.309494019,-0.712524414,0.235778809,-0.016418457,0.36517334
16.22207642,-4.718658447,0.05557251,0.879638672,-0.693237305,0.445800781
12.39595032,-1.954956055,0.371429443,0.701248169,-0.241210938,-0.143035889
9.313995361,-1.873596191,0.735137939,-0.039093018,0.208358765,-0.696487427
7.907012939,-3.467224121,0.52935791,0.464233398,0.026321411,-0.839431763
6.997741699,-3.402618408,-0.346420288,0.938262939,-0.231445313,-0.587753296
8.134338379,-3.122650146,0.189575195,0.880844116,-0.596740723,-0.334854126
8.687072754,-3.579681396,0.491073608,0.890625,-0.758010864,-0.292098999
8.687072754,-3.725646973,0.893066406,0.676834106,-0.817871094,-0.260345459
8.579406738,-3.790252686,1.354873657,0.265106201,-0.684707642,-0.229782104
7.990768433,-4.311889648,1.591766357,-0.161254883,-0.422027588,-0.190689087
8.256362915,-5.077590942,1.20173645,-0.26512146,-0.264419556,0.013305664
8.691864014,-6.573104858,1.505630493,-0.24067688,-0.215560913,0.255233765
9.579605103,-7.360336304,0.739929199,-0.28465271,0.072753906,0.620513916
11.70681763,-9.004211426,0.914596558,-0.842987061,0.033660889,0.748794556
10.72337341,-7.305297852,2.905426025,-1.67741394,0.078857422,1.224060059
10.43383789,-2.495727539,1.969833374,0.288314819,-0.003005981,1.720062256
9.349884033,-2.400024414,-1.813217163,2.276062012,0.01411438,0.585083008
8.842605591,-3.268615723,-3.007232666,0.918731689,0.328094482,-0.125946045
7.775405884,-3.2159729,-1.839538574,-1.142318726,0.919403076,-0.498565674
6.435424805,-4.426742554,-1.377716064,-1.175292969,0.863204956,-0.687927246
6.203323364,-4.283172607,-0.990081787,-0.822219849,0.565109253,-0.425262451
6.5574646,-4.11088562,-0.439743042,-0.442245483,0.265777588,-0.233459473
7.751480103,-4.122848511,-0.547409058,-0.102615356,0.100845337,0.008422852
8.265945435,-4.177886963,-0.468444824,0.052520752,0.065414429,0.026748657
8.39276123,-3.957748413,-0.525878906,-0.233352661,0.339096069,0.103729248
8.813903809,-3.309295654,-0.454101563,-0.204025269,0.315872192,0.188018799
9.0675354,-2.895339966,-0.262664795,0.01953125,0.20715332,0.150161743
8.990966797,-2.333023071,-0.279418945,-0.108718872,0.320770264,0.120834351
9.225463867,-1.950164795,-0.059280396,-0.326202393,0.483261108,0.063400269
12.74769592,-4.180282593,-0.655090332,0.002456665,0.135055542,0.021865845
16.17182922,-6.350570679,0.093856812,0.480117798,-0.701797485,0.161132813
12.56584167,-2.885757446,0.503036499,0.636505127,-0.401260376,-0.055084229
9.7447052,-2.428726196,0.96963501,-0.079406738,-0.088500977,-0.601196289
8.129547119,-3.108291626,1.127563477,0.27243042,-0.114151001,-0.911499023
6.361251831,-4.517669678,-0.176528931,0.48135376,0.165588379,-0.983596802
7.332733154,-4.371704102,-0.774734497,0.686599731,-0.210678101,-0.361724854
8.979003906,-3.644287109,0.495849609,1.22416687,-0.992584229,-0.261550903
8.983795166,-3.548568726,1.64440918,1.170394897,-1.147735596,-0.510772705
8.421478271,-4.11807251,1.701843262,0.607177734,-0.656600952,-0.555984497
7.847198486,-4.701919556,1.240020752,-0.135604858,-0.122711182,-0.31652832
7.399734497,-5.0105896,0.921783447,-0.315200806,-0.072616577,0.034088135
8.354476929,-5.034515381,0.570037842,-0.183258057,-0.323074341,0.453125
9.438430786,-6.180679321,-0.133453369,-0.141723633,-0.4427948,0.572860718
12.74291992,-8.4347229,0.402542114,-0.890625,-0.527084351,0.806213379
11.65896606,-6.367324829,2.934143066,-1.800811768,-0.192352295,0.967483521
10.30941772,-3.20161438,2.012908936,-0.596191406,0.303665161,1.37677002
9.134536743,-2.208587646,-1.846710205,2.250411987,-0.059173584,0.745132446
8.37361145,-2.7421875,-3.586303711,2.025604248,-0.204559326,-0.056304932
7.430847168,-3.316467285,-3.32069397,-0.893066406,0.662857056,-0.373947144
7.002532959,-3.634719849,-1.107330322,-1.932754517,0.678741455,-0.518127441
6.921173096,-3.87638855,-0.14541626,-1.270599365,0.456375122,-0.4765625
6.827850342,-3.814178467,-0.092773438,-0.558319092,0.339096069,-0.284759521
7.325561523,-3.778289795,-0.695770264,0.010986328,0.128952026,-0.100280762
8.081695557,-3.67300415,-1.0546875,0.107498169,0.132614136,0.049972534
8.81867981,-3.677780151,-0.956588745,-0.130722046,0.303665161,0.067077637
8.720581055,-3.670608521,-0.901550293,-0.244354248,0.416046143,0.069519043
8.959854126,-3.256652832,-0.671844482,0.081848145,0.274337769,0.199020386
9.220672607,-2.213378906,-0.918304443,0.467910767,0.183914185,0.339523315
9.938522339,-1.205993652,-1.248504639,0.626739502,0.089859009,0.296768188
12.74291992,-2.108093262,-1.272445679,0.425140381,-0.032287598,0.037750244
16.51161194,-5.00340271,-0.418197632,0.158813477,-0.477020264,-0.140594482
13.86514282,-2.275588989,1.007919312,0.254104614,-0.285186768,-0.310424805
10.31658936,-1.191650391,0.591567993,0.376281738,0.047088623,-0.981155396
8.909606934,-2.842697144,0.239822388,0.344512939,0.033660889,-1.424621582
8.414291382,-3.426544189,0.720779419,0.537536621,-0.323074341,-1.422180176
6.162643433,-9.10949707,-2.121887207,1.090988159,-0.205795288,-1.747177124
7.964447021,-4.599029541,1.548706055,2.129455566,-1.828231812,-0.161361694
8.119979858,-3.093933105,0.495849609,0.287094116,0.026321411,-0.145477295
6.906814575,-3.981674194,0.278106689,-0.36529541,0.133850098,-0.047744751
7.114990234,-4.237701416,0.876312256,0.023208618,-0.340164185,0.211227417
7.70602417,-4.311889648,1.228057861,0.119720459,-0.470901489,0.572860718
9.421676636,-3.976882935,1.065353394,0.047637939,-0.357269287,0.81477356
10.74969482,-4.496124268,0.76385498,-0.091629028,-0.301071167,0.861190796
12.20452881,-5.520263672,-0.020996094,-0.315200806,-0.14225769,0.852645874
12.85777283,-6.786056519,1.074920654,-1.303573608,0.049545288,0.823318481
11.36943054,-5.489151001,2.273727417,-1.952316284,0.701950073,1.074996948
10.48408508,-2.153564453,-0.123886108,-0.122161865,0.785018921,1.506256104
8.435836792,-1.921447754,-3.708328247,1.80569458,0.224243164,0.68649292
8.634429932,-2.665618896,-3.478622437,0.631622314,0.054428101,0.222229004
7.737121582,-3.077194214,-2.138641357,-1.393981934,0.820449829,-0.151596069
7.289672852,-3.684967041,-1.011627197,-1.265701294,0.446609497,-0.376403809
7.045608521,-4.182678223,-0.454101563,-0.47769165,0.086196899,-0.32875061
6.952285767,-3.694534302,-0.860870361,-0.401947021,0.210800171,-0.13571167
7.880691528,-3.383468628,-0.506729126,-0.329864502,0.095962524,-0.029418945
8.045806885,-3.689743042,-0.281814575,-0.236999512,0.11428833,-0.080734253
8.368835449,-3.799819946,-0.482803345,-0.211349487,0.265777588,0.027984619
8.902435303,-3.223144531,-0.540237427,-0.080627441,0.258453369,0.091506958
8.825866699,-3.323654175,-0.501953125,-0.070846558,0.341537476,0.090286255
9.345108032,-2.299514771,-0.547409058,0.14781189,0.340301514,0.218582153
10.05337524,-1.057647705,-0.628768921,0.497238159,0.24256897,0.203903198
13.4105072,-2.512481689,-1.329864502,0.83442688,-0.082382202,-0.073410034
16.86813354,-5.302505493,-0.944625854,1.004241943,-0.66394043,-0.22857666
12.8170929,-1.435714722,-1.423187256,1.00668335,-0.237533569,-0.507125854
10.21609497,-2.493331909,-1.025985718,0.070846558,-0.083618164,-1.271911621
8.526763916,-4.33821106,-0.444519043,-0.306655884,-0.095825195,-1.446624756
7.320770264,-4.713882446,0.156082153,-0.050079346,-0.286422729,-1.210845947
7.170028687,-4.426742554,1.034240723,0.053741455,-0.462341309,-0.835769653
7.744308472,-3.830932617,1.366836548,0.704925537,-0.720123291,-0.461914063
8.060165405,-3.335617065,0.608322144,1.31578064,-0.946136475,-0.271316528
8.007522583,-3.227935791,0.75189209,0.844192505,-0.907043457,-0.176040649
8.057769775,-3.558151245,1.015106201,-0.01222229,-0.491668701,-0.015975952
8.275512695,-3.66104126,1.149093628,-0.47769165,-0.252212524,0.164810181
9.244598389,-4.752166748,1.034240723,-0.53755188,-0.304748535,0.32119751
11.36463928,-5.525039673,0.9815979,-0.323745728,-0.495346069,0.440917969
13.18080139,-8.056655884,0.144104004,-1.044570923,-0.303512573,0.207580566
10.24241638,-6.072998047,1.393157959,-2.19909668,0.32321167,0.475128174
9.558059692,-3.242294312,0.09147644,-1.105651855,0.587097168,1.105545044
8.725357056,-2.435913086,-2.298965454,0.912612915,0.230361938,0.960159302
8.206115723,-2.691940308,-2.789489746,0.977355957,0.147277832,0.721908569
8.718185425,-2.206207275,-3.205841064,0.001220703,0.655502319,0.765899658
7.70123291,-1.993240356,-2.712921143,-0.60597229,0.684829712,0.493453979
7.763442993,-2.170303345,-1.411224365,-0.410491943,0.29510498,0.357849121
7.48588562,-2.641693115,-2.090789795,-0.218673706,0.335418701,0.319976807
7.93572998,-2.581878662,-2.107528687,-0.282211304,0.220596313,0.357849121
8.507614136,-2.668014526,-1.53326416,-0.177139282,0.124053955,0.346847534
9.036437988,-2.629730225,-1.401657104,-0.113616943,0.131393433,0.360290527
9.531738281,-2.026733398,-1.033157349,0.083068848,0.065414429,0.329742432
9.500640869,-2.148773193,-1.193481445,0.125823975,0.164382935,0.142822266
10.06295776,-1.672607422,-0.939834595,0.045181274,0.236465454,0.069519043
10.68029785,-0.988250732,-0.757980347,0.09161377,0.29876709,-0.158920288
12.54191589,-2.612976074,-1.638534546,0.118499756,0.304885864,-0.491241455
15.77461243,-4.606201172,-1.078613281,0.10383606,-0.138580322,-0.487564087
13.02287292,-1.284957886,0.168045044,0.521652222,-0.183792114,-0.730697632
11.23782349,-1.246673584,0.407318115,0.702484131,-0.154464722,-1.434417725
10.18977356,-2.828338623,0.790176392,0.599853516,-0.1300354,-1.818023682
9.321182251,-3.687362671,1.474517822,0.780670166,-0.214324951,-1.870559692
7.746704102,-4.579879761,1.256774902,0.726928711,0.0703125,-1.704406738
7.524169922,-4.596633911,0.548492432,0.777008057,0.042205811,-1.092330933
7.794555664,-3.615570068,0.215896606,1.215606689,-0.403701782,-0.687927246
7.569625854,-3.531829834,0.639419556,0.941940308,-0.629730225,-0.523010254
7.217880249,-4.254455566,1.194564819,0.218688965,-0.387817383,-0.307983398
7.191558838,-4.31427002,0.849990845,-0.2162323,-0.079940796,0.123275757
8.428649902,-4.76890564,0.641815186,-0.107513428,-0.247329712,0.484893799
9.414489746,-5.00819397,-0.15020752,0.123382568,-0.349945068,0.781784058
12.37202454,-7.001419067,-1.27722168,-0.185699463,-0.400039673,1.026138306
12.60173035,-6.333816528,1.486480713,-1.466079712,-0.298629761,1.346221924
11.84561157,-3.347579956,2.254577637,-1.54914856,0.3671875,1.821472168
11.6541748,-0.571899414,-1.114517212,0.44102478,0.478378296,1.749389648
10.2950592,-1.469207764,-2.964172363,1.198486328,0.044647217,0.746353149
8.572219849,-1.928634644,-2.983306885,0.112380981,0.401397705,0.412826538
7.375808716,-1.495529175,-1.942428589,-1.122756958,0.89251709,0.269882202
7.050384521,-2.478988647,-1.305938721,-1.03112793,0.672622681,0.135482788
7.181991577,-2.589050293,-0.891983032,-0.399505615,0.230361938,0.190460205
7.91897583,-2.830718994,-0.966156006,-0.210144043,0.142379761,0.244232178
8.804321289,-2.821151733,-0.891983032,-0.421478271,0.265777588,0.295532227
8.792358398,-3.014968872,-0.690979004,-0.43371582,0.332977295,0.228347778
8.983795166,-3.19682312,-0.391876221,-0.344528198,0.3671875,0.272323608
9.541320801,-2.428726196,-0.595275879,0.141708374,0.241363525,0.35295105
10.04380798,-1.538604736,-0.757980347,0.323745728,0.179031372,0.266204834
10.15866089,-0.808792114,-1.037948608,0.393371582,0.238922119,-0.014770508
12.28588867,-3.089157104,-2.155395508,0.180801392,0.231567383,-0.305526733
15.16923523,-5.25944519,-1.203048706,-0.288330078,-0.154464722,-0.237106323
12.22845459,-1.653457642,-0.068847656,-0.213790894,-0.078720093,-0.380050659
10.26394653,-1.933410645,0.495849609,-0.193023682,-0.121490479,-1.025131226
9.175216675,-2.924041748,0.828460693,0.152709961,-0.305953979,-1.186401367
8.878509521,-2.73979187,1.464950562,0.598632813,-0.436691284,-1.10697937
8.263549805,-3.180084229,1.072525024,0.77822876,-0.303512573,-0.987258911
8.249191284,-3.366714478,0.474319458,1.084884644,-0.436691284,-0.711135864
8.179794312,-3.034118652,0.52696228,1.269363403,-0.688354492,-0.496124268
8.019485474,-3.594039917,1.077316284,0.874740601,-0.638275146,-0.404495239
7.911804199,-4.283172607,1.481704712,0.320083618,-0.348724365,-0.198013306
7.954879761,-4.273605347,1.122772217,0.234573364,-0.29006958,0.169692993
9.144104004,-4.797622681,0.782989502,0.277313232,-0.407363892,0.372497559
10.00073242,-5.029724121,0.471923828,0.261428833,-0.358505249,0.464126587
12.68309021,-8.468215942,-0.664657593,-0.150253296,-0.308410645,0.345626831
10.29983521,-7.389053345,1.359664917,-1.85824585,0.147277832,0.719467163
10.34051514,-4.070205688,1.88609314,-1.532043457,0.662857056,1.364547729
10.46495056,-3.050872803,-1.72946167,0.667037964,0.528457642,1.067672729
9.031646729,-3.579681396,-2.779922485,1.109313965,0.023880005,0.387161255
8.184585571,-2.148773193,-2.849304199,-0.195465088,0.589538574,0.42137146
7.02406311,-1.713272095,-2.346817017,-1.415985107,1.046463013,0.139160156
6.727355957,-3.070007324,-1.803649902,-1.287689209,0.709274292,0.05241394
7.304031372,-2.629730225,-0.937438965,-0.779449463,0.249893188,0.273544312
9.05557251,-2.620162964,-0.286590576,-0.367736816,-0.00177002,0.316299438
9.52456665,-2.670410156,-0.090377808,-0.067184448,0.037322998,0.189254761
8.691864014,-3.194442749,-0.82258606,-0.171020508,0.412399292,0.069519043
8.318588257,-2.481369019,-1.693572998,-0.11239624,0.458816528,0.213668823
8.636825562,-1.61517334,-1.2915802,0.032974243,0.22303772,0.212463379
8.928756714,-1.134216309,-0.700561523,-0.08795166,0.270675659,0.126937866
10.19454956,-1.136611938,-1.021194458,0.070846558,0.29876709,0.019424438
14.81748962,-4.443481445,-1.253295898,0.114822388,-0.207000732,-0.129608154
15.3271637,-2.811584473,-0.284210205,0.530212402,-0.461135864,-0.172363281
12.48210144,-1.85206604,0.325973511,0.18812561,-0.213119507,-0.877304077
10.12994385,-2.340194702,0.704025269,-0.003662109,-0.072616577,-1.301239014
9.232635498,-2.352157593,1.125167847,0.311523438,-0.213119507,-1.385528564
8.256362915,-2.708694458,1.20892334,0.310302734,-0.108047485,-1.40020752
7.844802856,-3.716064453,0.98399353,0.54977417,-0.149581909,-1.149749756
7.835235596,-3.601211548,0.701644897,1.172836304,-0.534439087,-0.630508423
7.823272705,-3.359542847,0.945709229,1.430618286,-0.834976196,-0.32019043
7.964447021,-3.65385437,1.460159302,1.125198364,-0.743331909,-0.128387451
8.352081299,-4.364532471,1.330947876,0.522888184,-0.367050171,0.05241394
8.433441162,-4.637313843,0.957672119,-0.007339478,-0.111709595,0.208786011
9.168029785,-5.747573853,0.52935791,-0.232116699,-0.078720093,0.367614746
11.6111145,-9.372711182,0.402542114,-0.789230347,-0.156906128,0.508117676
9.909805298,-8.063827515,2.11579895,-2.096466064,0.276779175,1.191055298
11.96524048,-4.383666992,1.433837891,-0.759918213,0.356185913,2.26739502
10.64440918,-2.05305481,-2.231964111,1.743377686,0.143615723,1.61378479
8.878509521,-2.134414673,-3.375732422,1.227813721,0.044647217,0.719467163
9.046005249,-2.462234497,-1.846710205,-0.641403198,0.591995239,0.346847534
7.315994263,-3.242294312,-1.5284729,-1.33656311,1.083114624,0.027984619
7.004928589,-3.41696167,-1.301147461,-1.104431152,0.87298584,0.036529541
7.02885437,-3.388259888,-1.222183228,-0.768463135,0.53944397,0.043869019
7.557662964,-3.546173096,-0.463668823,-0.485015869,0.22303772,0.174575806
8.182189941,-2.971908569,-0.348815918,-0.354293823,0.273117065,0.286987305
8.646408081,-3.036514282,-0.535446167,-0.450805664,0.387954712,0.280883789
9.235031128,-2.608200073,-0.463668823,-0.321304321,0.339096069,0.286987305
9.577209473,-2.246871948,-0.312911987,-0.131942749,0.287780762,0.197784424
9.936126709,-2.07460022,-0.355987549,0.001220703,0.320770264,0.146484375
12.9702301,-3.189651489,-1.148010254,0.332290649,0.097183228,0.144042969
16.92077637,-5.194839478,-0.774734497,0.682922363,-0.67980957,0.185577393
12.8936615,-0.265625,-0.018600464,0.954147339,-0.469665527,-0.057525635
10.13952637,-0.059844971,-0.025772095,0.205245972,-0.046966553,-0.948150635
9.826065063,-2.452667236,0.266143799,0.216217041,-0.264419556,-1.402648926
10.27113342,-3.055648804,1.259170532,1.079986572,-0.858184814,-1.477157593
9.203933716,-3.553359985,1.723373413,1.033569336,-0.783660889,-1.548034668
8.60333252,-4.173095703,1.917190552,0.607177734,-0.409805298,-1.347671509
7.717987061,-3.962524414,1.283096313,0.813659668,-0.325515747,-0.992156982
6.928359985,-3.603607178,1.247207642,0.869857788,-0.496551514,-0.651275635
6.954681396,-3.909896851,1.390777588,0.654830933,-0.558853149,-0.349517822
7.03125,-4.252059937,1.211303711,0.394607544,-0.475784302,-0.07585144
8.15586853,-4.938796997,0.938522339,0.037857056,-0.4427948,0.260116577
9.900238037,-6.128036499,0.723175049,-0.158813477,-0.466018677,0.411590576
12.21888733,-9.755554199,0.905029297,-1.093429565,-0.312072754,0.395706177
11.12057495,-8.779281616,2.848007202,-2.361587524,0.159500122,0.928390503
11.14929199,-4.77130127,1.838226318,-0.897949219,0.502792358,1.903335571
10.38119507,-1.986053467,-2.937850952,2.018280029,0.340301514,1.639434814
8.990966797,-1.725234985,-4.562576294,1.731170654,-0.070175171,0.591186523
8.950286865,-1.83291626,-2.121887207,-0.773345947,0.462493896,0.195343018
6.878097534,-2.830718994,-1.593078613,-1.703094482,1.084350586,-0.105178833
6.741714478,-3.067611694,-1.571548462,-1.199737549,0.73248291,0.031646729
7.68927002,-3.036514282,-0.815414429,-0.736709595,0.247451782,0.207580566
8.275512695,-2.794830322,-0.274627686,-0.546112061,0.183914185,0.30531311
9.361862183,-2.770904541,-0.39666748,-0.343292236,0.19859314,0.36151123
9.28767395,-2.502914429,-0.693374634,-0.222351074,0.315872192,0.236907959
8.83782959,-2.940795898,-0.877624512,-0.327423096,0.467376709,0.13671875
8.701431274,-2.813980103,-1.183898926,-0.11605835,0.390396118,0.251556396
9.366638184,-1.584060669,-0.923080444,0.178359985,0.155822754,0.315078735
9.816497803,-0.813583374,-0.688583374,0.174682617,0.221801758,0.173370361
12.42227173,-2.045883179,-0.899154663,0.183242798,0.131393433,-0.07585144
17.17202759,-5.68296814,-0.504348755,0.472793579,-0.634613037,-0.177246094
13.27172852,-1.579284668,0.170425415,0.761123657,-0.255859375,-0.223693848
9.895446777,-0.457046509,0.151290894,0.190567017,0.256011963,-0.972595215
8.289871216,-2.900115967,-0.367950439,0.251663208,0.18270874,-1.397766113
8.490859985,-3.933822632,0.27571106,0.687805176,-0.486785889,-1.144866943
9.376205444,-3.768707275,1.527160645,1.079986572,-0.891159058,-0.929824829
8.624862671,-3.460037231,1.773620605,0.808761597,-0.640716553,-0.823547363
8.297042847,-3.486358643,1.857376099,0.408050537,-0.369491577,-0.680603027
7.808914185,-3.594039917,1.833450317,0.605957031,-0.447692871,-0.591415405
7.533737183,-3.950561523,1.747299194,0.553421021,-0.408584595,-0.444824219
7.545700073,-4.814376831,1.522384644,0.213775635,-0.17767334,-0.217575073
7.342315674,-6.494140625,0.670532227,-0.109954834,0.021438599,0.126937866
7.581588745,-7.690551758,-0.083206177,-0.350631714,-0.004211426,0.610748291
9.500640869,-7.240692139,-0.255493164,-0.38117981,-0.297424316,1.248474121
13.35786438,-8.367721558,0.486282349,-0.845428467,-0.525878906,1.393859863
12.0131073,-6.917663574,2.390975952,-1.908340454,-0.026199341,1.457397461
11.47711182,-2.184661865,1.596557617,-1.056793213,0.439285278,1.960754395
11.14689636,-1.139007568,-2.050109863,1.198486328,0.130172729,1.309570313
10.23045349,-0.849472046,-2.830169678,1.248580933,-0.1300354,0.500778198
8.481292725,-1.048080444,-3.308731079,-0.504577637,0.780136108,-0.046539307
6.978607178,-2.347381592,-2.722488403,-1.496612549,1.02935791,-0.33241272
7.093460083,-2.608200073,-1.29397583,-1.01890564,0.403839111,-0.251785278
7.627059937,-3.388259888,-0.269851685,-0.68170166,0.157058716,-0.323852539
8.069732666,-4.201812744,-0.090377808,-0.789230347,0.235244751,-0.305526733
8.043411255,-4.627731323,0.062759399,-0.631637573,0.282897949,-0.252990723
7.765838623,-4.876586914,-0.214813232,-0.283432007,0.343978882,-0.084396362
8.282684326,-3.964920044,-0.767547607,0.106277466,0.293884277,0.323638916
8.457366943,-2.431121826,-1.133651733,0.345733643,0.262130737,0.423828125
8.60093689,-1.445281982,-1.07623291,0.238220215,0.286560059,0.377380371
9.156066895,-0.871002197,-0.693374634,0.243103027,0.249893188,0.257675171
12.84341431,-2.919265747,-1.124084473,0.408050537,-0.0103302,0.122055054
17.52616882,-5.25944519,-0.154998779,0.614517212,-0.737243652,0.233230591
13.59236145,-0.299118042,-0.056884766,1.07510376,-0.353607178,-0.086837769
10.697052,-0.648468018,0.244613647,0.233337402,0.028762817,-1.169281006
9.565246582,-2.806793213,0.644210815,-0.006103516,0.128952026,-1.599334717
8.866546631,-3.211181641,1.000747681,0.827087402,-0.268096924,-1.515045166
8.309005737,-3.572494507,0.771026611,1.263259888,-0.445251465,-1.328125
8.122375488,-3.608398438,0.258972168,1.382980347,-0.534439087,-0.92250061
8.069732666,-3.400222778,0.302032471,1.370758057,-0.71156311,-0.601196289
7.842407227,-3.826141357,0.455184937,0.860076904,-0.670028687,-0.397171021
8.098449707,-4.168319702,0.876312256,0.14414978,-0.571075439,-0.150375366
9.383392334,-5.060836792,1.22088623,-0.273651123,-0.553970337,0.034088135
10.27113342,-4.967514038,1.546310425,-0.299316406,-0.612609863,0.151367188
11.85038757,-7.348373413,1.508026123,-0.59375,-0.528320313,-0.030654907
9.830841064,-8.102111816,2.649398804,-1.639556885,0.036102295,0.045074463
8.134338379,-5.541793823,1.984191895,-1.656646729,0.893753052,1.016357422
10.31658936,-2.847473145,-1.193481445,0.50088501,0.616409302,1.759155273
9.019683838,-2.706298828,-3.399658203,2.065917969,-0.178909302,0.933273315
8.134338379,-2.699127197,-2.732055664,1.07510376,-0.094604492,0.699935913
8.112808228,-2.215774536,-2.629165649,-0.326202393,0.826553345,0.663284302
7.799346924,-2.189453125,-3.411621094,-0.736709595,0.826553345,0.319976807
7.851989746,-3.251861572,-1.660079956,-0.376281738,-0.094604492,0.096389771
8.711013794,-3.572494507,-0.408630371,-0.610855103,0.010437012,0.070739746
8.541122437,-3.857254028,-0.3775177,-0.767242432,0.370849609,-0.006210327
8.14390564,-3.981674194,-0.609634399,-0.526550293,0.396514893,0.118392944
8.287475586,-3.168121338,-1.305938721,-0.267562866,0.334197998,0.335845947
8.943115234,-2.0650177,-0.743621826,-0.371398926,0.246246338,0.406707764
9.280502319,-1.416564941,0.005325317,-0.344528198,0.271896362,0.316299438
