-5.964172363,-5.292938232,-1.901748657,-0.629196167,-1.701171875,0.283935547
-7.088806152,-6.266815186,-2.62677002,0.26083374,-0.148376465,0.727416992
-7.820999146,-7.436904907,-2.8828125,0.863754272,0.546173096,1.56552124
-7.411834717,-8.382080078,-2.373138428,1.991394043,0.889480591,2.481826782
-6.930877686,-7.901123047,-2.909133911,1.991394043,0.889480591,2.481826782
-6.476242065,-7.72164917,-3.397262573,2.36769104,1.193084717,2.618041992
-6.521697998,-7.867614746,-3.418807983,1.295623779,1.098388672,2.20753479
-6.378128052,-7.582870483,-2.930664063,0.127655029,1.09777832,2.260070801
-6.024002075,-7.649871826,-2.444915771,0.127655029,1.09777832,2.260070801
-5.602859497,-7.585266113,-2.267852783,-0.306030273,1.243164063,2.231369019
-5.555007935,-7.72644043,-2.097961426,-0.334747314,1.281051636,1.852020264
-5.617218018,-7.396224976,-2.370742798,-0.004898071,1.067855835,1.430526733
-5.356399536,-7.243087769,-1.679214478,0.482574463,0.389190674,0.716430664
-5.236755371,-6.412780762,-1.430358887,0.895507813,-0.353012085,0.400604248
-4.923294067,-6.173492432,-1.782104492,0.895507813,-0.353012085,0.400604248
-5.598068237,-7.240692139,-2.112319946,0.839309692,-0.703033447,0.14831543
-6.600662231,-9.08795166,-1.856292725,0.857025146,-1.153839111,-0.56578064
-6.703552246,-9.272201538,-1.451904297,1.871673584,-0.97668457,-1.694641113
-6.914123535,-7.654663086,-0.83934021,1.871673584,-0.97668457,-1.694641113
-7.127090454,-6.561141968,-1.195861816,2.622421265,-0.23449707,-1.759384155
-7.533874512,-6.470214844,-1.918502808,2.527740479,0.460037231,-1.224884033
-7.761184692,-6.924850464,-1.894577026,1.086105347,0.508911133,-0.915802002
-8.864273071,-7.219161987,-0.262664795,-0.042144775,-0.688369751,-0.643951416
-8.82598877,-7.07081604,2.12059021,-0.042144775,-0.688369751,-0.643951416
-8.266067505,-7.200027466,2.991577148,-0.27671814,-1.902145386,-0.107620239
-7.404647827,-7.101913452,3.065750122,-0.495407104,-2.433609009,0.390823364
-6.258499146,-6.331420898,2.723571777,-0.284057617,-2.018203735,0.70664978
-5.755996704,-5.898330688,2.603927612,-0.411117554,-1.40612793,0.684661865
-5.794281006,-6.161529541,2.448394775,-0.411117554,-1.40612793,0.684661865
-5.356399536,-5.269012451,3.216491699,-0.601699829,-0.858184814,0.506896973
-5.337249756,-5.948577881,2.242614746,-0.174102783,-0.397598267,0.164810181
-6.722702026,-6.989456177,2.11100769,-0.439224243,0.515029907,-0.559036255
-8.900161743,-8.157150269,1.773620605,-0.594970703,1.42276001,-1.14730835
-10.0223999,-8.956359863,1.43862915,-0.850311279,0.596893311,-0.257904053
-10.68521118,-9.944595337,1.469741821,-0.850311279,0.596893311,-0.257904053
-10.737854,-11.00460815,2.623077393,-1.076950073,-0.325515747,0.224060059
-8.132080078,-8.269607544,3.580200195,0.441650391,-0.828262329,0.737182617
-5.724899292,-6.053863525,1.397949219,0.441650391,-0.828262329,0.737182617
-4.942443848,-5.723648071,-0.38470459,1.837478638,0.22668457,0.784240723
-5.100372314,-5.582473755,-0.796264648,1.925430298,1.344573975,0.146499634
-5.736862183,-5.486755371,-1.037948608,1.750717163,1.930389404,-0.094177246
-5.849319458,-5.747573853,-1.045120239,1.028060913,2.042175293,-0.02331543
-6.10774231,-6.640106201,-0.513916016,0.091629028,2.018356323,0.125106812
-6.497772217,-7.874801636,0.30921936,0.091629028,2.018356323,0.125106812
-6.519302368,-8.700317383,0.213500977,-0.017105103,2.053787231,0.546600342
-6.12689209,-8.6381073,-0.556991577,0.351852417,0.62008667,0.46534729
-5.763183594,-8.441894531,-1.188690186,0.351852417,0.62008667,0.46534729
-5.251113892,-7.580474854,-1.382507324,0.147201538,0.062988281,0.263168335
-5.409042358,-7.535018921,-1.609832764,-0.359176636,0.041000366,0.140365601
-5.727279663,-7.50869751,-1.760574341,-0.724472046,-0.032302856,0.020050049
-5.777542114,-7.259841919,-2.155395508,-0.724472046,-0.032302856,0.020050049
-5.65071106,-7.140197754,-2.377929688,-1.006088257,-0.137374878,-0.048965454
-5.758392334,-7.027740479,-2.557388306,-1.263259888,-0.397583008,-0.356842041
-6.016815186,-6.975097656,-2.528671265,-1.263259888,-0.397583008,-0.356842041
-6.435562134,-6.747772217,-1.96875,-1.306625366,-0.667602539,-0.642730713
-6.660491943,-6.503707886,-1.660079956,-0.95111084,-0.858184814,-0.914581299
-7.194091797,-5.927032471,-1.837142944,-0.486862183,-0.816650391,-1.004989624
-8.569961548,-6.089752197,-2.808624268,-0.555877686,-1.244857788,-1.085601807
-8.584320068,-8.963531494,-0.580917358,-0.943786621,-1.332214355,-0.813171387
-8.758987427,-9.07598877,0.113006592,0.205245972,0.445388794,-0.453979492
-8.481430054,-7.881973267,-0.14302063,1.079376221,1.328079224,-0.222457886
-7.859283447,-6.532424927,-0.882415771,1.137420654,1.17414856,0.087844849
-7.206054688,-5.761932373,-1.030761719,0.626739502,0.523574829,0.291259766
-6.598266602,-5.709289551,-0.968551636,0.626739502,0.523574829,0.291259766
-6.34703064,-6.288360596,-0.82258606,0.09588623,0.435012817,0.500793457
-6.827987671,-7.597229004,-0.521087646,-0.426376343,0.656738281,0.396331787
-7.344833374,-8.260040283,0.153686523,-0.698822021,0.702560425,0.067687988
-7.433364868,-7.877182007,0.938522339,-0.589477539,0.678131104,-0.129608154
-7.25630188,-7.171310425,1.369232178,-0.589477539,0.678131104,-0.129608154
-7.160583496,-7.412979126,1.132354736,-0.269989014,0.526626587,0.053634644
-6.387710571,-7.178482056,0.756668091,0.206466675,0.058700562,0.319976807
-5.590896606,-6.546783447,-0.097564697,0.796569824,-0.048171997,0.214294434
-5.815826416,-6.807601929,-1.016403198,0.979202271,0.175384521,-0.005599976
-6.270462036,-7.372299194,-1.947219849,0.785568237,0.212036133,-0.258514404
-7.232376099,-8.523254395,-2.432952881,0.785568237,0.212036133,-0.258514404
-7.500366211,-8.592636108,-2.253494263,0.435531616,0.138717651,-0.404495239
-8.548431396,-10.29394531,-2.775131226,-0.202194214,0.350692749,-0.279876709
-8.469467163,-10.3106842,-2.303741455,-1.121536255,-0.233886719,-0.097229004
-7.402267456,-9.77230835,-1.401657104,-1.121536255,-0.233886719,-0.097229004
-5.679428101,-9.131027222,-1.392074585,-0.866195679,-1.347488403,0.123275757
-3.978134155,-8.305511475,-1.918502808,-0.110565186,-1.836791992,0.027999878
-3.245925903,-7.764724731,-3.043121338,0.571762085,-1.271743774,-0.306152344
-3.315322876,-6.819564819,-3.610229492,0.294418335,-0.374389648,-0.496749878
-4.102554321,-7.147384644,-3.344619751,-0.946838379,-0.115997314,-0.461914063
-4.585906982,-8.080581665,-2.351608276,-1.813644409,-0.244262695,-0.348297119
-4.923294067,-9.018569946,-1.049911499,-1.813644409,-0.244262695,-0.348297119
-4.966369629,-9.164535522,-0.406234741,-1.816085815,-0.375610352,-0.318969727
-5.145828247,-8.903717041,-0.415802002,-1.254104614,-0.473953247,-0.53704834
-5.404251099,-8.4347229,-0.664657593,-0.579696655,-0.409820557,-0.702606201
-5.645935059,-7.870010376,-1.136047363,-0.094680786,-0.340789795,-0.818054199
-5.983322144,-7.625946045,-1.337051392,0.174697876,-0.296203613,-0.866912842
-6.320709229,-7.367523193,-1.550003052,0.174697876,-0.296203613,-0.866912842
-6.452316284,-7.355560303,-1.896972656,0.43309021,-0.304138184,-0.771636963
-6.832763672,-7.439300537,-1.435150146,0.732421875,-0.736633301,-0.585922241
-6.514526367,-6.872207642,-1.858688354,1.302947998,-1.247299194,-0.58164978
-6.397277832,-6.958343506,-2.107528687,1.609008789,-1.318161011,-0.942047119
-6.526489258,-6.841094971,-2.43057251,1.820358276,-0.696914673,-1.000091553
-7.25390625,-7.659439087,-3.213012695,1.820358276,-0.696914673,-1.000091553
-7.840148926,-8.626144409,-3.531265259,1.60105896,0.57611084,-0.565155029
-7.732467651,-8.17868042,-2.540634155,0.697601318,1.369628906,-0.369064331
-7.325698853,-7.233520508,-1.526077271,0.4453125,2.006134033,0.004776001
-7.340042114,-7.50869751,-1.559585571,0.4453125,2.006134033,0.004776001
-7.658294678,-8.298324585,-1.621795654,0.09223938,2.575454712,0.580200195
-8.292388916,-9.169311523,-1.236541748,-0.78678894,2.873565674,0.78729248
-9.582122803,-10.14797974,0.043609619,-1.535705566,2.898605347,1.09576416
-9.589309692,-9.305709839,0.787780762,-1.681716919,2.248031616,1.734725952
-8.878631592,-8.39881897,0.895462036,-1.975524902,0.938964844,2.266784668
-7.404647827,-8.336608887,0.76385498,-1.992645264,-0.396972656,2.64553833
-6.134063721,-8.102111816,0.704025269,-1.992645264,-0.396972656,2.64553833
-4.877838135,-7.336410522,0.739929199,-1.568695068,-1.236923218,2.561843872
-4.179122925,-6.838699341,0.656173706,-0.816101074,-1.151397705,2.008392334
-4.425582886,-7.113876343,0.177612305,-0.066589355,-0.456237793,1.351119995
-4.765365601,-7.556549072,-0.451705933,0.393997192,0.003723145,0.803771973
-5.538253784,-8.798431396,-1.418395996,0.602920532,0.017791748,0.129989624
-6.636550903,-10.64569092,-2.533462524,0.958450317,0.007400513,-0.567001343
-7.586502075,-12.03352356,-3.521697998,0.958450317,0.007400513,-0.567001343
-7.387908936,-11.47120667,-3.33984375,1.17590332,-0.131881714,-1.238311768
-6.866271973,-10.02833557,-2.992874146,1.168579102,-1.271743774,-1.908447266
-7.416625977,-10.44708252,-3.756195068,1.594345093,-2.745758057,-2.088043213
-7.404647827,-9.796234131,-4.201248169,1.549133301,-3.607070923,-2.0184021
-6.500167847,-7.669006348,-3.705932617,1.549133301,-3.607070923,-2.0184021
-5.693786621,-5.070404053,-2.64112854,0.519836426,-2.552719116,-1.725189209
-5.315719604,-4.630126953,-2.081207275,-1.108093262,-0.713409424,-0.854095459
-5.105148315,-5.498718262,-1.29876709,-2.907699585,-0.216781616,-0.328140259
-4.351409912,-6.838699341,-0.693374634,-4.345672607,-0.373779297,-0.114334106
-4.645736694,-8.291152954,-0.726882935,-4.345672607,-0.373779297,-0.114334106
-8.751815796,-9.836914063,-2.631561279,-5.435455322,0.135055542,-0.43687439
-8.797271729,-9.011383057,-2.837341309,-5.519744873,-1.241195679,-0.116775513
-6.471450806,-8.822357178,-0.564163208,-6.355407715,-3.628448486,-0.732528687
-6.696380615,-8.4347229,1.046203613,-5.660858154,-4.334594727,-1.692199707
-6.892593384,-7.06842041,1.393157959,-1.911392212,-2.863647461,-1.683029175
-7.026596069,-5.678192139,-0.339233398,1.271209717,-0.363388062,-1.000701904
-6.926086426,-4.78326416,-1.605041504,2.081802368,0.211425781,-1.132034302
-7.261077881,-5.02255249,-1.162368774,2.043334961,0.372085571,-1.345230103
-9.115524292,-6.687957764,-1.837142944,2.043334961,0.372085571,-1.345230103
-12.30276489,-8.901321411,-2.303741455,1.623672485,1.060516357,-1.17539978
-12.90336609,-7.996826172,-1.258087158,1.178344727,0.511962891,-0.659225464
-10.39807129,-6.759735107,-0.176528931,1.16734314,-0.277252197,0.646789551
-9.017410278,-7.226348877,-0.439743042,1.16734314,-0.277252197,0.646789551
-8.476638794,-7.654663086,-0.62159729,1.709182739,0.458816528,1.64982605
-8.488601685,-8.142791748,-0.480407715,1.744003296,1.67565918,2.214874268
-8.220611572,-8.429931641,-0.037750244,1.27180481,1.708648682,2.462875366
-7.720504761,-8.336608887,0.089080811,1.059234619,1.149719238,2.521530151
-7.143844604,-8.305511475,0.110610962,1.059234619,1.149719238,2.521530151
-6.311141968,-8.315078735,0.215896606,1.122756958,0.747756958,2.421340942
-5.739242554,-7.800613403,0.172821045,1.430633545,0.979278564,2.185546875
-5.722503662,-7.458450317,-0.16696167,1.587005615,1.66343689,2.041992188
-5.399475098,-6.496536255,-0.39906311,1.455062866,1.838760376,1.81842041
-5.528686523,-6.539596558,-0.975723267,1.280975342,1.5675354,1.440917969
-5.67225647,-6.898529053,-1.74861145,1.255935669,0.871139526,0.902740479
-6.251312256,-8.664428711,-3.1197052,1.469726563,0.35925293,0.21307373
-7.679824829,-10.62893677,-4.340042114,1.223556519,0.640853882,-0.549880981
-7.562576294,-10.11447144,-3.425979614,-0.241897583,0.212646484,-1.16317749
-6.504959106,-8.61895752,-1.506942749,-0.241897583,0.212646484,-1.16317749
-6.906951904,-7.927444458,-1.31072998,0.007324219,-1.062210083,-1.376373291
-6.014419556,-6.903305054,-3.263275146,1.193618774,-0.1587677,-0.242630005
-4.698379517,-6.120864868,-5.014816284,2.071411133,3.156997681,0.340744019
-5.184112549,-5.45803833,-6.003051758,2.417785645,5.12336731,0.26499939
-6.215423584,-5.766723633,-6.419403076,2.417785645,5.12336731,0.26499939
-6.012039185,-4.917266846,-6.146621704,0.934616089,2.80329895,-0.170547485
-5.287002563,-5.254653931,-5.244522095,-1.530822754,-1.341369629,-1.392272949
-5.789505005,-6.384063721,-4.313720703,-2.6328125,-2.805618286,-2.468597412
-6.674850464,-7.28616333,-2.87802124,-2.6328125,-2.805618286,-2.468597412
-8.060287476,-7.204803467,-2.617202759,-1.615737915,-2.454376221,-3.351303101
-8.644134521,-6.790847778,-2.918701172,-0.133163452,-1.456832886,-3.129547119
-8.720703125,-6.59942627,-2.868453979,0.518615723,-1.01701355,-2.448440552
-8.699172974,-5.943786621,-2.995269775,0.840545654,-1.142852783,-1.886444092
-8.409637451,-5.060836792,-3.763366699,0.720809937,-0.681045532,-0.747192383
-7.404647827,-3.979278564,-4.799453735,0.116668701,0.76914978,0.209411621
-7.629577637,-4.395629883,-5.045913696,0.116668701,0.76914978,0.209411621
-8.691986084,-4.924453735,-4.931060791,-0.540008545,0.66835022,-0.337310791
-9.957794189,-5.304901123,-5.167953491,-0.540008545,0.66835022,-0.337310791
-10.88861084,-6.15435791,-6.177719116,-0.45753479,-0.40737915,-0.413040161
-10.83834839,-7.022949219,-6.400253296,0.449584961,-0.492279053,0.167251587
-9.75680542,-6.419967651,-5.742233276,1.081832886,1.240127563,1.2081604
-7.952606201,-5.484359741,-3.866256714,0.866790771,2.140533447,1.826980591
-7.598480225,-6.228530884,-2.827774048,0.691482544,1.99697876,1.79397583
-7.830581665,-7.26940918,-2.624389648,0.743408203,1.854034424,1.475112915
-8.074645996,-8.094940186,-2.559783936,0.743408203,1.854034424,1.475112915
-8.708740234,-8.504104614,-2.514312744,0.570541382,2.106918335,1.045059204
-8.854705811,-7.951370239,-0.83454895,-0.16065979,2.643264771,0.910064697
-9.771148682,-7.101913452,-0.064056396,-0.342697144,3.93951416,1.235671997
-9.926696777,-6.056243896,-0.016204834,-0.326812744,3.001846313,1.655319214
-8.890594482,-6.168716431,-0.061676025,-0.41355896,1.284713745,2.342544556
-7.888000488,-6.924850464,-0.573730469,-0.348800659,0.280441284,2.732879639
-6.997879028,-8.063827515,-1.695968628,-0.030548096,-0.301086426,2.616210938
-6.598266602,-9.643096924,-2.755996704,0.281600952,-0.473327637,2.323608398
-4.674438477,-10.35136414,-3.198654175,0.420883179,-0.174636841,1.94303894
-3.356002808,-11.00221252,-3.483413696,-0.255340576,-0.446456909,1.163574219
-2.901367188,-12.33262634,-3.531265259,-0.255340576,-0.446456909,1.163574219
-2.432373047,-12.51208496,-2.765563965,-0.376907349,-1.387817383,-0.705657959
-3.293792725,-11.34918213,-3.260879517,-0.376907349,-1.387817383,-0.705657959
-5.320510864,-10.72943115,-5.282806396,1.367721558,-1.606491089,-2.348266602
-5.688995361,-9.966125488,-7.046325684,2.820343018,-1.538070679,-2.441726685
-4.856292725,-8.6381073,-6.359573364,1.94682312,-1.954681396,-2.161331177
-4.265274048,-8.482574463,-5.12487793,-0.133178711,-2.627868652,-2.119186401
-3.576141357,-8.843887329,-3.873443604,-1.94619751,-2.894805908,-1.93409729
-3.456497192,-9.454055786,-2.459274292,-3.321868896,-2.609527588,-2.425231934
-4.030776978,-10.157547,-1.315505981,-3.321868896,-2.609527588,-2.425231934
-5.533462524,-11.26063538,-0.444519043,-3.762908936,-2.099472046,-3.17414856
-6.58392334,-11.49992371,0.232650757,-3.469711304,-1.638259888,-3.841827393
-8.024398804,-10.92803955,1.034240723,-2.443450928,-1.416503906,-4.307296753
-8.735061646,-10.16473389,1.414703369,-0.970046997,-1.320602417,-4.058059692
-8.84274292,-8.848678589,1.050994873,0.714096069,-1.323059082,-3.430099487
-8.680023193,-8.896530151,0.582000732,0.714096069,-1.323059082,-3.430099487
-8.675247192,-9.212387085,-0.954193115,2.687789917,-1.317550659,-3.10206604
-7.524291992,-8.389251709,-2.241531372,4.495941162,-1.020065308,-2.978057861
-6.973953247,-6.439102173,-3.425979614,4.123931885,-0.757400513,-2.141784668
-6.825592041,-6.252456665,-4.182113647,2.128845215,-0.164855957,-0.606689453
-6.708343506,-7.927444458,-3.019195557,-0.67868042,0.806396484,0.685272217
-6.916519165,-9.757949829,-1.480621338,-0.67868042,0.806396484,0.685272217
-7.536254883,-10.84428406,-0.683807373,-1.386657715,2.238876343,1.441513062
-8.036361694,-12.08616638,-0.293777466,-1.117874146,4.841766357,2.585662842
-9.503158569,-13.16293335,-0.38710022,-1.117874146,4.841766357,2.585662842
-10.56079102,-13.64149475,-1.018798828,-1.618164063,4.765411377,3.624130249
-10.32629395,-14.54838562,-0.571334839,-2.458114624,3.130722046,4.373046875
-9.811828613,-14.67041016,-0.444519043,-2.783081055,1.220565796,4.853805542
-9.043731689,-14.38087463,-0.930267334,-3.086074829,-0.08605957,5.253295898
-6.863876343,-13.55535889,-1.014007568,-3.086074829,-0.08605957,5.253295898
-5.540649414,-11.69134521,-1.404037476,-2.640762329,-1.382919312,4.486053467
-4.490203857,-9.748382568,-1.215011597,-2.191772461,-2.007217407,3.335800171
-3.980529785,-8.851074219,-0.592880249,-2.023178101,-2.00050354,2.388366699
-3.564178467,-8.530426025,0.022079468,-2.023178101,-2.00050354,2.388366699
-3.40145874,-8.788848877,-0.025772095,-1.163696289,-1.426895142,1.897216797
-2.994689941,-8.884567261,-0.458877563,-0.219299316,-0.457458496,1.529495239
-2.793685913,-9.119064331,-1.473434448,0.840530396,-0.370727539,0.57043457
-2.640548706,-8.942001343,-2.576522827,0.840530396,-0.370727539,0.57043457
-3.434967041,-10.23890686,-3.751403809,1.539962769,-1.1978302,-0.832702637
-4.528488159,-12.00480652,-4.435745239,1.779434204,-2.249740601,-2.706848145
-4.858688354,-12.51448059,-4.208435059,1.246765137,-3.165420532,-4.394042969
-5.464080811,-12.57669067,-3.816009521,0.602905273,-2.980331421,-5.260864258
-6.875839233,-12.62454224,-3.55758667,-0.346969604,-0.277267456,-4.85218811
-7.964569092,-12.33979797,-2.990493774,-0.346969604,-0.277267456,-4.85218811
-9.168167114,-12.54319763,-2.050109863,-1.404983521,2.045852661,-4.103271484
-9.888397217,-13.19644165,-1.023590088,-2.340835571,2.118545532,-3.383071899
-9.953018188,-12.70829773,0.081893921,-2.544250488,0.477752686,-3.067245483
-9.216018677,-11.13621521,0.680099487,-2.010345459,-1.222885132,-2.778915405
-8.514923096,-9.913482666,0.833251953,-0.93888855,-1.831283569,-2.439880371
-8.055496216,-8.568710327,0.09147644,-0.347579956,-1.714004517,-1.90234375
-7.521896362,-7.264633179,-0.523483276,-0.347579956,-1.714004517,-1.90234375
-6.961975098,-6.084960938,-1.372940063,-0.158218384,-1.509979248,-1.333007813
-6.57673645,-5.47958374,-1.660079956,-0.166763306,-1.238143921,-0.796066284
-6.325485229,-5.23789978,-1.487792969,-0.210128784,-1.012130737,-0.504074097
-6.734664917,-5.570510864,-1.466262817,0.007324219,-0.670654297,0.018218994
-6.684417725,-6.668807983,-1.645721436,0.007324219,-0.670654297,0.018218994
-6.308746338,-7.202407837,-1.684005737,0.311538696,-0.456222534,0.607070923
-6.035964966,-7.429733276,-1.74861145,0.735473633,-0.307800293,0.812332153
-6.234558105,-7.779083252,-2.074035645,1.215606689,0.144851685,0.825775146
-6.682022095,-8.453857422,-2.306137085,1.36831665,0.811279297,0.937561035
-7.275436401,-9.583267212,-2.251098633,1.348770142,1.682373047,1.087219238
-7.639144897,-9.745986938,-1.856292725,1.830749512,2.981674194,1.532531738
-7.746826172,-9.762741089,-2.298965454,1.830749512,2.981674194,1.532531738
-7.990890503,-11.33003235,-2.40663147,1.671310425,4.369567871,2.399963379
-8.567565918,-12.0622406,-1.928070068,0.840545654,5.114807129,2.770141602
-9.015029907,-11.67460632,-1.480621338,-0.138671875,4.186309814,2.54901123
-8.802062988,-10.45904541,-1.246124268,-1.060470581,1.752639771,2.373687744
-7.765975952,-9.657455444,-0.470840454,-1.664611816,-0.122116089,2.479370117
-6.715515137,-9.241104126,-0.15977478,-1.664611816,-0.122116089,2.479370117
-5.531066895,-8.796035767,0.153686523,-0.968826294,-0.192352295,2.438446045
-5.00944519,-8.461044312,0.096252441,-0.968826294,-0.192352295,2.438446045
-5.141036987,-8.489746094,-0.370346069,-0.40927124,0.725158691,2.18737793
-5.528686523,-8.494537354,-0.865661621,-0.106292725,1.04586792,1.759170532
-5.842147827,-8.863037109,-1.109725952,-0.185699463,0.831451416,1.384094238
-6.004852295,-10.18865967,-1.571548462,-0.185699463,0.831451416,1.384094238
-5.492782593,-11.02853394,-1.784500122,-0.28465271,0.372680664,1.020629883
-4.337051392,-10.73422241,-1.681610107,-0.316421509,-0.515487671,0.111068726
-3.908737183,-9.824951172,-1.755783081,0.254714966,-1.557632446,-1.147918701
-4.425582886,-8.949172974,-2.86605835,1.639541626,-1.66758728,-1.911499023
-4.494979858,-8.441894531,-4.208435059,2.696334839,-1.200881958,-1.799713135
-3.767562866,-7.707305908,-5.467056274,1.976135254,-1.18560791,-1.66897583
-3.478027344,-7.479980469,-5.13923645,1.976135254,-1.18560791,-1.66897583
-4.53326416,-8.262435913,-3.375732422,-1.902832031,-1.360931396,-2.517471313
-5.724899292,-9.444488525,-1.97114563,-2.247360229,-1.170349121,-2.734329224
-6.868667603,-11.02613831,-1.813217163,-2.29133606,-1.5912323,-3.23890686
-8.029174805,-11.74638367,-1.698364258,-2.29133606,-1.5912323,-3.23890686
-8.557998657,-10.85147095,-1.334655762,-2.213760376,-2.047531128,-3.766693115
-8.950424194,-9.456451416,-1.241333008,-1.67010498,-2.157501221,-3.62008667
-8.627380371,-7.752761841,-0.980514526,-1.026245117,-1.869781494,-2.891326904
-8.40486145,-6.604202271,-1.083404541,-1.026245117,-1.869781494,-2.891326904
-8.177536011,-5.718856812,-1.710327148,-0.378112793,-1.213104248,-1.968917847
-7.555404663,-5.520263672,-2.143432617,0.067184448,-0.553359985,-1.01902771
-6.952407837,-5.539398193,-2.114715576,0.271209717,-0.207015991,-0.421600342
-7.084014893,-6.168716431,-2.016601563,0.269989014,-0.02192688,0.141601563
-7.404647827,-8.030334473,-2.234359741,0.293823242,-0.046966553,0.53805542
-7.787506104,-9.78187561,-2.184112549,0.460586548,0.003128052,0.564926147
-7.624801636,-9.174102783,-1.51411438,1.191177368,0.679351807,0.858154297
-7.428588867,-9.023345947,-2.090789795,1.191177368,0.679351807,0.858154297
-7.359191895,-9.473205566,-2.564559937,1.643829346,1.904129028,1.498321533
-7.402267456,-9.923049927,-2.444915771,1.514923096,3.340255737,2.024887085
-7.69418335,-9.927841187,-2.021392822,1.1355896,4.281600952,2.361480713
-8.141647339,-9.690948486,-1.75100708,1.1355896,4.281600952,2.361480713
-8.067459106,-9.396636963,-1.28918457,0.369567871,3.656066895,2.561233521
-6.859085083,-8.827133179,0.012512207,-0.623077393,1.860137939,2.523345947
-6.325485229,-8.717071533,0.785385132,-1.266326904,0.63230896,2.230743408
-6.643737793,-9.018569946,0.577209473,-0.893081665,0.411178589,2.100021362
-6.875839233,-8.312683105,0.273330688,-0.174102783,1.120391846,2.176391602
-7.380722046,-8.523254395,0.09147644,-0.211349487,1.565093994,2.760360718
-7.366363525,-9.659835815,-0.353591919,-0.291992188,0.971939087,3.133605957
-5.492782593,-10.47819519,-1.188690186,-0.291992188,0.971939087,3.133605957
-3.210037231,-10.94000244,-2.100357056,-0.40927124,-0.54359436,2.592376709
-3.822601318,-13.57211304,-3.971542358,-0.301757813,-1.467224121,1.61378479
-2.721893311,-12.37091064,-2.945022583,-0.929122925,-1.403686523,0.460479736
-1.927490234,-10.84667969,-1.021194458,-0.697601318,-1.970565796,-1.113098145
-2.384506226,-10.43751526,-1.997467041,-0.697601318,-1.970565796,-1.113098145
-3.616821289,-9.659835815,-4.261077881,1.504562378,-1.323654175,-2.205322266
-4.887405396,-8.408401489,-5.677627563,2.427566528,-0.280303955,-2.934082031
-6.196273804,-6.367324829,-6.163375854,1.349395752,0.061157227,-2.978668213
-6.299163818,-5.927032471,-5.098556519,-1.50944519,-0.284576416,-2.113693237
-6.186706543,-8.042297363,-3.076629639,-4.141647339,-1.167282104,-1.872390747
-6.670059204,-9.56413269,-1.75100708,-4.141647339,-1.167282104,-1.872390747
-7.306549072,-10.41119385,-1.463867188,-4.682266235,-1.546020508,-2.232208252
-8.175140381,-10.27479553,-0.848907471,-4.334686279,-1.192337036,-2.914535522
-9.601272583,-8.685958862,-0.966156006,-2.926635742,-0.729309082,-3.296920776
-9.026992798,-5.592041016,-1.765365601,-1.262649536,-1.208206177,-2.530899048
-9.773544312,-6.551559448,-2.559783936,0.101394653,-1.874664307,-1.949981689
-9.029388428,-5.151763916,-2.617202759,0.975540161,-1.864898682,-1.379440308
-8.581924438,-4.608596802,-3.090988159,2.13130188,-0.643768311,-0.61769104
-8.258895874,-4.414779663,-4.127075195,2.1746521,-0.174636841,-0.174209595
-7.950210571,-4.661239624,-3.854293823,2.1746521,-0.174636841,-0.174209595
-8.464675903,-5.580078125,-3.358978271,1.60534668,-0.163635254,-0.252990723
-9.393096924,-7.621154785,-3.256088257,1.466049194,0.692169189,0.047531128
-10.10136414,-9.511489868,-2.361175537,1.09588623,1.865036011,0.55821228
-9.689804077,-9.55456543,-1.303543091,1.135574341,2.758117676,1.334625244
-8.529281616,-8.989852905,-1.083404541,1.135574341,2.758117676,1.334625244
-7.610443115,-8.987457275,-0.935058594,1.287078857,3.022613525,2.030990601
-7.430969238,-9.288955688,-0.39666748,0.570541382,2.876617432,2.357192993
-7.184509277,-9.444488525,0.357070923,0.570541382,2.876617432,2.357192993
-7.153411865,-9.238708496,0.857177734,0.892456055,2.440460205,2.114685059
-6.985916138,-8.123657227,0.816497803,1.025634766,1.766677856,1.881332397
-6.971557617,-7.50630188,0.704025269,1.025634766,1.766677856,1.881332397
-6.775344849,-7.429733276,0.51020813,0.676223755,1.25050354,1.967468262
-6.435562134,-7.396224976,0.625076294,0.210128784,0.797241211,2.097579956
-6.129272461,-7.28855896,0.742324829,-0.017715454,0.56388855,2.205093384
-5.832565308,-7.276596069,0.7447052,-0.128890991,0.388565063,2.269851685
-5.519104004,-7.946578979,0.474319458,-0.16003418,0.036102295,2.097579956
-5.102752686,-8.884567261,0.136932373,-0.16003418,0.036102295,2.097579956
-4.286804199,-9.99005127,-0.451705933,0.067199707,-0.684082031,1.604614258
-5.586105347,-10.36332703,-1.74382019,1.059234619,-2.227127075,0.458648682
-6.854309082,-9.829727173,-3.634155273,0.871688843,-5.180648804,-0.619522095
-7.246734619,-10.48057556,-3.820800781,-0.511901855,-5.036483765,-1.19128418
-6.684417725,-8.992248535,-2.258285522,-1.503341675,-3.029190063,-1.953033447
-7.337661743,-8.164321899,-0.896759033,-1.514328003,-1.225921631,-2.37210083
-7.974151611,-8.099716187,-0.746017456,-1.514328003,-1.225921631,-2.37210083
-8.237350464,-7.948974609,-1.040328979,-1.269973755,0.047103882,-2.378189087
-8.40486145,-7.458450317,-1.011627197,-1.513717651,0.7447052,-2.370864868
-8.531677246,-6.943984985,-0.303344727,-2.307220459,0.686676025,-1.861404419
-8.177536011,-7.252670288,0.476715088,-3.136779785,0.073364258,-1.137542725
-7.296981812,-7.618759155,1.630050659,-3.136779785,0.073364258,-1.137542725
-6.81362915,-7.642700195,2.082290649,-3.165496826,-0.44708252,-0.66595459
-6.375747681,-7.183273315,1.866943359,-2.745223999,-0.817260742,-0.485748291
-6.256103516,-6.81477356,1.400344849,-2.230255127,-0.754333496,-0.562103271
-6.478637695,-6.929626465,0.632247925,-2.230255127,-0.754333496,-0.562103271
-6.753799438,-6.855453491,0.352279663,-1.505767822,-0.612625122,-0.923126221
-7.117523193,-6.640106201,0.105819702,-0.42149353,-0.883850098,-1.362945557
-7.608047485,-6.601821899,-0.693374634,0.863754272,-0.645004272,-1.416702271
-8.371353149,-7.26701355,-1.305938721,2.269348145,-0.162414551,-1.340332031
-9.361984253,-9.07598877,-1.662475586,3.099502563,-0.072616577,-1.53276062
-10.91970825,-10.6743927,-2.416213989,3.099502563,-0.072616577,-1.53276062
-10.24253845,-9.363128662,-2.935455322,3.202133179,0.151550293,-1.185791016
-8.392883301,-7.917861938,-2.66027832,3.13861084,0.844284058,-0.058761597
-7.574539185,-7.755157471,-2.334854126,2.681686401,1.918182373,1.030410767
-7.730072021,-6.979873657,-2.112319946,1.037841797,2.91998291,1.928375244
-8.359390259,-8.109298706,-0.186096191,-1.319458008,3.059265137,2.319335938
-9.266265869,-9.025741577,1.357269287,-2.419006348,2.856460571,2.67666626
-8.715927124,-9.853668213,2.3359375,-2.419006348,2.856460571,2.67666626
-7.557800293,-9.159744263,2.840820313,-2.177734375,1.967041016,2.46043396
-6.746627808,-8.209793091,2.489074707,-1.133148193,1.002487183,2.260070801
-5.968963623,-7.685760498,1.902832031,-0.318252563,0.863220215,2.31199646
-5.466461182,-7.384262085,1.577407837,-0.318252563,0.863220215,2.31199646
-5.150619507,-7.322052002,1.247207642,0.073287964,0.960952759,2.07925415
-5.081222534,-7.807800293,0.672927856,0.345733643,0.982940674,1.821472168
-4.952011108,-9.037704468,0.07472229,0.221740723,0.628036499,1.319946289
-4.786911011,-9.671813965,-0.174133301,0.126434326,0.023895264,0.509338379
-5.688995361,-10.38487244,-1.597869873,0.406204224,-0.189300537,-0.210861206
-6.318313599,-10.75575256,-2.619598389,0.128890991,-0.489227295,-0.832107544
-6.626983643,-9.248275757,-2.495178223,-0.339645386,-1.000518799,-1.346450806
-7.392684937,-9.059249878,-4.043334961,-0.339645386,-1.000518799,-1.346450806
-6.952407837,-7.700119019,-5.038742065,0.28465271,-0.666366577,-0.977478027
-6.052703857,-5.352767944,-7.137252808,1.46055603,0.943847656,-0.453979492
-6.196273804,-4.895736694,-7.144424438,0.895523071,1.288986206,-0.684890747
-6.012039185,-5.295333862,-5.385696411,-1.657272339,-0.551544189,-1.311019897
-5.657897949,-5.788253784,-3.638946533,-3.121505737,-1.834945679,-1.868133545
-5.992889404,-6.472610474,-2.210418701,-3.303543091,-1.71156311,-2.354980469
-6.863876343,-7.235916138,-1.164764404,-3.303543091,-1.71156311,-2.354980469
-7.835357666,-7.937011719,-0.60484314,-2.414733887,-0.777557373,-2.540679932
-9.440948486,-8.044692993,-0.664657593,-0.987762451,-0.24671936,-2.679962158
-9.216018677,-6.352966309,-1.423187256,0.329849243,-0.469680786,-2.378189087
-8.735061646,-5.833724976,-1.980712891,1.454452515,-0.974258423,-2.119796753
-8.445526123,-5.604003906,-2.64352417,1.454452515,-0.974258423,-2.119796753
-7.856903076,-5.828933716,-3.55279541,2.27545166,-0.921722412,-1.797866821
-7.49079895,-4.864624023,-5.651306152,2.702453613,0.641464233,-1.210235596
-7.670257568,-4.287948608,-6.464859009,0.888183594,1.967651367,0.390823364
-8.828384399,-8.559143066,-5.490982056,-1.289520264,1.717803955,0.635192871
-9.091598511,-9.5521698,-3.311126709,-0.990203857,0.910858154,0.573486328
-7.94303894,-8.073394775,-2.325286865,0.758071899,1.690933228,1.651657104
-7.646331787,-8.714675903,-3.174728394,1.112976074,2.288970947,1.553909302
-8.467071533,-8.508895874,-3.421188354,1.112976074,2.288970947,1.553909302
-10.06787109,-8.324645996,-2.148208618,0.696380615,2.192443848,1.239334106
-9.685012817,-8.140396118,-0.863265991,-0.021377563,1.507659912,1.724960327
-8.60824585,-7.97769165,-0.126281738,-0.174697876,0.728225708,2.117141724
-6.914123535,-7.204803467,0.105819702,-0.094680786,0.573059082,2.486709595
-5.971359253,-6.783676147,0.132141113,-0.103851318,0.721481323,2.577713013
-5.356399536,-5.843292236,0.034042358,-0.319473267,0.421554565,2.464096069
-5.059692383,-6.027542114,-0.389480591,-0.319473267,0.421554565,2.464096069
-5.030975342,-7.28137207,-0.741226196,-0.772140503,-0.311462402,1.94303894
-5.698577881,-9.293746948,-1.308334351,-0.946228027,-0.723190308,1.33706665
-6.34463501,-10.98068237,-1.810821533,-0.569320679,-0.484344482,0.596694946
-6.713134766,-11.61717224,-2.301345825,0.164306641,0.425827026,0.135498047
-7.25390625,-11.59324646,-2.868453979,0.164306641,0.425827026,0.135498047
-5.897171021,-10.15515137,-3.009628296,0.414764404,-0.090957642,-0.064254761
-4.07862854,-8.360534668,-2.574142456,0.414764404,-0.090957642,-0.064254761
-3.580917358,-7.800613403,-2.452102661,0.58152771,-1.471496582,-0.722763062
-4.370559692,-8.032730103,-2.772735596,1.249191284,-1.528305054,-1.401428223
-5.349212646,-8.243286133,-3.076629639,1.970031738,-0.473953247,-1.783828735
-6.531280518,-8.681182861,-3.469055176,2.054931641,-0.093994141,-2.044662476
-6.756195068,-8.815170288,-2.490386963,1.502105713,-1.096435547,-2.367797852
-7.134262085,-8.147583008,-1.205444336,1.502105713,-1.096435547,-2.367797852
-7.70614624,-7.75994873,0.048400879,0.571151733,-1.384140015,-2.237701416
-7.897583008,-7.539794922,0.97442627,-0.328659058,-2.23324585,-2.113082886
-7.596084595,-7.475189209,1.625274658,-0.831375122,-2.71887207,-1.781387329
-7.524291992,-7.415374756,1.8956604,-0.757476807,-2.624191284,-1.319564819
-7.213226318,-6.989456177,1.933944702,-0.391571045,-2.470245361,-1.162582397
-7.206054688,-6.472610474,1.831054688,-0.391571045,-2.470245361,-1.162582397
-7.378326416,-6.116073608,2.302444458,-0.14414978,-2.042648315,-0.781387329
-7.385513306,-5.541793823,1.469741821,0.106887817,-2.131225586,-0.554168701
-7.27305603,-5.25944519,-0.478027344,-0.748306274,-1.484329224,-0.001937866
-8.397674561,-8.551971436,0.828460693,-1.46913147,0.033050537,-0.622573853
-8.890594482,-10.68875122,2.249801636,0.508834839,2.882720947,-0.668380737
-8.890594482,-10.51647949,0.720779419,0.508834839,2.882720947,-0.668380737
-7.385513306,-9.140594482,-2.901947021,2.832550049,5.37260437,0.820266724
-5.988098145,-8.671600342,-4.758789063,2.832550049,5.37260437,0.820266724
-6.442733765,-8.554351807,-3.854293823,2.001174927,5.91015625,0.899673462
-8.234970093,-9.188461304,-2.035751343,-0.042144775,5.552200317,0.757354736
-9.235168457,-9.741195679,-1.617004395,-1.580917358,4.262664795,0.979690552
-9.51512146,-10.54518127,-0.585693359,-2.937637329,1.985366821,1.200836182
-8.943237305,-10.09533691,1.082092285,-3.1587677,-0.067138672,1.475112915
-7.792297363,-9.54737854,1.955474854,-2.171005249,-0.95715332,2.095153809
-6.246520996,-8.42036438,2.036834717,-2.171005249,-0.95715332,2.095153809
-5.64831543,-7.831726074,2.106231689,-0.880859375,-0.952865601,2.246017456
-5.538253784,-7.829330444,2.285690308,0.120330811,-0.238769531,2.210586548
-5.078826904,-8.008789063,2.149291992,1.122772217,0.329315186,2.312606812
-4.877838135,-8.65725708,1.735336304,1.5650177,0.19493103,1.756118774
-4.672058105,-8.769714355,1.086883545,1.63710022,-0.034759521,0.75428772
-6.655700684,-12.28477478,-0.659881592,1.467285156,0.400787354,0.185577393
-6.839950562,-13.37350464,-2.416213989,1.106887817,-0.518539429,-0.810714722
-5.688995361,-9.150177002,-2.700958252,1.106887817,-0.518539429,-0.810714722
-4.9974823,-9.556945801,-3.354202271,0.538772583,-1.722564697,-1.172348022
-4.483016968,-9.686157227,-3.605438232,0.365890503,-2.345031738,-0.930450439
-4.416015625,-8.365325928,-3.275238037,-0.086746216,-2.533172607,-1.333007813
-4.810836792,-7.276596069,-1.327468872,-1.105041504,-1.95652771,-1.642715454
-5.236755371,-7.039703369,0.474319458,-2.367080688,-1.63520813,-1.835144043
-5.205657959,-7.039703369,1.555877686,-3.045150757,-1.717071533,-1.950592041
-5.545425415,-8.492141724,1.613311768,-3.56439209,-1.786697388,-2.16317749
-7.397476196,-10.72225952,2.058364868,-3.436706543,-1.204559326,-2.278015137
-8.218215942,-9.556945801,1.780807495,-2.42388916,-0.797714233,-2.125900269
-8.136856079,-7.707305908,0.098648071,-1.461791992,-0.62727356,-1.701370239
-8.510131836,-6.410385132,-0.958984375,-0.909576416,-1.002349854,-1.546813965
-6.957199097,-6.240493774,-2.095565796,0.113616943,-1.086044312,-1.127151489
-6.672454834,-5.673400879,-2.995269775,0.653610229,-0.601623535,-0.964050293
-7.239547729,-6.087356567,-3.10055542,0.928497314,0.064208984,-0.775299072
-9.110733032,-8.453857422,-1.925674438,1.706741333,0.39956665,-0.407546997
-10.16119385,-9.55456543,-4.280212402,1.87411499,0.581604004,0.024932861
-8.82598877,-8.439498901,-4.189285278,1.87411499,0.581604004,0.024932861
-9.225585938,-8.683563232,-3.289596558,1.653594971,0.975601196,0.450698853
-7.907150269,-8.786468506,-1.667251587,1.653594971,0.975601196,0.450698853
-7.134262085,-9.291351318,-1.016403198,1.712234497,2.04888916,1.651657104
-6.954803467,-10.07380676,1.673126221,0.474014282,3.095306396,1.85446167
-7.46925354,-9.958938599,2.711608887,0.101989746,2.877838135,1.934494019
-7.105545044,-9.104705811,2.926971436,-0.431869507,2.243148804,1.848358154
-5.997680664,-8.4347229,3.041824341,-0.431869507,2.243148804,1.848358154
-4.961578369,-7.812576294,2.565643311,-0.294433594,1.91633606,1.772613525
-5.00944519,-8.042297363,1.852584839,0.089782715,1.64390564,1.540481567
-4.789306641,-7.329238892,1.084487915,0.430648804,1.525390625,1.532531738
-4.710342407,-7.223953247,0.424072266,0.295043945,1.231567383,1.530700684
-4.55241394,-8.243286133,0.713607788,0.295043945,1.231567383,1.530700684
-4.030776978,-12.15794373,2.364654541,-0.162490845,1.254165649,1.541702271
-4.961578369,-12.71548462,3.135147095,-0.017715454,2.260253906,1.93510437
-6.153213501,-12.7441864,1.41947937,2.193603516,4.257766724,1.584457397
-4.31312561,-10.57389832,-1.73664856,2.703063965,1.114883423,0.039596558
-2.791290283,-10.61936951,-3.686798096,2.791030884,0.008026123,-0.077682495
-2.910934448,-10.38964844,-3.351806641,1.384216309,-0.300476074,-0.754516602
-3.305755615,-8.798431396,-2.545425415,0.604751587,-0.8722229,-1.332397461
-3.289001465,-7.417770386,-1.853897095,-0.446548462,-1.648025513,-1.684860229
-4.014022827,-7.484771729,-0.956588745,-1.459960938,-2.541107178,-2.033676147
-4.968765259,-7.779083252,-0.049713135,-1.503952026,-3.624786377,-2.053222656
-5.327682495,-8.240905762,0.400146484,-1.503952026,-3.624786377,-2.053222656
-6.028778076,-10.30351257,0.948104858,-1.268753052,-4.658981323,-2.224258423
-7.651123047,-11.79423523,1.579803467,-0.905914307,-5.100631714,-2.621917725
-8.36895752,-11.46403503,1.613311768,1.191177368,-2.830657959,-1.441741943
-7.191696167,-9.54258728,-0.829772949,1.191177368,-2.830657959,-1.441741943
-5.846923828,-8.274398804,-6.172943115,1.635879517,0.170501709,-0.355636597
-6.725097656,-7.953765869,-4.636749268,-0.083679199,0.058700562,-0.823562622
-6.665267944,-6.860244751,-3.808837891,-0.06842041,0.485702515,-0.430160522
-8.029174805,-8.606994629,-3.835159302,-0.474029541,0.651855469,-0.23588562
-8.957595825,-8.439498901,-1.990280151,-0.576049805,0.072753906,-0.064865112
-8.242141724,-8.135620117,-2.021392822,-0.055587769,-0.102554321,0.367019653
-8.553207397,-8.908493042,-1.226974487,0.224182129,0.458831787,0.509338379
-9.082015991,-8.925247192,-0.257888794,0.442871094,1.863800049,0.637008667
-9.113128662,-8.829528809,0.73274231,0.463638306,3.156997681,0.90272522
-8.481430054,-9.171707153,0.668136597,0.463638306,3.156997681,0.90272522
-8.036361694,-8.346176147,1.610916138,0.174697876,4.021987915,0.936340332
-7.143844604,-8.41078186,0.31161499,-0.280990601,4.568695068,0.946105957
-6.691589355,-9.09034729,0.194366455,-1.186904907,3.91569519,1.009033203
-6.928482056,-9.494735718,1.510406494,-1.360397339,3.299331665,1.505050659
-6.134063721,-8.757751465,1.651596069,-1.089172363,2.305465698,1.822692871
-5.141036987,-8.733825684,1.043807983,-1.089172363,2.305465698,1.822692871
-4.916122437,-9.597625732,1.1849823,-1.57359314,1.000640869,1.360275269
-4.404052734,-10.7844696,1.44102478,-1.60168457,0.307327271,1.058502197
-2.800857544,-11.01657104,1.338134766,-0.817337036,0.37512207,0.841659546
-1.927490234,-11.28695679,0.835632324,-0.385452271,0.515640259,0.45375061
-1.456100464,-11.86602783,0.684890747,-0.385452271,0.515640259,0.45375061
-1.104354858,-13.9334259,0.646606445,-0.28894043,-0.221054077,-0.162597656
0.44380188,-12.78009033,1.529556274,0.523498535,-0.550918579,-1.319580078
0.060958862,-13.22276306,0.376220703,2.229644775,0.071548462,-1.72946167
-0.642532349,-13.6199646,-2.169754028,2.229644775,0.071548462,-1.72946167
-1.427383423,-12.27281189,-4.01701355,3.417144775,-0.03414917,-1.508331299
-2.604644775,-10.12882996,-4.107940674,2.435501099,-2.071960449,-1.86567688
-3.999664307,-9.884765625,-2.576522827,0.61756897,-4.223434448,-1.766723633
-4.014022827,-10.46144104,-1.4949646,0.382995605,-4.534362793,-1.481445313
-4.695983887,-10.82992554,-1.258087158,0.382995605,-4.534362793,-1.481445313
-4.798873901,-9.872802734,-1.760574341,0.313980103,-3.70664978,-1.401428223
-5.097976685,-8.961135864,-1.51171875,0.047042847,-1.491043091,-0.779571533
-7.347229004,-9.300918579,-0.525878906,-0.21685791,-0.365829468,-0.656158447
-7.541046143,-7.846084595,-1.913711548,0.382385254,-0.831314087,-0.293930054
-5.995285034,-6.893737793,-2.746414185,0.028717041,-1.673690796,0.325469971
-4.468658447,-7.348373413,-3.090988159,-0.371398926,-1.547241211,0.597305298
-4.088195801,-7.238311768,-3.000061035,-0.396453857,-0.944320679,0.212463379
-4.459091187,-7.412979126,-2.818206787,-0.396453857,-0.944320679,0.212463379
-4.818008423,-7.360336304,-2.772735596,-0.186920166,-0.180740356,0.045700073
-5.188903809,-7.834121704,-3.217803955,0.183868408,0.34336853,0.139770508
-5.679428101,-8.796035767,-3.57194519,0.447753906,0.734313965,0.451309204
-6.569564819,-11.66262817,-3.782516479,0.091018677,1.246231079,0.674880981
-6.81362915,-11.04289246,-2.949813843,-0.367736816,1.342132568,0.845916748
-6.284820557,-8.812789917,-1.573928833,-0.367736816,1.342132568,0.845916748
-5.511932373,-9.363128662,-2.021392822,-0.034820557,1.574249268,1.510543823
-5.88760376,-10.66004944,-1.504547119,-0.961502075,2.055007935,1.301635742
-6.658096313,-10.62893677,-0.803451538,-0.961502075,2.055007935,1.301635742
-7.407043457,-10.51647949,-0.39906311,-1.174682617,1.795394897,1.074996948
-7.514724731,-9.836914063,0.617889404,-1.548538208,1.152755737,1.095169067
-6.878234863,-9.382278442,2.053588867,-1.548538208,1.152755737,1.095169067
-5.564575195,-7.98008728,3.302642822,-1.307250977,0.287780762,1.205718994
-4.648117065,-6.908096313,1.950698853,0.491119385,0.413619995,1.390823364
-4.358596802,-6.575500488,0.567642212,1.329833984,0.939575195,1.291244507
-4.542831421,-6.678390503,-0.738845825,1.025024414,1.231567383,1.206329346
-4.480621338,-7.73600769,-1.27961731,-0.178985596,0.613983154,1.277816772
-4.028381348,-10.02354431,-0.846511841,-1.382385254,-0.893615723,0.954055786
-4.722305298,-12.96911621,-0.635955811,-1.382385254,-0.893615723,0.954055786
-5.088409424,-14.83073425,-1.250900269,-1.65788269,-1.960189819,0.556991577
-4.033172607,-11.37550354,-1.136047363,-1.291366577,-3.028579712,0.032867432
-3.848922729,-9.365524292,-2.791885376,0.277923584,-3.75428772,-0.463134766
-3.657501221,-9.119064331,-5.428771973,0.277923584,-3.75428772,-0.463134766
-3.305755615,-7.992050171,-6.49597168,1.514923096,-3.338287354,-0.738037109
-4.10017395,-6.910491943,-5.641738892,-1.365890503,-0.314529419,-2.727005005
-5.89239502,-8.267227173,-3.598266602,-1.365890503,-0.314529419,-2.727005005
-7.325698853,-9.623947144,-1.557189941,-2.891815186,0.196777344,-2.570007324
-7.481231689,-9.353561401,0.07472229,-2.722000122,-0.027420044,-1.700744629
-7.115127563,-8.580673218,0.51499939,-2.722000122,-0.027420044,-1.700744629
-7.184509277,-8.750564575,0.503036499,-2.258972168,-0.648040771,-1.210235596
-6.997879028,-8.755355835,0.787780762,-1.912002563,-1.032897949,-0.961608887
-6.710739136,-8.425140381,1.005523682,-1.183853149,-1.368865967,-0.924346924
-6.366165161,-7.456054688,0.536529541,-0.227249146,-1.289459229,-0.711151123
-5.973739624,-7.274200439,-0.181304932,0.393386841,-1.20149231,-0.519958496
-5.703353882,-7.293334961,-0.769943237,0.830764771,-1.200897217,-0.541946411
-5.607650757,-7.355560303,-1.392074585,1.269363403,-1.189880371,-0.754516602
-5.720108032,-7.417770386,-1.920898438,1.778213501,-0.951660156,-0.951828003
-6.090988159,-8.008789063,-2.631561279,1.778213501,-0.951660156,-0.951828003
-6.892593384,-8.755355835,-3.461868286,2.440383911,-0.572296143,-1.165618896
-7.799468994,-8.831924438,-4.021789551,2.440383911,-0.572296143,-1.165618896
-9.053314209,-9.908691406,-5.840332031,2.780639648,0.347640991,-0.855316162
-8.179931641,-9.269805908,-6.065261841,1.332885742,1.863204956,0.021270752
-7.306549072,-7.666625977,-3.179519653,-0.532058716,2.451461792,0.087844849
-7.361587524,-8.116470337,-0.85369873,-0.532058716,2.451461792,0.087844849
-7.612823486,-9.205200195,-0.880020142,-0.797180176,3.571777344,0.707260132
-8.038757324,-10.0307312,-0.889587402,-1.128875732,4,1.077438354
-8.526885986,-10.03552246,-0.535446167,-1.643218994,3.331710815,0.919830322
-8.931274414,-9.652664185,0.208724976,-2.042114258,2.356765747,0.924728394
-8.976745605,-9.406204224,0.7447052,-1.940109253,1.060516357,1.464126587
-7.445327759,-8.726638794,1.010314941,-1.298690796,-0.059188843,2.010238647
-5.43057251,-7.463226318,0.998352051,-1.298690796,-0.059188843,2.010238647
-4.681625366,-6.855453491,0.838027954,-0.635910034,-0.300460815,2.000457764
-4.305953979,-6.549179077,0.591567993,-0.120346069,0.220581055,1.867889404
-4.588302612,-7.319656372,-0.006637573,0.267547607,0.815567017,1.573471069
-5.523895264,-8.982681274,-0.985305786,0.452026367,0.807632446,1.191680908
-6.10534668,-10.68157959,-1.882614136,0.499664307,0.342758179,0.729858398
-6.540847778,-12.05505371,-3.186691284,0.555267334,0.039764404,0.383499146
-5.679428101,-10.67918396,-2.246322632,-0.218688965,-0.643768311,-0.268280029
-4.748626709,-8.499328613,-1.380111694,0.211349487,-1.570465088,-0.640899658
-3.978134155,-8.276794434,-2.638748169,0.211349487,-1.570465088,-0.640899658
-3.341644287,-9.138214111,-4.581710815,1.426971436,-1.580230713,-0.483306885
-3.224395752,-9.042495728,-6.177719116,2.087921143,-0.778778076,-0.830886841
-4.241348267,-7.50390625,-6.924285889,1.675598145,-0.119033813,-1.279251099
-4.801269531,-7.089950562,-5.325881958,-0.055603027,-0.706695557,-1.429519653
-4.815628052,-7.669006348,-2.526275635,-1.235153198,-1.473937988,-1.454574585
-4.937652588,-8.303115845,-1.116912842,-1.197906494,-1.389022827,-1.48815918
-5.593292236,-8.913284302,-0.710128784,-0.847259521,-0.899719238,-1.665313721
-6.418807983,-9.001815796,-0.549804688,-0.410491943,-0.618728638,-1.760620117
-6.643737793,-8.372497559,-0.899154663,0.139877319,-0.534439087,-1.522384644
-6.277633667,-7.779083252,-1.595474243,0.507614136,-0.60345459,-1.132034302
-5.971359253,-7.386657715,-2.054885864,0.507614136,-0.60345459,-1.132034302
-5.645935059,-7.164123535,-1.983108521,0.367721558,-0.883850098,-0.913345337
-5.45211792,-7.089950562,-1.870651245,0.215011597,-0.951660156,-0.698928833
-5.66267395,-7.822158813,-2.20324707,0.339019775,-0.722579956,-0.492446899
-6.682022095,-9.56652832,-2.729675293,0.274871826,-0.068344116,-0.213897705
-7.095977783,-9.836914063,-2.562164307,0.274871826,-0.068344116,-0.213897705
-6.777740479,-8.752960205,-2.231964111,0.274871826,-0.068344116,-0.213897705
-6.411636353,-8.748184204,-2.521499634,0.543655396,0.299377441,0.07623291
-6.557601929,-9.521057129,-2.732055664,0.50151062,1.408706665,0.572875977
-7.261077881,-10.11686707,-1.880218506,-0.190582275,2.368377686,0.682815552
-8.301956177,-10.32264709,-0.769943237,-0.614532471,2.729400635,0.900894165
-8.225387573,-9.848876953,-0.277023315,-0.684768677,2.28956604,1.511764526
-7.433364868,-8.953964233,-0.116699219,-0.63835144,1.443527222,2.139129639
-6.327880859,-8.243286133,-0.16217041,-0.77822876,0.893157959,2.502593994
-5.325286865,-7.934616089,-0.183700562,-0.77822876,0.893157959,2.502593994
-4.3203125,-7.678588867,-0.279418945,-0.836883545,0.666503906,2.522140503
-3.84173584,-8.152359009,-0.777130127,-0.742202759,0.593215942,2.160507202
-2.970748901,-9.918273926,-1.365753174,-0.646896362,0.566940308,1.608886719
-2.212234497,-10.95915222,-2.167358398,-0.562606812,0.550445557,0.955276489
-2.157196045,-11.14578247,-2.100357056,-1.100769043,-0.131271362,0.035308838
-2.898971558,-12.75854492,-1.662475586,-1.791656494,-0.969970703,-0.869369507
-2.999465942,-13.03611755,-0.229171753,-1.320678711,-1.434829712,-1.950592041
-3.260284424,-10.97828674,1.232849121,-1.320678711,-1.434829712,-1.950592041
-4.52130127,-9.980484009,-1.049911499,1.244308472,-0.971191406,-1.891937256
-3.868057251,-9.257843018,-3.658081055,1.244308472,-0.971191406,-1.891937256
-2.863082886,-9.068817139,-4.92388916,2.233901978,-1.070159912,-1.29574585
-2.587905884,-9.365524292,-3.023986816,0.432479858,-3.350509644,-1.702575684
-3.765167236,-9.561737061,-0.767547607,-1.415374756,-3.961975098,-2.8253479
-5.318115234,-9.796234131,0.603530884,-1.415374756,-1.797698975,-2.915130615
-6.414031982,-9.477981567,0.500640869,-0.405609131,-0.174026489,-2.434997559
-7.426193237,-9.32484436,-0.114318848,-0.027481079,-0.493499756,-2.121643066
-7.289794922,-8.597427368,-0.449310303,0.037261963,-1.481262207,-1.532150269
-6.629379272,-8.078186035,-0.736450195,0.069015503,-2.129379272,-0.924957275
-5.911529541,-7.657043457,-1.308334351,0.191192627,-2.294326782,-0.479019165
-5.533462524,-7.683364868,-1.806045532,0.191192627,-2.294326782,-0.479019165
-5.416213989,-7.807800293,-2.330062866,0.527770996,-1.972396851,-0.361129761
-5.782318115,-7.836517334,-2.688995361,0.527770996,-1.972396851,-0.361129761
-6.662872314,-8.18347168,-3.155593872,0.93522644,-1.064041138,-0.454589844
-7.966964722,-10.21258545,-3.569549561,0.93522644,-1.064041138,-0.454589844
-8.225387573,-10.60261536,-3.327880859,1.237594604,0.110626221,-0.314086914
-6.550415039,-8.157150269,-2.497558594,1.277297974,0.916366577,0.093338013
-5.954605103,-8.264831543,-2.411422729,0.919342041,1.962768555,0.800109863
-6.394882202,-10.01397705,-1.538040161,-0.30847168,2.875396729,1.166610718
-7.117523193,-10.80360413,-0.533050537,-1.39276123,3.488708496,1.162963867
-8.40486145,-10.89453125,-0.064056396,-1.966369629,3.618209839,1.298583984
-8.464675903,-10.39923096,0.400146484,-2.100143433,2.679321289,1.534378052
-8.086608887,-9.635910034,0.761459351,-2.100143433,2.679321289,1.534378052
-6.466674805,-8.554351807,0.682495117,-1.747070313,0.971343994,2.075592041
-4.77255249,-8.075790405,0.258972168,-1.393997192,0.037338257,2.692565918
-3.62638855,-7.484771729,0.062759399,-1.072052002,-0.413467407,2.664459229
-3.456497192,-7.771911621,-0.320098877,-0.70614624,-0.296813965,1.731063843
-3.652709961,-9.32723999,-0.568954468,-0.725097656,-0.287033081,0.845321655
-4.243728638,-10.65765381,-0.425384521,-0.106903076,-0.123931885,-0.058151245
-4.940048218,-11.2702179,-0.997268677,-0.106903076,-0.123931885,-0.058151245
-5.516723633,-12.1005249,-1.437545776,0.3646698,0.122848511,-0.614639282
-5.471252441,-10.18865967,-0.36555481,0.460586548,-0.610183716,-1.40814209
-5.569366455,-10.45664978,-1.506942749,1.595565796,-1.192337036,-1.53338623
-4.660079956,-11.15534973,-3.265655518,2.651748657,-1.566177368,-1.403869629
-4.29637146,-10.17190552,-4.598464966,2.651748657,-1.566177368,-1.403869629
-4.327484131,-7.908294678,-4.483612061,1.579681396,-1.540527344,-2.131408691
-4.210235596,-6.338607788,-3.729873657,1.579681396,-1.540527344,-2.131408691
-4.174346924,-7.207199097,-1.521286011,-0.531448364,-1.668182373,-1.627441406
-4.614624023,-8.714675903,-0.083206177,-1.715911865,-1.461105347,-1.273147583
-5.035766602,-9.915878296,0.950485229,-1.758056641,-1.023742676,-1.239562988
-5.440139771,-10.28436279,1.309417725,-1.07572937,-1.059783936,-1.290863037
-5.586105347,-9.925445557,1.194564819,-1.07572937,-1.059783936,-1.290863037
-5.660293579,-9.169311523,0.866744995,-0.276702881,-1.270523071,-1.291473389
-5.385116577,-7.803009033,-0.111923218,0.464248657,-1.200271606,-1.11126709
-5.184112549,-7.307693481,-0.872833252,0.780075073,-0.92477417,-0.900527954
-5.490402222,-7.381881714,-1.557189941,0.780075073,-0.92477417,-0.900527954
-6.241744995,-7.970504761,-1.789291382,0.348800659,-0.031082153,-0.673278809
-7.363983154,-9.461242676,-1.818008423,0.348800659,-0.031082153,-0.673278809
-8.38571167,-11.22235107,-1.827575684,-0.035430908,0.419723511,-0.144882202
-7.837753296,-10.65765381,-1.155197144,-0.245559692,0.467987061,0.645568848
-5.985717773,-9.023345947,-1.095367432,0.038482666,0.515029907,1.404251099
-5.243942261,-9.506698608,-1.265258789,-0.373245239,1.216293335,1.755508423
-5.114730835,-10.37528992,-0.066452026,-0.93522644,2.092285156,1.481826782
-5.705749512,-10.35375977,0.52696228,-0.93522644,2.092285156,1.481826782
-6.327880859,-9.973297119,0.337936401,-1.038467407,2.833862305,1.356613159
-6.500167847,-9.54258728,0.397750854,-1.19972229,2.579116821,1.467788696
-5.734466553,-8.819961548,0.792572021,-0.974945068,1.445983887,1.511154175
-4.289199829,-8.066223145,0.52696228,-0.408050537,0.810684204,1.53314209
-3.602462769,-7.50390625,0.220687866,0.010986328,0.726379395,1.22467041
-3.411026001,-6.948776245,-0.14781189,0.010986328,0.726379395,1.22467041
-3.437347412,-6.757354736,-0.710128784,0.238845825,0.803344727,0.996810913
-3.652709961,-8.221755981,-1.262863159,-0.031768799,0.507080078,0.812332153
-3.743637085,-10.23890686,-1.222183228,-0.563217163,-0.184402466,0.50567627
-3.688598633,-12.1388092,-1.365753174,-0.424545288,-0.529541016,0.016998291
-4.033172607,-13.11268616,-1.916107178,-0.297485352,-0.483123779,-0.389846802
-3.980529785,-13.49075317,-1.28918457,-0.297485352,-0.483123779,-0.389846802
-3.315322876,-10.24847412,0.76625061,0.845428467,-1.399414063,-1.555969238
-3.504348755,-10.23173523,-0.590484619,0.845428467,-1.399414063,-1.555969238
-3.353607178,-10.31547546,-2.710525513,2.192993164,-0.732345581,-1.328735352
-3.832168579,-9.410995483,-4.435745239,2.078155518,-0.789169312,-1.474731445
-2.384506226,-8.350967407,-4.387893677,0.164321899,-2.400619507,-1.365386963
-0.781326294,-9.207595825,-1.212615967,-2.377471924,-4.78604126,-1.969528198
-2.109344482,-10.98068237,1.754486084,-2.590057373,-3.585083008,-2.424621582
-3.341644287,-11.10749817,1.266342163,-0.877197266,-0.919281006,-1.926773071
-4.234161377,-10.37768555,0.258972168,-0.877197266,-0.919281006,-1.926773071
-4.810836792,-9.76991272,0.328353882,-0.361618042,-0.829467773,-1.973190308
-4.942443848,-8.64050293,0.184783936,-0.087966919,-1.272964478,-1.805206299
-5.416213989,-8.209793091,-0.38230896,0.981643677,-0.64743042,-0.997650146
-6.012039185,-7.937011719,-0.954193115,1.488677979,0.01473999,-0.48085022
-6.012039185,-7.458450317,-1.437545776,1.488677979,0.01473999,-0.48085022
-5.88520813,-6.967910767,-1.779724121,1.411087036,0.565719604,0.064041138
-5.813430786,-6.934417725,-2.002243042,0.956604004,0.479598999,0.59425354
-6.526489258,-10.47819519,-2.399459839,-0.122772217,0.3671875,1.094558716
-6.351806641,-11.05725098,-1.370544434,-0.61819458,0.71661377,1.169692993
-6.449920654,-11.46881104,-0.131057739,-0.61819458,0.71661377,1.169692993
-6.686813354,-12.19384766,0.163253784,-0.723251343,2.250473022,1.632720947
-6.904556274,-12.39962769,0.201538086,-0.668899536,3.039108276,2.037109375
-7.03855896,-11.97131348,0.180007935,-0.761138916,2.736114502,2.449432373
-6.636550903,-11.0716095,0.098648071,-0.761138916,2.736114502,2.449432373
-5.799072266,-10.49493408,-0.042526245,-0.958450317,1.662826538,2.910018921
-4.262878418,-9.473205566,0.129760742,-1.183242798,0.246231079,3.019989014
-3.257888794,-8.693145752,0.029251099,-0.708602905,-0.434249878,2.463500977
-2.71711731,-8.561538696,0.007720947,-0.708602905,-0.434249878,2.463500977
-2.03755188,-8.011184692,-0.480407715,-0.384841919,-0.349334717,1.900878906
-1.501556396,-8.051864624,-0.846511841,-0.566268921,-0.473342896,1.315063477
-1.063674927,-8.1978302,-0.714904785,-0.854598999,-0.779388428,0.516052246
-0.92489624,-8.209793091,-0.808227539,-0.633453369,-0.546035767,-0.312866211
-2.360580444,-8.906097412,-2.392272949,0.197906494,1.2706604,-0.830886841
-4.528488159,-10.03312683,-3.849502563,0.170425415,1.210800171,-1.936538696
-6.823196411,-13.83293152,-3.425979614,0.170425415,1.210800171,-1.936538696
-9.127487183,-17.26663208,-1.619400024,-1.556488037,0.286560059,-2.811904907
-10.17076111,-14.36891174,-0.935058594,-0.99937439,-1.069549561,-3.580368042
-9.019805908,-10.58825684,-2.471237183,1.008529663,-1.320007324,-2.646987915
-6.875839233,-8.018371582,-4.048110962,1.130096436,-1.553955078,-1.359268188
-4.794082642,-5.546585083,-4.332855225,-0.14906311,-2.216140747,-1.142410278
-4.207839966,-5.039306641,-3.313522339,-1.841140747,-2.372512817,-0.893188477
-3.896774292,-5.615966797,-1.74382019,-2.57661438,-2.182540894,-0.71786499
-3.667068481,-6.680770874,-0.255493164,-2.57661438,-2.182540894,-0.71786499
-3.927886963,-8.015975952,1.19934082,-2.079971313,-1.903381348,-1.093551636
-4.882614136,-8.997024536,0.938522339,-0.727539063,-1.288238525,-1.48815918
-5.89956665,-9.588058472,-1.081008911,0.921783447,-0.604064941,-1.760620117
-6.705947876,-8.860641479,-3.77293396,1.959640503,-0.116607666,-1.879119873
-6.923690796,-7.171310425,-4.653503418,1.730560303,0.219970703,-1.792373657
-8.483810425,-6.230926514,-4.397460938,0.910797119,0.417266846,-1.377593994
-9.49836731,-6.266815186,-3.10534668,0.03237915,0.507080078,-0.34463501
-8.909744263,-6.891342163,-0.992477417,-0.2449646,0.660415649,0.758575439
-9.263885498,-9.942199707,-1.31072998,-0.2449646,0.660415649,0.758575439
-8.888198853,-11.02375793,-1.447113037,0.242507935,1.524169922,1.828811646
-7.624801636,-9.504302979,-0.774734497,0.440414429,2.143569946,2.311386108
-7.993286133,-11.19125366,-1.444717407,0.12399292,3.222976685,2.90637207
-8.469467163,-12.97628784,-1.148010254,0.12399292,3.222976685,2.90637207
-8.596282959,-12.62216187,0.043609619,-0.414169312,2.361053467,2.316268921
-8.464675903,-11.29653931,0.52696228,-0.414169312,2.361053467,2.316268921
-7.560180664,-9.98526001,0.51260376,-0.336578369,1.535766602,2.767089844
-5.940246582,-9.126251221,0.462356567,-0.336578369,1.535766602,2.767089844
-4.159988403,-8.042297363,0.498245239,0.058624268,0.345199585,2.971115112
-3.42300415,-7.401016235,0.52456665,0.255325317,0.600540161,2.493423462
-2.891784668,-6.965530396,0.323577881,0.429428101,0.737991333,1.819030762
-2.918106079,-7.07081604,-0.14302063,0.429428101,0.737991333,1.819030762
-2.987503052,-7.877182007,-0.052093506,0.175308228,0.378189087,1.12020874
-3.111923218,-9.193237305,-0.011428833,0.081237793,-0.175231934,0.241775513
-3.523498535,-10.13601685,-0.628768921,0.081237793,-0.175231934,0.241775513
-4.427978516,-11.26542664,-2.978515625,0.645675659,-0.456863403,-0.810714722
-4.564376831,-11.10032654,-4.981307983,1.186889648,-1.167892456,-1.549865723
-6.035964966,-11.68656921,-3.31590271,-1.17225647,-4.485488892,-3.4349823
-7.308944702,-13.8616333,-2.906738281,0.037872314,-3.59362793,-3.146057129
-6.978729248,-11.7870636,-3.734649658,-0.161270142,-1.876495361,-3.196762085
-7.139053345,-9.209991455,-3.217803955,-0.161270142,-1.876495361,-3.196762085
-8.299575806,-8.19303894,-2.112319946,-1.382385254,-0.220443726,-2.641479492
-8.84274292,-7.853256226,-1.473434448,-1.382385254,-0.220443726,-2.641479492
-7.818618774,-8.571105957,-1.284408569,-2.144119263,0.117340088,-1.132644653
-6.906951904,-8.85345459,-0.710128784,-3.006668091,-0.793441772,-0.137542725
-5.88999939,-8.575897217,0.543716431,-3.806289673,-2.062820435,0.296142578
-4.777328491,-8.386856079,1.519989014,-3.902801514,-2.622970581,0.45010376
-3.738845825,-7.72644043,1.833450317,-3.018890381,-2.46963501,0.009063721
-4.138458252,-7.436904907,2.134933472,-1.931549072,-1.764709473,-1.039169312
-4.97354126,-7.326843262,2.134933472,-1.931549072,-1.764709473,-1.039169312
-3.949417114,-7.793441772,1.385986328,-0.262664795,-0.438522339,-1.565750122
-5.308547974,-10.38726807,0.28767395,1.619384766,1.701309204,-2.537017822
-6.940444946,-11.20799255,-2.509521484,4.492279053,4.241287231,-2.752655029
-7.787506104,-11.55973816,-6.223190308,6.673049927,4.758071899,-2.062988281
-8.967163086,-10.17430115,-8.939041138,4.977294922,2.516815186,-1.7734375
-8.689605713,-7.305297852,-6.907531738,1.387878418,1.12159729,-0.639678955
-8.541244507,-8.611785889,-4.074432373,-0.791061401,2.375717163,1.062774658
-8.440750122,-10.52125549,-1.7318573,-0.791061401,2.375717163,1.062774658
-8.770950317,-12.22016907,0.395355225,-2.280334473,2.962753296,1.752441406
-8.16317749,-12.39006042,1.996154785,-2.374420166,2.972518921,2.100021362
-7.01940918,-11.21517944,2.127761841,-1.852737427,2.563232422,2.583221436
-5.566970825,-9.973297119,1.766448975,-1.375061035,1.882736206,2.944854736
-4.547622681,-9.037704468,1.472122192,-0.990203857,1.255386353,2.916748047
-3.889602661,-8.41557312,1.251983643,-0.990203857,1.255386353,2.916748047
-3.394287109,-8.281570435,1.146697998,-0.797775269,1.033035278,2.641860962
-3.040145874,-9.150177002,0.945709229,-0.698822021,1.071517944,2.17149353
-2.51133728,-10.84190369,0.785385132,-0.612091064,1.092285156,1.268035889
-2.066268921,-11.80381775,0.816497803,0.06842041,0.888259888,0.301651001
-2.470657349,-12.09333801,-0.36315918,0.936447144,0.818008423,-0.126556396
-2.843933105,-13.23950195,-1.719894409,0.936447144,0.818008423,-0.126556396
-2.370162964,-11.3850708,-0.071243286,0.257766724,-0.346282959,-0.507736206
-2.441940308,-10.80839539,0.232650757,0.598022461,-1.503250122,-0.962814331
-2.312728882,-10.92803955,-1.418395996,1.626113892,-1.45866394,-0.588989258
-2.286407471,-11.20082092,-3.059875488,1.626113892,-1.45866394,-0.588989258
-3.032974243,-10.01397705,-3.263275146,1.791656494,-1.61932373,-0.974441528
-3.348815918,-8.334213257,-3.375732422,1.472167969,-1.467819214,-1.165634155
-3.253112793,-7.28855896,-3.045516968,0.372009277,-1.71522522,-1.194351196
-3.647918701,-8.130828857,-1.389694214,-0.894302368,-2.164199829,-1.61340332
-4.341842651,-9.135818481,-0.36315918,-1.139862061,-1.820907593,-1.89743042
-4.956802368,-9.798629761,0.06036377,-0.739135742,-1.379257202,-2.097198486
-5.808639526,-10.31307983,-0.269851685,-0.26449585,-1.392089844,-2.251754761
-6.385314941,-10.76771545,-0.446914673,-0.26449585,-1.392089844,-2.251754761
-6.890197754,-10.29872131,-1.284408569,0.490509033,-1.46295166,-2.254806519
-6.885406494,-9.269805908,-2.736846924,1.190567017,-1.125137329,-1.909667969
-6.940444946,-8.970703125,-3.380523682,1.324951172,-0.569244385,-1.503448486
-6.677230835,-8.731430054,-3.155593872,1.324951172,-0.569244385,-1.503448486
-6.56477356,-8.346176147,-2.88041687,1.310897827,-0.076293945,-1.211456299
-6.56237793,-7.774291992,-3.071838379,1.207672119,0.607879639,-0.626861572
-7.002655029,-8.317474365,-3.382904053,0.335357666,0.943847656,0.117172241
-7.445327759,-9.841690063,-2.930664063,-1.178955078,1.161315918,0.946716309
-7.399871826,-10.96632385,-1.435150146,-1.88999939,1.854034424,1.573455811
-7.347229004,-11.16732788,-0.712524414,-1.88999939,1.854034424,1.573455811
-7.174942017,-11.34918213,-0.461273193,-1.630401611,2.662811279,2.122024536
-6.933273315,-11.91627502,-0.135848999,-1.276092529,2.846069336,2.071929932
-7.153411865,-12.18666077,-0.095169067,-1.276092529,2.846069336,2.071929932
-7.744430542,-12.0239563,-0.358383179,-0.921798706,3.185714722,1.890518188
-8.089004517,-11.39463806,-0.15020752,-0.957229614,3.251068115,1.823928833
-7.971755981,-9.449279785,0.649002075,-1.142913818,2.731842041,1.917984009
-8.033966064,-8.920455933,0.869140625,-1.407424927,1.918167114,2.430511475
-6.887802124,-8.793640137,0.663360596,-1.44468689,0.868103027,3.119552612
-5.825393677,-8.757751465,0.503036499,-1.382385254,0.086196899,3.29548645
-4.916122437,-8.839111328,0.383392334,-1.382385254,0.086196899,3.29548645
-4.181518555,-9.162139893,0.483886719,-1.151489258,-0.175231934,3.071914673
-3.753204346,-9.872802734,0.51499939,-0.671340942,-0.060394287,2.511764526
-3.746032715,-11.19602966,1.519989014,-0.095901489,0.546157837,1.724349976
-3.664672852,-14.55076599,1.826263428,1.405593872,1.179031372,1.390823364
-2.04473877,-14.54119873,-2.298965454,3.46786499,1.039154053,1.536193848
-0.333862305,-10.28675842,-5.677627563,2.155105591,-0.85635376,-0.025161743
-2.398864746,-10.53800964,-5.5962677,2.155105591,-0.85635376,-0.025161743
-4.705551147,-10.1958313,-6.05329895,1.186904907,-1.353591919,-1.521759033
-4.451904297,-8.681182861,-7.41960144,1.186904907,-1.353591919,-1.521759033
-5.184112549,-8.233718872,-6.440933228,0.132553101,-1.583282471,-2.276794434
-5.691390991,-8.879776001,-3.825576782,-1.830749512,-2.244842529,-3.1381073
-5.674636841,-9.789047241,-1.526077271,-3.205810547,-3.403045654,-4.150299072
-6.241744995,-10.24607849,0.543716431,-3.205810547,-3.403045654,-4.150299072
-7.363983154,-10.41357422,1.409912109,-2.464828491,-2.817840576,-4.257217407
-8.866668701,-10.71746826,1.290267944,-0.8228302,-2.12512207,-3.877243042
-9.857299805,-9.78666687,0.151290894,0.992019653,-1.874649048,-3.063583374
-9.962585449,-7.020553589,-2.799057007,0.992019653,-1.874649048,-3.063583374
-9.089202881,-3.029327393,-4.541030884,1.192382813,-0.218002319,-1.091110229
-9.613235474,-4.185058594,-4.24432373,1.192382813,-0.218002319,-1.091110229
-10.60624695,-5.146972656,-2.377929688,-0.392791748,0.059936523,-0.36479187
-11.09199524,-7.494338989,-2.215209961,-0.36529541,-0.145309448,0.71031189
-11.23556519,-9.937408447,-2.600448608,-0.102630615,-0.064056396,1.506271362
-9.031768799,-8.365325928,-1.710327148,0.60168457,0.676895142,1.946090698
-8.122497559,-7.96572876,-1.483001709,0.60168457,0.676895142,1.946090698
-8.206253052,-9.274597168,-1.372940063,1.218048096,2.000015259,2.478149414
-10.07264709,-11.57409668,-0.942230225,1.572967529,2.656707764,2.739608765
-10.30476379,-11.63392639,0.160858154,1.69329834,2.191223145,3.101226807
-9.675445557,-11.35395813,0.591567993,1.340820313,1.833862305,2.842834473
-9.51512146,-10.3441925,1.826263428,0.811828613,1.868682861,2.815353394
-8.412033081,-10.18147278,2.0990448,0.811828613,1.868682861,2.815353394
-7.426193237,-10.17190552,2.180404663,0.547317505,1.72026062,3.0340271
-6.311141968,-9.341598511,2.3359375,0.307250977,1.725143433,3.274719238
-5.382720947,-8.846282959,2.146911621,-0.011611938,1.538223267,2.877655029
-4.77494812,-8.334213257,1.795166016,-0.011611938,1.538223267,2.877655029
-4.121704102,-8.248077393,1.117996216,-0.308486938,1.201034546,2.222198486
-3.84413147,-9.061630249,0.579605103,-0.623077393,1.204696655,1.509933472
-3.317718506,-9.32244873,0.347503662,-0.646286011,1.044036865,0.955276489
-2.839141846,-9.241104126,0.0675354,-0.071472168,0.438659668,0.487350464
-2.360580444,-9.298522949,-0.84413147,-0.071472168,0.438659668,0.487350464
-2.2552948,-9.681381226,-1.813217163,0.326812744,-0.2943573,-0.273162842
-2.535263062,-9.638305664,-2.224777222,0.463027954,-1.374359131,-1.51260376
-3.454101563,-9.609588623,-2.090789795,0.654220581,-2.075027466,-2.780136108
-4.53805542,-10.66242981,-2.887588501,0.654220581,-2.075027466,-2.780136108
-6.004852295,-12.36373901,-4.280212402,1.106262207,-2.093353271,-3.509506226
-7.502761841,-12.37091064,-4.639144897,1.158798218,-1.742111206,-4.278579712
-8.593887329,-11.46881104,-3.77532959,0.458755493,-1.396972656,-4.240112305
-9.127487183,-10.29872131,-1.717498779,-0.902236938,-1.961410522,-3.619476318
-9.082015991,-9.511489868,0.799743652,-0.902236938,-1.961410522,-3.619476318
-8.132080078,-11.00460815,1.761657715,-1.387268066,-2.427505493,-2.852828979
-8.306747437,-10.89932251,3.144714355,-0.65057373,-2.905792236,-2.35559082
-6.926086426,-8.41078186,1.551086426,0.852767944,-2.115951538,-1.11126709
-6.526489258,-7.322052002,-0.030563354,0.53755188,-1.72744751,-0.956710815
-6.703552246,-6.819564819,-0.348815918,0.054367065,-1.516693115,-0.815612793
-6.909347534,-6.955947876,-0.36315918,-0.176528931,-1.090927124,-0.576766968
-7.454910278,-7.546981812,-0.073638916,-0.253509521,-0.389053345,-0.4246521
-8.426391602,-8.707504272,0.402542114,-0.310928345,0.113067627,-0.092971802
-9.031768799,-10.88735962,1.084487915,-0.310928345,0.113067627,-0.092971802
-7.615219116,-9.927841187,0.651382446,0.238830566,0.223648071,0.172149658
-6.787307739,-7.838897705,-1.049911499,1.098327637,1.515609741,0.392669678
-6.512130737,-7.937011719,-1.703140259,0.893081665,2.872344971,0.815994263
-6.830383301,-9.585662842,-0.635955811,-0.324371338,3.141723633,0.979705811
-7.151016235,-10.74378967,1.450592041,-0.90713501,3.130126953,1.119598389
-7.229980469,-11.5884552,2.938934326,-0.90713501,3.130126953,1.119598389
-6.930877686,-11.258255,3.558670044,-0.796569824,3.232147217,1.536209106
-6.335067749,-10.46621704,2.974822998,-0.414154053,3.213821411,2.073150635
-5.397079468,-9.470809937,2.35508728,-0.343307495,2.935256958,2.388961792
-4.590698242,-9.212387085,2.0990448,-0.343307495,2.935256958,2.388961792
-3.894378662,-9.221954346,2.510620117,-0.372009277,1.978652954,2.395690918
-3.226791382,-9.528244019,2.072723389,-0.372009277,1.978652954,2.395690918
-2.094985962,-10.88496399,1.613311768,-0.067184448,0.650024414,1.532531738
-1.503952026,-11.10510254,1.022277832,-0.067184448,0.650024414,1.532531738
-1.977737427,-11.24389648,-0.236343384,0.415985107,0.147293091,0.819656372
-2.793685913,-11.42095947,-1.600250244,0.686599731,-1.452560425,0.363342285
-2.410827637,-10.00920105,-1.104934692,0.186920166,-3.186798096,-0.042877197
-1.980133057,-9.604812622,0.421676636,-0.089187622,-3.700531006,-0.521179199
-2.659683228,-10.53321838,0.05557251,0.205245972,-3.270477295,-1.182128906
-3.592880249,-11.2702179,-1.353790283,0.574203491,-2.674285889,-1.901107788
-4.279632568,-10.76531982,-2.918701172,0.122177124,-2.010269165,-2.354980469
-5.246322632,-8.989852905,-2.456893921,-0.984710693,-1.592437744,-2.346435547
-6.136459351,-8.372497559,-1.119293213,-0.984710693,-1.592437744,-2.346435547
-6.519302368,-8.461044312,0.586776733,-2.107467651,-1.725006104,-1.733123779
-6.213027954,-9.169311523,1.594161987,-2.153289795,-1.933914185,-1.125320435
-5.799072266,-9.487564087,1.472122192,-1.666427612,-1.681015015,-0.918838501
-5.576538086,-9.844085693,1.433837891,-1.666427612,-1.681015015,-0.918838501
-5.545425415,-9.236312866,1.649200439,-1.108718872,-1.18989563,-1.33605957
-6.34463501,-8.473007202,1.251983643,-0.413543701,-0.574127197,-1.678161621
-7.067260742,-8.109298706,0.230255127,0.311538696,0.329315186,-1.587738037
-7.94543457,-7.788650513,-0.329666138,0.761123657,0.761810303,-1.317733765
-8.881027222,-8.176300049,-0.425384521,0.769683838,0.931625366,-0.692825317
-9.216018677,-9.743591309,-0.257888794,0.36100769,1.285324097,0.467803955
-8.493392944,-11.11468506,0.546112061,0.370178223,1.209579468,1.310180664
-7.088806152,-10.88735962,1.196960449,0.370178223,1.209579468,1.310180664
-5.827789307,-9.980484009,0.124969482,0.996307373,1.298751831,1.677307129
-5.033370972,-9.992446899,0.120178223,0.538772583,2.00553894,1.839797974
-5.734466553,-11.16253662,1.527160645,-0.286499023,2.866241455,1.641876221
-6.57434082,-11.68894958,2.888671875,-0.410491943,3.233978271,1.618057251
-6.705947876,-10.62654114,2.812103271,-0.026870728,2.901046753,2.002914429
-5.954605103,-9.592849731,2.142120361,0.091003418,2.019577026,2.365142822
-4.77015686,-8.748184204,1.376419067,0.034194946,1.304260254,2.411560059
-3.789093018,-8.260040283,1.469741821,0.034194946,1.304260254,2.411560059
-2.891784668,-7.381881714,0.96723938,-0.053756714,1.040359497,2.154388428
-2.599868774,-7.860443115,0.98878479,-0.329864502,0.927963257,1.817199707
-2.614227295,-9.152557373,0.859558105,-0.254730225,0.610931396,1.382873535
-2.664474487,-9.935012817,0.467147827,-0.025665283,0.016555786,0.65045166
-2.700363159,-9.839309692,-0.777130127,0.257171631,0.022674561,0.079284668
-2.71711731,-10.39204407,-2.090789795,0.056182861,-0.53503418,-0.588363647
-2.559188843,-10.17190552,-2.495178223,0.056182861,-0.53503418,-0.588363647
-2.796081543,-10.08337402,-1.669647217,-0.225402832,-1.336486816,-1.367828369
-3.233963013,-11.01417542,-0.779510498,-0.255340576,-1.443389893,-1.972579956
-3.896774292,-12.24887085,-2.289382935,0.444702148,-1.079330444,-2.459442139
-4.487808228,-10.983078,-3.653305054,0.590087891,-1.203323364,-2.960342407
-5.186508179,-9.856048584,-3.016799927,0.590087891,-1.203323364,-2.960342407
-5.767959595,-9.205200195,-1.27722168,-0.336578369,-1.273574829,-2.945083618
-6.064666748,-8.535217285,-0.059280396,-0.646286011,-1.045730591,-2.434402466
-6.222595215,-8.540008545,0.256576538,-0.59803772,-1.026168823,-1.778320313
-6.012039185,-8.559143066,0.7447052,-0.59803772,-1.026168823,-1.778320313
-5.480819702,-8.788848877,1.247207642,-0.142333984,-1.182556152,-0.899291992
-4.853912354,-8.87020874,0.361862183,0.076339722,-1.183166504,-0.745361328
-4.588302612,-9.186065674,-0.320098877,0.389099121,-1.007232666,-0.821716309
-4.569152832,-8.89175415,-1.341827393,0.389099121,-1.007232666,-0.821716309
-5.028579712,-8.595031738,-1.858688354,0.651779175,-0.346282959,-0.915176392
-5.588500977,-8.496932983,-2.310928345,0.712265015,0.213867188,-0.792404175
-6.172348022,-8.987457275,-2.440139771,0.612075806,0.407501221,-0.416107178
-6.758590698,-10.57629395,-2.346817017,0.360397339,0.490585327,0.078674316
-6.899765015,-12.79443359,-1.349014282,0.088577271,0.531509399,0.57409668
-5.832565308,-11.81338501,-0.60005188,0.290756226,1.128936768,0.892349243
-4.920898438,-9.387054443,-0.549804688,0.290756226,1.128936768,0.892349243
-4.899368286,-9.121459961,-1.387298584,0.597412109,2.137466431,1.08782959
-5.112335205,-10.22694397,-0.954193115,-0.185699463,2.818588257,1.333404541
-5.830184937,-11.34439087,0.838027954,-0.897354126,2.954803467,1.38104248
-6.464279175,-11.28218079,2.161254883,-1.118484497,2.924865723,1.450698853
-6.861480713,-10.66722107,2.874328613,-1.110534668,2.820419312,1.914321899
-6.423599243,-10.05944824,2.548904419,-1.110534668,2.820419312,1.914321899
-4.913726807,-8.961135864,2.402938843,-0.855209351,1.791107178,2.418289185
-3.334457397,-8.164321899,2.09664917,-0.636520386,0.765472412,2.590545654
-2.525695801,-7.661834717,1.936340332,-0.353683472,0.378189087,2.398742676
-2.130874634,-7.568511963,1.323776245,0.066574097,0.515014648,1.969924927
-2.138046265,-8.585464478,0.359466553,0.246780396,0.506469727,1.381652832
-2.561584473,-10.08337402,-0.176528931,0.266937256,0.010467529,0.610748291
-2.805648804,-10.95196533,-0.272232056,0.544891357,-0.232650757,0.077468872
-2.537658691,-11.68894958,-1.884994507,0.909561157,-0.372558594,-0.415496826
-2.372543335,-11.7870636,-3.208236694,0.609634399,-1.059158325,-1.196182251
-2.640548706,-11.67460632,-2.258285522,0.609634399,-1.059158325,-1.196182251
-3.286605835,-11.87799072,-2.052505493,0.344528198,-1.41835022,-1.930435181
-3.365570068,-11.52864075,-3.883010864,1.23638916,-0.808105469,-2.09046936
-3.753204346,-10.43989563,-4.92149353,1.393981934,-0.638885498,-2.34765625
-4.360977173,-9.3152771,-4.442932129,0.336578369,-0.5912323,-2.317108154
-4.885009766,-8.264831543,-2.196075439,-0.855209351,-0.835586548,-1.850402832
-4.863479614,-8.358154297,0.046005249,-1.387878418,-1.343215942,-1.285980225
-4.499771118,-8.85345459,1.42906189,-1.158798218,-1.842895508,-1.046508789
-4.073852539,-8.87739563,1.560668945,-0.544265747,-1.999893188,-1.074615479
-3.997268677,-9.142990112,0.842819214,-0.544265747,-1.999893188,-1.074615479
-4.102554321,-9.734024048,0.316390991,0.031768799,-1.700576782,-1.213272095
-4.662475586,-10.27958679,-0.214813232,0.654220581,-1.148345947,-1.513214111
-4.820404053,-8.827133179,-0.521087646,1.128265381,-0.95652771,-1.496109009
-4.660079956,-9.001815796,-1.564361572,1.398254395,-0.525268555,-0.794219971
-4.569152832,-10.21258545,-2.741638184,1.048233032,-0.415924072,-0.588973999
-4.99029541,-10.99504089,-2.897171021,1.048233032,-0.415924072,-0.588973999
-5.291793823,-9.98526001,-2.141036987,0.458755493,-0.193572998,-0.465576172
-5.155395508,-8.875,-2.160171509,0.331069946,0.57244873,-0.041046143
-4.940048218,-9.31048584,-1.710327148,-0.241287231,1.526000977,0.461090088
-5.421005249,-10.18386841,-0.884796143,-0.978591919,2.401977539,0.753082275
-6.615020752,-11.49992371,0.373825073,-1.544876099,2.925491333,1.20451355
-7.103164673,-11.88755798,1.374023438,-1.612670898,2.626159668,1.70602417
-6.796875,-11.26303101,3.068145752,-0.879638672,1.726974487,2.189208984
-5.535858154,-10.40640259,2.898254395,0.151489258,1.020202637,2.706619263
-4.341842651,-9.645492554,1.632446289,0.151489258,1.020202637,2.706619263
-3.384719849,-9.253067017,1.117996216,0.2003479,0.487533569,2.823287964
-2.762573242,-9.037704468,0.96484375,0.006713867,0.472259521,2.659576416
-2.518508911,-9.609588623,0.457565308,-0.360412598,0.848556519,2.491592407
-1.944229126,-11.0381012,0.28767395,-0.360412598,0.848556519,2.491592407
-0.755004883,-12.3374176,0.814102173,-0.854598999,0.654907227,2.15562439
0.726150513,-11.82774353,1.192169189,-0.664611816,-0.107452393,1.211837769
1.144897461,-10.983078,0.859558105,-0.050704956,-1.275405884,-0.117401123
0.769226074,-10.26283264,-0.592880249,-0.02015686,-3.093338013,-1.28352356
0.163848877,-12.23690796,-0.485198975,-0.02015686,-3.093338013,-1.28352356
-2.030380249,-12.81118774,0.218292236,-0.348800659,-3.744506836,-2.569396973
-3.880020142,-12.92126465,-1.097763062,0.338424683,-2.139160156,-3.245010376
-5.399475098,-12.18188477,-2.222396851,0.648727417,-0.75189209,-3.276168823
-6.708343506,-10.41836548,-1.600250244,-0.158828735,-0.49961853,-2.818618774
-6.727493286,-9.355957031,-0.233947754,-1.107498169,-0.994400024,-1.835754395
-6.047927856,-9.621551514,1.505630493,-1.166137695,-1.496536255,-1.006195068
-5.114730835,-9.707702637,2.78578186,-1.166137695,-1.496536255,-1.006195068
-4.679229736,-8.961135864,2.166046143,-0.268783569,-1.203323364,-0.651901245
-4.490203857,-8.341400146,0.572433472,0.111785889,-0.885681152,-0.438705444
-3.877639771,-8.1978302,-0.214813232,0.070846558,-0.900344849,-0.4087677
-3.784317017,-7.623550415,-0.714904785,0.208297729,-0.580245972,-0.586532593
-3.949417114,-7.72883606,-1.50932312,0.425140381,0.124679565,-0.643356323
-4.502166748,-8.6381073,-1.95199585,0.430648804,0.651245117,-0.672042847
-5.200866699,-9.817764282,-2.057281494,0.308486938,0.970733643,-0.590194702
-6.169952393,-10.5092926,-1.834747314,0.308486938,0.970733643,-0.590194702
-6.981124878,-13.16053772,-2.227172852,0.105667114,1.333587646,0.015777588
-6.150817871,-12.53123474,-0.750808716,-0.427597046,1.183914185,0.65045166
-5.167358398,-9.846481323,0.328353882,0.003646851,1.654281616,1.042633057
-4.559585571,-9.363128662,-0.312911987,0.003646851,1.654281616,1.042633057
-4.049911499,-9.935012817,-0.650299072,-0.023834229,2.43069458,1.534988403
-4.243728638,-10.57629395,-0.243530273,-0.676834106,2.599899292,1.446411133
-5.076431274,-11.12664795,0.400146484,-1.303588867,2.657318115,1.290634155
-6.062286377,-11.12185669,1.402740479,-1.624893188,2.635925293,1.443954468
-7.191696167,-10.32743835,1.996154785,-1.624893188,2.635925293,1.443954468
-6.863876343,-10.62893677,1.888473511,-1.763549805,1.989639282,2.212432861
-5.246322632,-10.32264709,1.723373413,-1.401931763,0.531509399,2.916748047
-3.430175781,-9.899124146,1.469741821,-1.401931763,0.531509399,2.916748047
-2.128479004,-9.085571289,1.153884888,-0.279159546,-0.309631348,2.506866455
-0.999069214,-8.298324585,0.75428772,0.274887085,-0.258926392,1.894165039
-0.491790771,-8.834320068,0.826065063,0.924224854,-0.156906128,0.950393677
-0.343429565,-9.274597168,0.76625061,0.924224854,-0.156906128,0.950393677
-1.056503296,-9.889556885,0.397750854,1.285858154,0.29145813,-0.000717163
-1.530273438,-11.64109802,-1.442337036,1.766601563,0.749603271,-0.51322937
-1.436950684,-12.0287323,-3.421188354,2.02255249,0.239517212,-1.361709595
-2.396469116,-12.99543762,-4.474029541,1.148422241,-0.825195313,-2.342773438
-3.300964355,-11.80619812,-3.076629639,0.896743774,-1.099472046,-2.808853149
-4.686401367,-11.50949097,-3.385299683,1.150848389,-1.010284424,-2.359863281
-4.868255615,-11.59564209,-4.222793579,0.418441772,-1.566177368,-2.102096558
-5.179336548,-10.88975525,-3.287200928,0.418441772,-1.566177368,-2.102096558
-5.394683838,-9.853668213,-1.097763062,-0.753799438,-1.817245483,-1.745956421
-5.090789795,-8.975494385,0.452789307,-1.035415649,-1.627883911,-1.149139404
-4.52130127,-8.556747437,1.036636353,-0.880264282,-1.579620361,-0.771636963
-4.018814087,-8.336608887,1.041427612,-0.566879272,-1.38230896,-0.607925415
-3.556991577,-8.149978638,0.615493774,-0.134384155,-1.18927002,-0.634796143
-3.466064453,-8.228927612,0.07232666,0.359176636,-0.787322998,-0.802780151
-3.635955811,-8.327041626,-0.813018799,0.359176636,-0.787322998,-0.802780151
-4.126480103,-8.573501587,-1.837142944,0.820983887,-0.220443726,-0.901123047
-4.712722778,-9.047286987,-2.497558594,0.821609497,0.246246338,-0.7862854
-5.880432129,-11.39942932,-2.133850098,0.454467773,0.375747681,-0.51385498
-6.464279175,-12.83033752,-1.619400024,0.591903687,0.402618408,-0.138763428
-5.322906494,-11.14100647,-2.033355713,0.975540161,0.4478302,0.387161255
-3.769958496,-8.614181519,-2.614807129,1.023803711,1.524780273,0.774459839
-3.552215576,-8.843887329,-2.562164307,-0.033599854,2.889450073,0.825149536
-4.229385376,-9.853668213,-1.74382019,-0.033599854,2.889450073,0.825149536
-5.791885376,-10.89932251,0.318786621,-1.161865234,3.478927612,0.621139526
-6.650909424,-10.41836548,0.797348022,-1.526550293,2.56262207,1.169677734
-6.897369385,-9.621551514,1.137130737,-1.835647583,1.311584473,1.913711548
-6.57434082,-9.884765625,1.101242065,-1.835647583,1.311584473,1.913711548
-4.808441162,-10.14318848,1.460159302,-1.778823853,0.171112061,2.52885437
-3.281814575,-9.633514404,1.393157959,-1.407424927,-0.207000732,2.458618164
-2.882217407,-9.32244873,1.330947876,-0.993255615,0.075195313,2.210601807
-2.49937439,-9.420562744,0.960067749,-0.993255615,0.075195313,2.210601807
-2.346221924,-9.930236816,0.333145142,-0.602920532,0.202255249,1.815368652
-2.169158936,-10.17669678,-0.004241943,-0.380569458,-0.159957886,1.244827271
-1.908340454,-10.73899841,-0.320098877,-0.133163452,-0.610794067,0.607086182
-1.752807617,-11.30371094,-0.724487305,-0.133163452,-0.610794067,0.607086182
-1.482421875,-12.32305908,-1.375335693,0.150878906,-0.897888184,-0.117401123
-2.413223267,-10.79882813,-1.901748657,1.753158569,-0.710968018,-1.997024536
-3.253112793,-11.0213623,-4.830566406,2.442840576,-0.003601074,-1.853469849
-3.475646973,-9.793838501,-5.912124634,1.579071045,-0.823989868,-2.086807251
-3.966171265,-8.724243164,-4.603256226,0.004272461,-1.696289063,-2.126525879
-4.222198486,-8.169113159,-2.765563965,-1.138641357,-1.861221313,-1.669586182
-4.212631226,-8.030334473,-0.963760376,-1.138641357,-1.861221313,-1.669586182
-4.033172607,-8.965927124,0.756668091,-1.590682983,-1.705459595,-1.269470215
-4.088195801,-9.592849731,1.634841919,-1.590682983,-1.705459595,-1.269470215
-4.241348267,-9.492340088,1.962661743,-1.302368164,-1.663299561,-1.26399231
-4.52130127,-9.116668701,1.42427063,-0.464263916,-1.503875732,-1.325683594
-4.662475586,-8.937210083,0.553283691,0.795944214,-1.260147095,-1.185791016
-4.669662476,-8.937210083,-0.458877563,0.795944214,-1.260147095,-1.185791016
-4.782119751,-8.894134521,-1.583511353,1.249816895,-0.9009552,-1.102722168
-5.605255127,-9.757949829,-2.928268433,1.320678711,-0.328567505,-0.907836914
-6.868667603,-12.40679932,-3.414016724,0.992019653,0.191879272,-0.504074097
-6.875839233,-11.86842346,-3.363769531,0.657272339,0.26701355,0.13243103
-5.342041016,-9.889556885,-2.741638184,0.450805664,0.49180603,0.872817993
-4.322692871,-9.370315552,-2.554992676,0.450805664,0.49180603,0.872817993
-4.092987061,-9.982879639,-1.370544434,-0.290145874,1.464309692,1.265594482
-4.614624023,-10.90411377,0.237426758,-1.335357666,2.533309937,1.320556641
-5.282226563,-11.24627686,1.517593384,-1.628555298,3.014663696,1.341339111
-5.387512207,-10.70071411,1.586990356,-1.266326904,2.700073242,1.501983643
-5.145828247,-9.753158569,1.747299194,-0.95111084,1.698257446,1.680969238
-4.557189941,-9.157348633,1.522384644,-0.667663574,0.86932373,1.895385742
-3.437347412,-8.683563232,1.19934082,-0.500305176,0.373306274,1.777496338
-2.781723022,-8.092544556,1.017486572,-0.500305176,0.373306274,1.777496338
-2.540039063,-7.905899048,0.809310913,-0.345748901,0.291442871,1.522155762
-2.425186157,-8.394042969,0.713607788,-0.293823242,0.248077393,1.184341431
-2.154800415,-9.559341431,0.895462036,-0.17225647,7.63E-05,0.64251709
-2.437149048,-10.38008118,0.670532227,0.279754639,0.264572144,0.060958862
-2.9324646,-12.19862366,-0.511520386,0.710418701,0.092300415,-0.255447388
-2.94442749,-12.53361511,-2.590881348,0.966369629,-0.921096802,-0.617080688
-2.686004639,-12.03591919,-3.007232666,0.399490356,-2.089080811,-0.937164307
-2.666870117,-11.22714233,-2.339645386,0.399490356,-2.089080811,-0.937164307
-2.193084717,-9.434921265,-4.787490845,0.841156006,-1.889328003,-0.807067871
-1.858093262,-8.346176147,-6.433761597,0.263275146,-1.568618774,-0.592041016
-2.0519104,-8.446685791,-4.988494873,-1.883285522,-2.020645142,-0.799728394
-2.707550049,-9.853668213,-0.346420288,-3.499023438,-2.582641602,-1.239547729
-3.523498535,-9.643096924,1.771224976,-2.847839355,-1.745773315,-1.335449219
-4.353805542,-9.119064331,1.259170532,-1.684143066,-1.034729004,-1.255432129
-4.473449707,-9.013778687,0.921783447,-1.014038086,-1.30166626,-1.253601074
-4.724685669,-8.836715698,0.900238037,-0.471588135,-1.506317139,-1.337280273
-4.999862671,-8.061431885,-0.552200317,-0.188140869,-1.389022827,-1.127761841
-5.679428101,-8.228927612,-1.954391479,-0.654846191,-1.577178955,-0.884628296
-5.772750854,-8.951568604,-1.97114563,-0.415985107,-1.944915771,-1.057510376
-7.404647827,-8.712280273,-3.804046631,0.626739502,-1.832504272,-1.584075928
-8.60345459,-8.18586731,-5.335449219,1.523483276,-0.544815063,-1.260925293
-10.1109314,-8.731430054,-7.106140137,1.458114624,0.849777222,-0.346466064
-8.873855591,-9.755554199,-5.278030396,1.458114624,0.849777222,-0.346466064
-6.892593384,-8.87739563,-1.408828735,-0.315200806,1.493011475,1.182510376
-5.569366455,-9.104705811,-0.444519043,0.127655029,1.999420166,1.66569519
-5.148223877,-9.99961853,-0.655090332,0.158813477,2.75138855,1.889877319
-5.071655273,-10.80122375,-0.580917358,-0.107498169,3.054382324,1.727401733
-5.574142456,-10.84190369,0.184783936,-0.427597046,2.684799194,1.549636841
-5.959396362,-10.3106842,0.97203064,-0.427597046,2.684799194,1.549636841
-5.571746826,-9.580886841,1.347702026,-0.464859009,2.019577026,1.820251465
-4.676834106,-8.944381714,1.295059204,-0.193023682,1.023254395,2.040161133
-3.753204346,-8.465820313,1.323776245,0.029937744,0.513793945,1.997406006
-3.135864258,-8.118865967,1.271133423,0.369567871,0.62008667,1.725570679
-2.808044434,-7.934616089,0.98878479,0.369567871,0.62008667,1.725570679
-2.942047119,-8.042297363,0.476715088,0.776397705,0.774017334,1.383483887
-3.226791382,-8.903717041,-0.367950439,1.089767456,0.554733276,1.020019531
-3.712524414,-10.51408386,-1.978317261,1.297454834,0.153991699,0.775680542
-4.935256958,-11.30131531,-5.82359314,0.996917725,-0.147155762,1.155029297
-4.08581543,-10.48057556,-8.051300049,-1.461166382,-1.428115845,1.004135132
-3.305755615,-11.15534973,-7.285598755,-3.299255371,-3.440307617,-0.049606323
-2.750610352,-10.70071411,-3.545623779,-3.299255371,-3.440307617,-0.049606323
-2.317520142,-8.63571167,-4.976531982,-1.587631226,-2.487960815,-0.458862305
-2.894180298,-7.484771729,-7.103744507,-0.476470947,-0.225341797,-1.004974365
-4.636154175,-8.379684448,-5.057891846,-1.65788269,0.279830933,-1.895614624
-5.22958374,-9.32723999,-2.275039673,-2.750106812,-0.630325317,-2.433166504
-5.019012451,-8.719467163,-0.056884766,-2.921142578,-1.55456543,-2.610931396
-5.054901123,-8.312683105,0.756668091,-2.462997437,-1.596115112,-2.546783447
-5.330078125,-9.030532837,1.19934082,-1.9425354,-1.144073486,-2.366577148
-5.389892578,-9.224349976,1.512802124,-1.9425354,-1.144073486,-2.366577148
-5.753601074,-8.776885986,0.96963501,-0.864974976,-0.649887085,-2.408111572
-6.512130737,-9.171707153,-0.585693359,0.674987793,0.18637085,-2.417297363
-7.2706604,-9.55456543,-2.540634155,2.290725708,0.940795898,-2.261520386
-7.505157471,-8.396438599,-4.572143555,3.139816284,1.474685669,-2.245635986
-8.316314697,-9.396636963,-4.366363525,2.958999634,1.507675171,-2.039169312
-8.938461304,-10.67918396,-3.950012207,2.958999634,1.507675171,-2.039169312
-8.677642822,-10.99504089,-5.282806396,3.264434814,2.0128479,-0.973815918
-7.46925354,-10.64569092,-5.668060303,2.367706299,1.365951538,-0.194366455
-6.114929199,-9.372711182,-3.842330933,1.165512085,0.924301147,0.374343872
-4.932876587,-8.542388916,-2.724884033,0.447143555,1.769729614,1.040802002
-4.906539917,-9.296127319,-2.196075439,-0.744033813,2.93586731,1.525817871
-5.4425354,-11.50231934,-0.693374634,-2.105026245,3.512527466,1.667526245
-6.256103516,-12.67718506,1.084487915,-2.328613281,3.627975464,1.696853638
-6.904556274,-12.32783508,1.768844604,-1.939483643,3.323776245,1.998016357
-6.782516479,-11.50949097,2.254577637,-1.939483643,3.323776245,1.998016357
-6.509735107,-11.0716095,2.125366211,-1.538162231,2.552246094,2.454940796
-5.397079468,-10.52125549,1.409912109,-1.069015503,1.448425293,2.901473999
-4.270050049,-9.817764282,1.153884888,-0.943786621,0.428894043,2.820236206
-3.195678711,-9.145385742,1.055770874,-0.943786621,0.428894043,2.820236206
-2.626190186,-9.205200195,0.945709229,-0.673171997,-0.119049072,2.537399292
-2.248123169,-9.365524292,0.340316772,-0.175933838,-0.088500977,2.244796753
-1.695373535,-10.17190552,-0.327270508,0.157592773,-0.084838867,1.785430908
-0.877029419,-10.20062256,-0.913513184,0.572372437,-0.144088745,1.009628296
-0.137649536,-9.870407104,-1.813217163,0.572372437,-0.144088745,1.009628296
0.649581909,-9.470809937,-2.112319946,0.499069214,-0.958984375,-0.003173828
-0.436752319,-10.14079285,-2.41859436,0.236404419,-1.811141968,-1.491836548
-1.59487915,-10.52844238,-1.679214478,0.02015686,-1.960174561,-2.626831055
-3.121505737,-11.75595093,-1.272445679,0.02015686,-1.960174561,-2.626831055
-3.925491333,-13.01457214,-1.602645874,0.430648804,-1.552124023,-3.10269165
-4.51890564,-13.33042908,-2.66506958,1.200942993,-1.432388306,-3.478973389
-5.373153687,-11.85166931,-3.454696655,1.23210144,-1.539916992,-3.851593018
-5.942642212,-9.76512146,-2.569351196,0.320678711,-1.605880737,-3.675674438
-6.81362915,-9.09992981,-0.612014771,-0.666442871,-1.60710144,-3.066650391
-6.993087769,-9.743591309,0.285293579,-0.796569824,-1.456832886,-2.065429688
-6.81362915,-9.516281128,-0.001846313,-0.796569824,-1.456832886,-2.065429688
-5.88999939,-9.351165771,-0.085601807,-0.374450684,-1.959579468,-1.405090332
-4.679229736,-9.884765625,-0.736450195,0.12828064,-2.389007568,-0.711761475
-3.741241455,-9.722061157,-1.97593689,0.954162598,-1.775100708,-0.463134766
-3.789093018,-8.807998657,-2.562164307,1.159408569,-0.668212891,-0.634185791
-4.430374146,-9.166915894,-3.160369873,1.164901733,0.632919312,-0.59753418
-5.45211792,-8.896530151,-4.876037598,0.993255615,1.064788818,-0.26399231
-5.949813843,-9.231521606,-5.249313354,0.993255615,1.064788818,-0.26399231
-5.789505005,-11.03572083,-4.552993774,-0.127655029,0.374526978,0.497741699
-4.590698242,-12.68197632,-3.11491394,-0.816711426,0.273727417,1.338897705
-4.028381348,-11.0333252,-1.691177368,-1.005477905,0.855270386,1.580795288
-4.124099731,-10.02116394,-1.504547119,-1.005477905,0.855270386,1.580795288
-4.545227051,-11.44248962,-1.5284729,-1.586410522,2.367141724,2.172103882
-4.863479614,-12.83750916,-0.360778809,-1.586410522,2.367141724,2.172103882
-5.284606934,-12.99304199,0.658569336,-2.150848389,2.09715271,2.052383423
-6.052703857,-11.93302917,1.165847778,-1.795318604,1.717819214,1.823913574
-5.708145142,-10.81318665,0.952880859,-1.204620361,1.232772827,2.096969604
-4.3203125,-9.279388428,0.632247925,-0.558319092,0.609085083,2.318115234
-3.305755615,-8.370117188,0.433639526,-0.205245972,0.514404297,2.340698242
-2.812820435,-8.001617432,0.443222046,-0.033599854,0.763656616,2.21546936
-2.552017212,-7.858047485,0.416900635,0.256546021,0.866882324,1.856903076
-2.389297485,-7.972900391,-0.281814575,0.256546021,0.866882324,1.856903076
-2.386901855,-8.585464478,-1.219802856,0.533279419,0.475326538,1.325454712
-2.190689087,-9.08795166,-2.004638672,0.585800171,-0.315734863,0.707260132
-3.128677368,-10.17190552,-2.806243896,0.140487671,-0.964477539,0.125717163
-4.234161377,-11.93540955,-3.311126709,-0.599868774,-1.458053589,0.272323608
-2.762573242,-12.41398621,-3.122085571,-0.623077393,-2.476364136,-0.058761597
-3.250717163,-10.42555237,-3.536056519,0.616958618,-2.10067749,-1.418533325
-4.289199829,-8.906097412,-6.704147339,1.723846436,0.091705322,-1.108215332
-4.045135498,-7.822158813,-8.491592407,1.723846436,0.091705322,-1.108215332
-4.959182739,-7.630722046,-8.202056885,1.015853882,0.763031006,-1.489395142
-5.21043396,-7.834121704,-6.352401733,-0.703109741,-0.288253784,-1.831466675
-4.29876709,-8.489746094,-3.160369873,-1.859466553,-1.76348877,-2.159515381
-4.138458252,-8.860641479,-1.28918457,-1.964538574,-2.166641235,-2.547409058
-4.442337036,-8.989852905,-0.243530273,-1.964538574,-2.166641235,-2.547409058
-4.748626709,-8.762527466,-0.210021973,-1.282821655,-1.412231445,-2.400192261
-5.045333862,-8.312683105,-0.942230225,-0.38117981,-0.539306641,-2.168075562
-5.581329346,-8.042297363,-1.779724121,0.269393921,0.053817749,-2.068496704
-5.873245239,-7.688156128,-2.361175537,0.604125977,0.377578735,-1.825363159
-6.198669434,-7.475189209,-2.614807129,0.71043396,0.393463135,-1.515060425
-6.567169189,-7.716873169,-2.901947021,0.731811523,0.42338562,-1.03918457
-7.196472168,-8.807998657,-3.33744812,0.731811523,0.42338562,-1.03918457
-8.292388916,-11.45924377,-3.612625122,0.521057129,0.49546814,-0.470458984
-8.16557312,-10.94000244,-3.246520996,0.427597046,0.350692749,0.074401855
-6.588699341,-8.489746094,-2.949813843,0.849090576,0.47164917,0.78666687
-5.334869385,-8.525650024,-3.600662231,0.862518311,1.730026245,1.584457397
-4.901763916,-9.475601196,-3.445129395,0.090408325,2.932815552,1.753067017
-5.710540771,-11.41616821,-2.157791138,-0.490524292,3.34147644,1.690139771
-6.430770874,-11.72485352,-1.253295898,-0.490524292,3.34147644,1.690139771
-6.674850464,-10.86343384,-0.894378662,-0.59803772,2.833251953,1.802536011
-6.650909424,-9.896728516,-0.561767578,-0.850326538,1.556533813,2.113479614
-6.035964966,-9.674194336,-0.154998779,-1.029922485,0.323822021,2.746322632
-4.416015625,-9.887161255,-0.071243286,-0.923019409,-0.179519653,3.115905762
-3.382324219,-9.839309692,0.05796814,-0.747085571,0.015350342,3.035247803
-3.006652832,-10.04269409,-0.040130615,-0.747085571,0.015350342,3.035247803
-2.693191528,-10.34179688,-0.308135986,-0.620025635,0.256622314,2.765869141
-2.185913086,-10.56193542,-0.726882935,-0.450820923,-0.070800781,2.15133667
-1.348419189,-10.16950989,-1.097763062,-0.210128784,-0.776321411,1.246032715
-0.321899414,-9.525848389,-1.487792969,-0.210128784,-0.776321411,1.246032715
0.321777344,-9.633514404,-2.002243042,-0.00793457,-1.299850464,0.196578979
-0.087402344,-10.432724,-2.516708374,0.163101196,-1.13734436,-1.224273682
-0.587509155,-11.3132782,-2.308532715,0.337799072,-0.424468994,-2.843048096
-3.054504395,-13.84729004,-3.08380127,1.142303467,0.524185181,-4.050125122
-5.105148315,-14.0602417,-4.974136353,2.11907959,0.802734375,-3.954223633
-5.736862183,-12.48815918,-6.297363281,1.312728882,-0.560089111,-3.425827026
-6.059890747,-10.52844238,-5.227767944,-0.566879272,-1.965682983,-2.734939575
-5.90675354,-9.396636963,-1.686401367,-0.566879272,-1.965682983,-2.734939575
-5.241546631,-9.343994141,-0.236343384,-1.106872559,-2.106170654,-1.563919067
-4.31552124,-9.78187561,0.476715088,-0.957214355,-2.126327515,-0.907226563
-3.358398438,-9.370315552,0.656173706,-0.957214355,-2.126327515,-0.907226563
-2.614227295,-8.721862793,0.615493774,-0.463638306,-2.635192871,-0.816223145
-3.119110107,-8.260040283,0.347503662,0.040313721,-2.95161438,-1.314071655
-4.451904297,-8.209793091,-0.171737671,0.323760986,-2.332809448,-1.84185791
-5.346832275,-8.085357666,-1.145614624,0.577865601,-1.23387146,-1.608505249
-6.308746338,-8.587860107,-1.937637329,0.45753479,-0.721969604,-1.305511475
-6.155593872,-9.664627075,-1.456680298,0.525939941,0.025726318,-1.056289673
-7.629577637,-11.16014099,-2.133850098,1.460571289,2.217498779,-0.087463379
-8.483810425,-12.26802063,-5.490982056,1.115432739,2.159454346,0.996200562
-6.741836548,-8.939605713,-4.866455078,1.115432739,2.159454346,0.996200562
-5.052505493,-9.121459961,-3.033554077,0.026870728,1.241333008,1.576522827
-4.447128296,-11.22235107,-1.911315918,-1.121551514,2.090438843,2.274124146
-4.657699585,-13.48596191,0.201538086,-1.888168335,2.902267456,2.209365845
-5.834960938,-13.21078491,1.515197754,-1.955978394,3.411132813,2.022445679
-6.155593872,-12.23451233,1.993759155,-1.560745239,2.590133667,2.231369019
-4.971160889,-10.51408386,1.536727905,-0.616348267,0.694000244,2.125076294
-3.468460083,-8.963531494,1.003128052,-0.099563599,0.504638672,2.129333496
-2.106948853,-7.95614624,0.708816528,0.279769897,1.394668579,1.767730713
-2.04473877,-7.372299194,0.51739502,0.5259552,1.86869812,1.349899292
-2.439544678,-7.341201782,0.213500977,0.5259552,1.86869812,1.349899292
-2.834365845,-8.532821655,-0.487594604,0.538772583,1.469802856,1.054840088
-2.757797241,-10.38726807,-1.140838623,0.389724731,0.720275879,0.735366821
-2.262481689,-10.73182678,-1.437545776,0.30480957,0.121627808,0.376174927
-2.121307373,-11.44010925,-1.806045532,0.010375977,-0.610778809,0.0884552
-1.623596191,-11.53581238,-1.571548462,-0.147827148,-1.136734009,-0.057540894
-0.884216309,-11.45684814,-1.739044189,-0.147827148,-1.136734009,-0.057540894
-1.415420532,-9.997238159,-0.281814575,-0.350631714,-1.944915771,-0.977493286
-2.097366333,-10.27001953,-1.255691528,1.225982666,-1.116577148,-1.730072021
-2.27923584,-10.89215088,-3.672439575,1.225982666,-1.116577148,-1.730072021
-3.049713135,-10.24369812,-4.198867798,1.289535522,-1.453781128,-2.396530151
-4.250915527,-8.678787231,-3.416412354,0.466690063,-1.859390259,-2.577941895
-5.112335205,-8.355758667,-2.940231323,0.466690063,-1.859390259,-2.577941895
-5.121902466,-8.449081421,-2.966552734,-0.565658569,-2.348693848,-2.007400513
-4.471054077,-9.717269897,-0.497161865,-2.054946899,-4.342544556,-1.376998901
-4.423202515,-9.901519775,0.900238037,-2.054946899,-4.342544556,-1.376998901
-4.51890564,-9.341598511,0.09147644,-0.833206177,-2.909469604,-1.150970459
-4.844329834,-8.956359863,-0.863265991,0.09161377,-1.415908813,-1.029418945
-5.184112549,-8.128433228,-1.358581543,0.558319092,-0.460525513,-0.992141724
-5.674636841,-7.881973267,-1.794067383,0.827713013,0.207138062,-0.724594116
-6.002456665,-8.537612915,-2.552597046,1.05128479,0.49546814,-0.312255859
-6.543243408,-10.30351257,-3.31590271,0.900405884,0.658569336,0.178253174
-6.667663574,-11.9473877,-3.363769531,0.900405884,0.658569336,0.178253174
-6.059890747,-11.43292236,-2.42098999,0.414154053,0.839385986,0.641906738
-5.157791138,-9.906311035,-1.923294067,0.206451416,1.357391357,1.196563721
-4.485412598,-9.913482666,-1.901748657,0.072677612,1.843032837,1.654708862
-4.284408569,-10.97349548,-1.29397583,-0.602310181,2.31829834,1.914321899
-4.207839966,-11.710495,-0.176528931,-1.024414063,2.664031982,1.761001587
-4.657699585,-11.8636322,0.548492432,-1.024414063,2.664031982,1.761001587
-4.837158203,-10.987854,0.861953735,-0.860092163,2.744064331,1.594848633
-4.736663818,-9.255462646,0.7447052,-0.52961731,1.287155151,1.708480835
-4.337051392,-8.293548584,0.995956421,-0.52961731,1.287155151,1.708480835
-3.190887451,-7.683364868,0.814102173,-0.354293823,0.565109253,1.870330811
-2.49697876,-7.319656372,0.711212158,-0.150878906,0.124069214,1.67791748
-2.147628784,-7.121063232,0.340316772,0.080612183,-0.000549316,1.310180664
-2.006439209,-7.348373413,-0.16217041,0.021987915,-0.191741943,0.847763062
-2.013626099,-8.216964722,-0.509124756,0.021987915,-0.191741943,0.847763062
-2.451507568,-9.54737854,-0.652694702,-0.027481079,-0.618118286,0.175201416
-2.908538818,-10.71507263,-0.84173584,-0.027481079,-0.618118286,0.175201416
