-0.795684814,-10.32264709,-1.2915802,-0.205856323,-0.808700562,-0.037384033
-0.204650879,-10.43751526,0.629852295,0.340240479,-0.532608032,-0.056915283
0.415084839,-9.935012817,-0.286590576,0.306640625,0.577941895,-0.028823853
1.152084351,-9.774703979,0.474319458,0.208892822,0.103302002,0.004776001
1.879501343,-9.415771484,0.864349365,0.208892822,0.103302002,0.004776001
2.666732788,-9.406204224,0.110610962,0.255340576,-0.34262085,0.128768921
2.50163269,-9.923049927,-0.432556152,0.114212036,-0.13432312,0.185592651
1.168823242,-10.35136414,-0.095169067,0.114212036,-0.13432312,0.185592651
3.954071045,-10.82035828,-0.076034546,-0.138671875,-0.529541016,-0.065475464
-0.329071045,-11.64828491,0.507827759,0.196685791,0.041000366,-0.247512817
0.048980713,-9.678985596,0.938522339,0.2162323,-0.021316528,0.159927368
0.355270386,-8.719467163,1.65637207,0.141098022,-0.174636841,0.117767334
1.082687378,-8.283966064,1.486480713,0.141098022,-0.174636841,0.117767334
1.59236145,-9.054458618,1.560668945,0.241287231,-0.068344116,0.143432617
1.317184448,-11.87559509,2.534545898,0.146591187,-0.100112915,0.027374268
0.175811768,-11.88995361,-1.829971313,-1.037857056,0.88458252,0.016998291
0.752471924,-10.7461853,0.211105347,-0.221740723,-0.084838867,0.060348511
1.558853149,-9.119064331,1.66116333,-0.153335571,-0.335906982,0.200241089
1.800537109,-8.697921753,1.761657715,-0.153335571,-0.335906982,0.200241089
1.436828613,-10.63850403,0.893066406,0.058013916,-0.130050659,0.198410034
-0.118515015,-11.52624512,-0.451705933,-0.124008179,-0.114776611,0.175811768
-0.424789429,-10.55236816,-0.911117554,-0.124008179,-0.114776611,0.175811768
-0.537246704,-8.611785889,-0.200454712,-0.227233887,0.070922852,0.162979126
0.156661987,-7.580474854,0.328353882,-0.089797974,-0.207626343,0.131820679
0.391159058,-8.556747437,0.05557251,-0.087356567,-0.021316528,-0.184585571
0.104019165,-10.22694397,0.218292236,-0.254730225,-0.029251099,-0.386795044
-1.046920776,-11.48556519,0.723175049,-0.327423096,0.066040039,-0.177871704
-1.295776367,-11.24389648,0.235046387,-0.166152954,-0.152633667,0.178253174
-1.35798645,-11.23193359,-0.659881592,-0.108123779,0.338470459,0.346847534
-1.070846558,-12.09095764,0.916992188,-0.108123779,0.338470459,0.346847534
0.427047729,-10.32504272,-0.076034546,-0.076965332,1.089233398,0.334030151
-0.022796631,-8.956359863,0.268539429,0.00793457,1.031188965,0.310195923
0.439025879,-8.516067505,0.433639526,0.176528931,0.758148193,0.307754517
2.169021606,-8.169113159,0.670532227,0.222961426,0.691574097,0.162368774
2.48487854,-8.944381714,0.584396362,0.112991333,0.332977295,-0.045928955
1.128158569,-11.16732788,-0.15020752,-0.082473755,-0.068344116,-0.123504639
0.135131836,-11.77987671,-0.583312988,-0.082473755,-0.068344116,-0.123504639
-0.187896729,-11.63392639,-0.095169067,-0.210754395,-0.21862793,-0.075241089
-0.202255249,-11.19364929,0.041213989,-0.257171631,-0.525268555,0.115341187
-0.522903442,-10.69593811,0.672927856,-0.2449646,-0.599182129,0.27293396
-0.439147949,-9.879989624,1.371627808,-0.266342163,-0.334075928,0.233840942
-0.331466675,-8.65725708,1.565444946,-0.350631714,-0.180114746,0.194137573
0.017883301,-8.4347229,0.775817871,-0.289550781,-0.035964966,0.164810181
-0.513320923,-8.492141724,0.826065063,-0.259002686,-0.115386963,0.060974121
-0.068252563,-9.643096924,0.718383789,-0.259002686,-0.115386963,0.060974121
-0.479827881,-10.72465515,0.735137939,-0.478317261,-0.012145996,-0.134490967
-0.482223511,-9.456451416,0.708816528,-0.514953613,0.279846191,-0.146102905
0.465332031,-9.935012817,0.924179077,-0.523513794,0.295120239,-0.06791687
0.824264526,-10.22694397,0.51020813,-0.437988281,0.458816528,-0.021499634
0.587371826,-10.35136414,0.357070923,-0.414764404,0.326263428,0.131835938
-0.640151978,-10.54997253,-0.329666138,0.110565186,0.02204895,0.277832031
-2.03515625,-10.84667969,-3.019195557,0.821594238,-0.141036987,0.30897522
-0.056289673,-9.494735718,-3.799255371,0.821594238,-0.141036987,0.30897522
1.199935913,-9.99005127,-2.459274292,0.99079895,-0.042694092,0.103118896
0.515594482,-9.791442871,-0.813018799,0.783111572,0.201034546,-0.120437622
-0.166366577,-10.58346558,-0.970947266,0.872299194,0.24256897,-0.257293701
0.065734863,-10.95436096,-1.638534546,0.929718018,0.086807251,-0.295150757
0.625656128,-9.513885498,-0.186096191,0.640167236,0.241363525,-0.508972168
1.065933228,-10.05226135,0.206329346,0.410476685,0.47958374,-0.649459839
1.738327026,-10.55236816,-0.40145874,0.171035767,0.189422607,-0.531555176
2.374816895,-9.446884155,-0.296173096,0.171035767,0.189422607,-0.531555176
2.882095337,-8.697921753,0.52696228,-0.400115967,-0.267486572,-0.177856445
3.465942383,-7.195236206,2.032043457,-0.736099243,-0.550918579,-0.080749512
2.166641235,-7.384262085,2.692474365,0.064758301,-0.695098877,-0.243225098
1.532531738,-9.052062988,1.065353394,0.701263428,-0.546035767,-0.130828857
1.319580078,-12.79205322,-0.710128784,0.609634399,-0.546646118,-0.157089233
-1.305343628,-17.57051086,-2.100357056,0.609634399,-0.546646118,-0.157089233
-3.006652832,-13.46682739,-2.942626953,-0.201583862,-0.477005005,0.114730835
-0.429580688,-10.06422424,-0.219604492,-0.750137329,-0.546035767,0.289428711
0.00592041,-7.403411865,0.931350708,-0.540618896,-0.489227295,0.060348511
-1.468063354,-9.511489868,1.237625122,-0.114837646,-0.522827148,0.203903198
-1.355606079,-11.55256653,1.182601929,0.007324219,-0.070175171,0.3175354
-0.195083618,-9.712478638,1.22088623,0.007324219,-0.070175171,0.3175354
-0.431976318,-8.425140381,0.936141968,-0.098342896,-0.069564819,0.224075317
-0.692779541,-8.915679932,-0.37991333,-0.098342896,-0.069564819,0.224075317
-0.762176514,-10.20541382,-0.430160522,-0.156982422,-0.460510254,0.323638916
-0.518112183,-10.20541382,0.586776733,-0.443481445,-0.257095337,0.280883789
0.080093384,-9.044891357,1.400344849,-0.615142822,0.040985107,0.096389771
0.194946289,-8.590255737,1.149093628,-0.601089478,-0.084838867,0.013320923
-0.348220825,-8.693145752,0.854782104,-0.577880859,-0.114761353,0.029815674
-0.632965088,-8.470611572,1.106033325,-0.577880859,-0.114761353,0.029815674
-0.45111084,-9.470809937,2.31918335,-0.527786255,0.227310181,-0.299423218
-0.70475769,-9.956558228,1.639633179,-0.476470947,0.72088623,-0.554763794
-1.472854614,-11.64588928,-0.683807373,-0.335357666,0.519302368,-0.146102905
-0.398468018,-15.71847534,-2.260681152,0.13684082,0.106964111,0.673049927
1.006118774,-13.63192749,-1.944824219,0.13684082,0.106964111,0.673049927
-0.128082275,-9.757949829,-2.669845581,0.616958618,0.028167725,0.517288208
-0.020401001,-7.932220459,-2.590881348,0.616958618,0.028167725,0.517288208
0.979797363,-7.795837402,-2.633956909,0.540603638,0.020828247,0.023101807
2.468139648,-8.501724243,-2.129074097,0.45324707,-0.269927979,-0.005004883
2.475311279,-8.745788574,-1.004440308,0.598632813,-0.550308228,0.018203735
1.142501831,-8.920455933,-0.968551636,0.598632813,-0.550308228,0.018203735
-0.142440796,-9.578491211,-1.406433105,0.602310181,-0.465408325,-0.047149658
-0.637756348,-10.49493408,-1.140838623,0.235778809,-0.623001099,-0.158935547
0.017883301,-10.69114685,-0.320098877,0.132537842,-0.749450684,-0.149780273
0.44859314,-10.23890686,0.371429443,0.376281738,-0.706695557,-0.132049561
0.795547485,-9.77947998,0.280502319,0.539382935,-0.376831055,-0.165649414
1.015686035,-9.501922607,-0.152603149,0.491119385,-0.198455811,-0.215744019
1.226257324,-9.77947998,0.120178223,0.491119385,-0.198455811,-0.215744019
1.601928711,-9.757949829,0.842819214,0.224182129,-0.128814697,-0.244445801
1.723968506,-9.540206909,1.141921997,0.008529663,-0.216186523,-0.132049561
2.405914307,-9.681381226,1.354873657,-0.138046265,-0.367660522,-0.017211914
2.221664429,-9.394241333,1.759262085,-0.138046265,-0.367660522,-0.017211914
1.901031494,-9.339202881,1.768844604,-0.230300903,-0.473342896,-0.053863525
1.233428955,-9.76991272,1.352493286,0.013442993,-0.345062256,-0.021499634
1.59475708,-10.74139404,0.170425415,0.122161865,-0.323684692,0.162368774
0.192550659,-12.51687622,-0.439743042,0.029327393,-0.283966064,-0.070358276
-1.530273438,-12.74658203,-1.559585571,-0.31703186,0.004348755,-0.243850708
-1.625991821,-10.56433105,-2.133850098,-0.31703186,0.004348755,-0.243850708
-0.257293701,-8.283966064,-0.36315918,-0.549163818,0.031219482,-0.074630737
-1.111526489,-8.154754639,0.900238037,-0.235183716,-0.256484985,0.027374268
-1.200057983,-10.96153259,1.175415039,0.282211304,-0.175247192,0.180084229
-1.049316406,-12.67958069,0.395355225,0.282211304,-0.175247192,0.180084229
-0.798065186,-11.07400513,-0.231567383,0.059249878,0.456985474,0.170318604
-0.711929321,-10.02833557,-0.367950439,-0.348800659,0.160720825,0.205749512
-1.044525146,-9.664627075,0.120178223,-0.617584229,0.297561646,0.358459473
-0.867462158,-8.831924438,0.445602417,-0.801452637,0.697052002,0.374328613
-0.534866333,-8.350967407,0.354675293,-0.931564331,0.728820801,0.258895874
-0.67124939,-8.377288818,0.371429443,-0.987762451,0.922470093,0.274154663
-0.537246704,-8.599822998,0.809310913,-0.987762451,0.922470093,0.274154663
-0.049118042,-8.568710327,0.881103516,-0.75440979,1.139328003,0.097015381
-0.333862305,-9.470809937,0.337936401,-0.556503296,1.122833252,-0.141220093
-1.372344971,-11.49035645,0.158462524,-0.556503296,1.122833252,-0.141220093
0.159057617,-11.59085083,0.364257813,-0.169204712,1.148483276,-0.13999939
1.056365967,-14.07939148,-1.05708313,0.67376709,0.610321045,0.270492554
0.529953003,-11.57649231,-3.239334106,1.125808716,0.191879272,0.514846802
1.14012146,-9.662231445,-2.413818359,0.998138428,-0.030471802,0.2368927
2.188171387,-9.54498291,-2.509521484,0.998138428,-0.030471802,0.2368927
2.515991211,-9.851272583,-2.741638184,0.841140747,0.389785767,-0.078292847
1.319580078,-8.42036438,-1.380111694,0.347579956,-0.06590271,-0.244445801
0.67829895,-8.669219971,-1.095367432,0.227844238,-0.490432739,-0.196792603
0.618484497,-9.76512146,-1.358581543,0.436141968,-0.59979248,-0.182754517
0.979797363,-10.30830383,-0.84413147,0.348190308,-0.741516113,-0.157104492
0.781188965,-9.954162598,0.081893921,0.215621948,-0.772659302,-0.142440796
0.388763428,-9.911087036,0.218292236,0.150268555,-0.485565186,-0.127166748
0.69744873,-10.60501099,0.428863525,0.130722046,-0.392105103,0.004165649
1.534927368,-10.46621704,0.794952393,0.130722046,-0.392105103,0.004165649
2.159454346,-9.370315552,1.388381958,-0.082473755,-0.437911987,0.137329102
2.097244263,-8.494537354,1.675521851,-0.213790894,-0.549087524,0.043258667
1.477508545,-8.755355835,1.620483398,-0.077575684,-0.56741333,-0.053253174
1.391357422,-9.444488525,1.180206299,0.246170044,-0.454406738,0.031646729
-0.219009399,-14.01239014,0.07232666,0.493560791,-0.320632935,-0.178482056
-2.549621582,-14.7756958,-3.55519104,-0.031158447,-0.081787109,-0.414276123
-2.027984619,-8.769714355,-1.724685669,-0.677444458,-0.180114746,-0.086853027
-1.018203735,-8.123657227,0.625076294,-0.677444458,-0.180114746,-0.086853027
-0.410430908,-11.09313965,0.584396362,-0.009170532,-0.287033081,0.117767334
-0.652114868,-10.68637085,-0.408630371,-0.009170532,-0.287033081,0.117767334
-1.1378479,-9.212387085,-0.432556152,-0.13621521,0.144836426,0.051803589
-0.812423706,-9.07359314,0.498245239,-0.475860596,-0.217391968,0.070129395
-0.362579346,-9.556945801,0.392959595,-0.500289917,0.28717041,0.189239502
-0.271652222,-9.901519775,0.302032471,-0.610244751,0.398361206,0.20513916
-0.336257935,-10.11209106,0.010116577,-0.610244751,0.398361206,0.20513916
-0.132873535,-10.05944824,0.098648071,-0.860702515,0.322601318,0.198410034
0.089660645,-9.253067017,1.455383301,-1.010375977,0.580993652,0.08052063
0.570617676,-8.1978302,2.003341675,-0.638961792,0.783187866,-0.141830444
0.20690918,-8.604614258,0.098648071,-0.638961792,0.783187866,-0.141830444
-0.833969116,-10.29394531,-0.719696045,-0.52961731,0.383071899,-0.118621826
0.506011963,-11.64588928,-1.475830078,-0.020172119,0.301223755,0.018218994
0.613693237,-15.08676147,-2.66027832,0.714691162,-0.144699097,0.530731201
-1.338851929,-12.31347656,-4.493179321,0.714691162,-0.144699097,0.530731201
-0.793289185,-10.12882996,-2.298965454,0.56930542,0.120407104,0.186813354
0.864944458,-8.918060303,-1.782104492,0.56930542,0.120407104,0.186813354
2.082885742,-8.327041626,-2.026184082,0.831375122,0.259674072,-0.068527222
1.597137451,-8.116470337,-2.198455811,0.602294922,0.168655396,-0.254852295
0.939117432,-7.865219116,-1.899353027,0.339630127,-0.08972168,-0.30065918
0.391159058,-9.518661499,-0.891983032,0.558929443,-0.277862549,-0.198638916
0.788375854,-10.44229126,-0.339233398,0.668273926,-0.528930664,-0.121047974
1.527755737,-9.757949829,-0.769943237,0.668273926,-0.528930664,-0.121047974
1.283691406,-9.844085693,-0.449310303,0.334136963,-0.450134277,-0.113113403
0.556259155,-10.51408386,0.627456665,0.103225708,-0.367660522,-0.020278931
0.924758911,-9.834518433,0.632247925,-0.002456665,-0.363998413,0.091506958
1.635437012,-8.942001343,0.948104858,-0.002456665,-0.363998413,0.091506958
1.975204468,-8.968322754,1.297454834,-0.049484253,-0.377441406,0.142211914
1.467926025,-9.224349976,1.594161987,0.035430908,-0.547866821,0.142227173
1.637817383,-9.796234131,2.044006348,0.217453003,-0.538711548,0.075622559
1.884277344,-10.31787109,0.536529541,0.238235474,-0.656600952,0.149536133
0.580200195,-12.27041626,-0.274627686,0.18812561,-0.533813477,0.015151978
-3.159790039,-12.20820618,-2.349212646,0.028106689,-0.017044067,-0.428314209
-2.587905884,-9.152557373,-1.875427246,-0.604141235,-0.403091431,-0.116775513
-2.27444458,-9.154953003,0.457565308,-0.346359253,-0.417755127,0.086624146
-1.398666382,-10.45904541,1.062957764,-0.346359253,-0.417755127,0.086624146
-0.348220825,-10.71986389,0.376220703,0.006713867,-0.230834961,0.253387451
-0.984710693,-10.79882813,-1.124084473,-0.632247925,-0.213119507,0.117172241
-1.384307861,-10.3106842,-0.987686157,-0.632247925,-0.213119507,0.117172241
-1.011032104,-8.834320068,0.357070923,-0.805725098,0.26701355,0.231399536
-0.965576172,-8.269607544,0.716003418,-0.61819458,0.673248291,0.219177246
-1.042144775,-8.999420166,0.622680664,-0.648117065,0.550445557,0.398162842
-0.061080933,-8.977890015,0.720779419,-0.648117065,0.550445557,0.398162842
0.22366333,-8.238510132,1.053390503,-0.642608643,0.851593018,0.400619507
-0.147216797,-8.724243164,0.046005249,-0.476470947,1.137496948,-0.006835938
0.101623535,-11.00700378,1.055770874,-0.571151733,0.739822388,-0.141220093
1.113800049,-10.90888977,0.938522339,-0.131332397,0.865646362,-0.198028564
0.156661987,-14.31149292,-2.284606934,0.552825928,0.373306274,0.054870605
-1.956192017,-10.9447937,-3.868652344,0.855209351,0.224243164,0.290039063
-0.68321228,-8.65007019,-2.490386963,0.894897461,0.166824341,0.132446289
1.618682861,-9.379882813,-2.361175537,0.895523071,0.000686646,0.046310425
2.889266968,-10.15994263,-2.358779907,0.771514893,-0.24609375,-0.121673584
1.860351563,-9.183670044,-2.121887207,0.271209717,-0.102554321,-0.306152344
0.788375854,-8.743392944,-1.660079956,0.271209717,-0.102554321,-0.306152344
0.419876099,-9.695739746,-0.693374634,0.176528931,-0.288864136,-0.385559082
0.989364624,-10.78686523,-0.217208862,0.515563965,-0.601623535,-0.29699707
0.989364624,-9.891952515,-0.511520386,0.475234985,-0.604064941,-0.205352783
0.44859314,-9.925445557,0.031646729,0.259613037,-0.477005005,-0.088684082
0.338516235,-10.21975708,0.651382446,0.121551514,-0.363388062,0.011489868
0.924758911,-9.54258728,1.034240723,0.121551514,-0.363388062,0.011489868
1.618682861,-8.592636108,1.156280518,-0.037872314,-0.286422729,0.062805176
2.329345703,-8.331832886,1.534347534,-0.064758301,-0.422027588,0.067687988
2.317382813,-9.071212769,1.799942017,0.083068848,-0.524047852,0.021255493
2.472915649,-10.02833557,1.972229004,0.083068848,-0.524047852,0.021255493
2.989761353,-9.540206909,1.074920654,0.268768311,-0.51121521,0.049362183
2.080490112,-10.77967834,0.876312256,0.104446411,-0.862472534,0.167266846
-1.097167969,-14.67520142,0.199142456,0.197906494,-0.502670288,-0.237747192
-4.645736694,-12.28955078,-2.224777222,-0.233337402,-0.434249878,-0.171142578
-1.831771851,-9.528244019,-0.492385864,-0.565658569,-0.550933838,-0.05569458
-1.020599365,-8.666824341,0.931350708,-0.065368652,-0.440963745,0.145889282
-1.113922119,-10.983078,0.75428772,-0.065368652,-0.440963745,0.145889282
-1.223999023,-11.33482361,0.352279663,0.09161377,-0.249771118,0.373123169
-1.393890381,-9.899124146,0.002929688,-0.288314819,-0.009094238,0.210006714
-0.92489624,-9.236312866,-0.035354614,-0.644454956,0.051986694,0.113510132
-0.369750977,-8.669219971,0.52456665,-0.705551147,0.327484131,0.221633911
-0.161575317,-8.994644165,0.440826416,-0.684783936,0.466140747,0.304702759
0.044204712,-9.023345947,0.361862183,-0.79045105,0.39956665,0.37739563
0.482086182,-8.922851563,1.22328186,-0.820999146,0.598709106,0.27722168
1.453582764,-8.441894531,1.586990356,-0.624298096,0.76914978,-0.146713257
0.293060303,-10.02116394,-0.023391724,-0.467910767,0.820449829,-0.37638855
-1.846130371,-11.57649231,0.668136597,-0.043991089,1.006149292,-0.20413208
-1.611633301,-15.30212402,-0.482803345,0.621246338,0.614593506,0.447647095
-1.927490234,-11.32763672,-4.146224976,1.255325317,0.385513306,0.408554077
-0.853103638,-10.49972534,-3.449905396,1.255325317,0.385513306,0.408554077
1.618682861,-10.36811829,-2.320495605,0.968215942,0.598098755,0.172134399
3.492263794,-10.31787109,-2.368347168,0.654220581,0.568161011,-0.16015625
3.226654053,-8.65007019,-1.308334351,0.654220581,0.568161011,-0.16015625
0.910400391,-7.846084595,-0.726882935,0.414154053,0.262741089,-0.307373047
-0.00604248,-8.987457275,-1.621795654,0.522277832,-0.00541687,-0.387390137
0.254776001,-10.55714417,-0.987686157,0.385452271,-0.265640259,-0.294540405
1.113800049,-9.777084351,0.098648071,0.29258728,-0.257705688,-0.158935547
1.12336731,-9.379882813,0.046005249,0.07208252,-0.17829895,-0.085006714
0.812301636,-9.705307007,0.050796509,0.07208252,-0.17829895,-0.085006714
1.503829956,-9.731628418,0.878707886,0.018325806,-0.293136597,0.071960449
1.996749878,-9.523452759,1.259170532,-0.075744629,-0.293136597,0.102508545
2.389175415,-9.32244873,1.448196411,-0.147216797,-0.307800293,0.055480957
2.640411377,-9.138214111,1.536727905,-0.026885986,-0.583908081,0.01272583
2.360458374,-9.171707153,1.668334961,-0.026885986,-0.583908081,0.01272583
1.774215698,-11.12425232,0.632247925,0.235778809,-0.682266235,-0.003173828
0.893661499,-12.95715332,-0.439743042,0.453857422,-0.690811157,-0.040420532
-0.733459473,-12.3374176,-0.482803345,0.078186035,-0.692642212,-0.277435303
-1.764770508,-10.72703552,-1.538040161,-0.261459351,-0.530151367,-0.315307617
-2.690795898,-9.396636963,-1.626571655,-0.625518799,-0.758621216,0.04447937
-2.805648804,-10.3561554,0.708816528,-0.670715332,-0.84046936,0.379226685
-1.319702148,-10.46383667,1.196960449,-0.433700562,0.006790161,0.293716431
-0.412826538,-9.753158569,0.218292236,-0.433700562,0.006790161,0.293716431
-1.80305481,-9.602416992,-0.863265991,-0.564437866,0.117355347,0.150146484
-1.917907715,-9.30809021,-0.485198975,-0.618179321,-0.142868042,0.394500732
-1.408233643,-8.908493042,0.261352539,-0.602310181,0.155838013,0.497131348
-0.623397827,-9.066421509,0.572433472,-0.581542969,0.354980469,0.43788147
-0.171157837,-9.918273926,0.383392334,-0.705551147,0.508300781,0.40977478
0.00592041,-10.21018982,0.110610962,-0.705551147,0.508300781,0.40977478
-0.554000854,-9.253067017,-0.025772095,-0.970046997,0.799072266,0.232009888
-1.477630615,-8.688354492,-0.241134644,-1.05557251,1.095947266,-0.117996216
-1.956192017,-10.68875122,-0.317703247,-0.991424561,1.170471191,-0.210861206
0.017883301,-12.97390747,-1.892181396,-0.991424561,1.170471191,-0.210861206
0.264343262,-13.34957886,-2.550201416,0.195465088,0.673843384,0.45741272
-0.324295044,-11.72962952,-2.550201416,0.751342773,0.118560791,0.053024292
0.733337402,-8.623748779,-1.861068726,0.751342773,0.118560791,0.053024292
2.106811523,-5.845687866,-2.19128418,0.864974976,0.12651062,0.05607605
1.953674316,-6.59942627,-2.196075439,1.138031006,-0.161804199,0.112884521
1.176010132,-8.894134521,-1.932861328,1.166137695,-0.230834961,-0.143051147
0.372024536,-11.80142212,-2.155395508,0.721420288,-0.100112915,-0.315322876
0.20930481,-11.20082092,-1.523681641,0.721420288,-0.100112915,-0.315322876
1.264541626,-8.819961548,0.09147644,0.331695557,-0.597961426,-0.194351196
1.527755737,-9.777084351,0.108215332,0.529602051,-0.746398926,-0.262786865
1.101837158,-10.06184387,-0.475631714,0.647506714,-0.356063843,-0.461914063
0.745300293,-10.46144104,-0.15737915,0.523498535,-0.38293457,-0.403274536
1.046798706,-10.37528992,0.457565308,0.186309814,-0.389053345,-0.141830444
1.625854492,-9.863235474,0.701644897,-0.094680786,-0.440963745,0.084793091
1.953674316,-8.791244507,1.761657715,-0.191207886,-0.563751221,0.113510132
2.152282715,-8.252868652,1.993759155,0.441040039,-0.450744629,-0.014160156
1.324356079,-11.63153076,1.790374756,0.880249023,-0.387207031,-0.315917969
-0.175933838,-15.04130554,-1.566757202,0.880249023,-0.387207031,-0.315917969
-1.396270752,-12.45227051,-0.497161865,-0.408660889,-0.337112427,-0.378845215
-2.808044434,-11.01896667,-0.669448853,-0.649353027,-0.126983643,-0.068527222
-2.05430603,-8.681182861,0.400146484,-0.267547607,-0.428131104,0.239959717
-0.817214966,-9.745986938,0.727966309,-0.14781189,-0.169143677,0.209411621
0.144699097,-10.27001953,0.842819214,-0.14781189,-0.169143677,0.209411621
0.051376343,-9.602416992,0.330749512,-0.272445679,0.00189209,0.284545898
-0.991882324,-8.41078186,0.225463867,-0.472198486,-0.246109009,0.233840942
-1.185714722,-8.305511475,0.392959595,-0.712875366,0.202255249,0.19291687
-0.953598022,-9.298522949,0.421676636,-0.712875366,0.202255249,0.19291687
-0.104156494,-9.001815796,1.010314941,-0.919952393,0.566329956,0.129379272
0.67829895,-8.224151611,1.87411499,-0.965164185,0.700714111,0.086013794
1.094650269,-6.996627808,1.082092285,-0.722045898,0.900466919,-0.126556396
0.44380188,-9.140594482,0.469528198,-0.430664063,0.599334717,-0.345855713
0.405517578,-13.84729004,-0.863265991,0.073913574,0.422164917,-0.367843628
-2.642944336,-14.63452148,-4.072036743,0.813659668,0.122238159,0.553924561
-2.04234314,-12.64129639,-4.852096558,1.250427246,-0.088500977,0.255218506
1.195144653,-10.42555237,-2.700958252,0.699432373,0.177215576,-0.028823853
3.729156494,-8.441894531,-0.82019043,0.514343262,0.207748413,-0.193756104
2.472915649,-7.52305603,-0.688583374,0.612686157,0.035507202,-0.32081604
0.838623047,-7.231124878,-1.894577026,0.612686157,0.035507202,-0.32081604
-0.053909302,-8.597427368,-2.176925659,0.563812256,-0.525878906,-0.293319702
-0.080230713,-10.27958679,-0.667053223,0.466690063,-0.620559692,-0.215118408
0.111206055,-10.01158142,0.716003418,0.433700562,-0.59552002,-0.094177246
0.838623047,-9.511489868,0.457565308,0.433700562,-0.59552002,-0.094177246
1.219085693,-9.939804077,0.385787964,0.289535522,-0.57963562,-0.064254761
0.975006104,-10.82035828,0.615493774,0.30480957,-0.4269104,-0.058135986
1.336334229,-10.18865967,0.871536255,0.138656616,-0.363998413,-0.014770508
1.905822754,-10.0307312,1.137130737,-0.017105103,-0.327346802,0.04447937
1.893859863,-9.748382568,1.299850464,-0.127670288,-0.525283813,0.113494873
1.822067261,-9.521057129,1.455383301,-0.127670288,-0.525283813,0.113494873
1.853179932,-9.451660156,1.766448975,-0.218078613,-0.583297729,0.109832764
1.604324341,-9.267425537,2.132553101,-0.069641113,-0.507553101,0.105560303
1.963241577,-9.334411621,1.567840576,0.003646851,-0.579025269,0.225296021
1.678497314,-10.40879822,0.572433472,-0.108734131,-0.387207031,0.068313599
-2.27684021,-13.20361328,-2.399459839,0.032974243,-0.046356201,-0.523010254
-2.590301514,-8.781677246,-0.391876221,-0.488693237,-0.612014771,-0.203521729
-0.814819336,-8.788848877,1.826263428,-0.301773071,-0.422027588,-0.075241089
-0.089797974,-10.43511963,1.048599243,0.246170044,-0.199676514,0.108001709
-0.147216797,-11.67938232,-0.097564697,0.246170044,-0.199676514,0.108001709
-0.652114868,-10.41836548,-0.60484314,0.001220703,0.113067627,0.238113403
-0.70475769,-10.17669678,-0.214813232,-0.645690918,-0.243057251,0.253387451
-0.510925293,-10.77250671,0.928955078,-0.802062988,-0.134307861,0.231994629
-0.621002197,-9.657455444,0.646606445,-0.73425293,0.39894104,0.202682495
-0.369750977,-8.961135864,0.380996704,-0.73425293,0.39894104,0.202682495
0.410308838,-8.367721558,0.912200928,-0.791061401,0.397720337,0.326690674
0.68309021,-7.72164917,2.161254883,-0.5418396,0.414840698,0.396942139
0.529953003,-8.295928955,0.96723938,-0.177154541,0.645736694,0.051803589
-1.312530518,-12.11488342,-0.489990234,-0.301147461,0.551071167,-0.158920288
0.039413452,-14.60340881,0.180007935,-0.301147461,0.551071167,-0.158920288
-0.240539551,-12.39962769,-1.875427246,0.178970337,0.499130249,0.096405029
-1.121109009,-10.17190552,-2.873245239,0.925445557,0.334213257,0.259506226
-0.00604248,-9.578491211,-2.275039673,0.701263428,0.354980469,0.161148071
2.71697998,-10.27001953,-1.837142944,0.674377441,0.318328857,0.147094727
2.783981323,-9.856048584,-1.638534546,0.860092163,0.09046936,-0.177871704
1.391357422,-8.317474365,-1.557189941,0.274887085,-0.02192688,-0.320205688
0.257156372,-9.121459961,-1.042724609,0.114227295,-0.071395874,-0.338516235
-0.116119385,-9.975692749,-0.257888794,0.114227295,-0.071395874,-0.338516235
0.431838989,-9.803405762,0.005325317,0.348190308,-0.103164673,-0.170532227
1.35546875,-9.128631592,-0.030563354,0.487457275,-0.466018677,-0.131439209
1.874710083,-9.638305664,-0.035354614,0.226013184,-0.116592407,-0.110671997
1.611495972,-10.24130249,0.232650757,-0.014053345,-0.255264282,0.02432251
1.453582764,-9.975692749,1.285491943,-0.014053345,-0.255264282,0.02432251
1.776611328,-9.10949707,1.496063232,-0.047027588,-0.406143188,0.172744751
2.238418579,-8.846282959,1.64201355,-0.086120605,-0.412872314,0.138549805
2.628448486,-9.882369995,2.027267456,0.164306641,-0.400039673,0.022491455
2.417877197,-9.303314209,1.680297852,0.46975708,-0.522216797,0.076843262
2.4896698,-9.422958374,1.311813354,0.075744629,-0.690795898,0.170913696
1.295654297,-12.49055481,0.835632324,-0.185699463,-0.298629761,-0.241394043
-1.752807617,-14.48377991,-0.707733154,-0.185699463,-0.298629761,-0.241394043
-2.525695801,-10.43751526,-2.227172852,-0.275482178,-0.298019409,-0.180923462
-1.319702148,-7.901123047,1.129959106,-0.626739502,-0.740905762,0.041427612
-1.011032104,-10.24130249,0.826065063,-0.037277222,-0.632171631,0.208190918
-0.771743774,-11.04528809,0.29246521,-0.028701782,-0.353607178,0.300430298
-1.298171997,-10.5978241,0.543716431,-0.347579956,-0.183181763,0.227127075
-1.503952026,-8.817565918,0.268539429,-0.675003052,0.167434692,0.187423706
-1.341247559,-8.300720215,0.129760742,-0.675003052,0.167434692,0.187423706
-0.644927979,-9.528244019,0.400146484,-0.64994812,0.420333862,0.410385132
-0.269256592,-10.85147095,0.723175049,-0.64994812,0.420333862,0.410385132
0.060958862,-9.607208252,0.739929199,-0.838104248,0.492431641,0.423812866
0.718978882,-9.183670044,1.340530396,-0.87902832,0.772201538,0.244232178
1.400939941,-8.530426025,1.388381958,-0.87902832,0.772201538,0.244232178
-0.652114868,-9.588058472,0.369033813,-0.466094971,0.851593018,-0.055084229
-0.403259277,-14.12245178,-0.028167725,-0.164932251,0.697052002,-0.143035889
-0.987106323,-13.05764771,-1.930465698,0.48135376,0.203475952,0.2368927
-1.070846558,-10.16233826,-3.880615234,1.00730896,0.070922852,0.114105225
-1.068466187,-9.07359314,-3.471450806,0.764175415,-0.123321533,-0.099060059
1.37461853,-10.72943115,-1.930465698,0.503341675,0.058700562,-0.117385864
1.448791504,-10.04508972,-0.315307617,0.503341675,0.058700562,-0.117385864
0.709411621,-9.102310181,-0.980514526,0.981658936,0.193099976,-0.359909058
-0.321899414,-8.930038452,-2.124282837,0.909561157,-0.116607666,-0.611587524
-0.714324951,-9.695739746,-1.600250244,0.521057129,-0.405532837,-0.526672363
0.238021851,-10.56193542,0.816497803,0.552200317,0.033660889,-0.371505737
1.180786133,-9.76512146,0.632247925,0.552200317,0.033660889,-0.371505737
1.039611816,-9.1118927,-0.214813232,0.381774902,0.097183228,-0.367843628
0.699829102,-9.635910034,0.014892578,0.381774902,0.097183228,-0.367843628
1.073120117,-9.018569946,1.146697998,-0.23274231,-0.13369751,-0.205978394
2.058959961,-8.145187378,2.206726074,-0.362854004,-0.170974731,0.093963623
2.472915649,-8.205001831,2.627868652,-0.023223877,-0.006668091,0.111053467
2.752883911,-9.808197021,1.165847778,0.330459595,-0.071395874,-0.001937866
3.743499756,-10.73182678,1.43145752,0.273651123,-0.300476074,0.045700073
2.860549927,-11.02853394,1.096450806,0.211959839,-0.396972656,0.288208008
1.487075806,-12.61019897,1.144317627,0.211959839,-0.396972656,0.288208008
-0.66885376,-12.39006042,-0.525878906,-0.285888672,-0.257705688,0.00843811
-1.977737427,-11.83491516,-1.320297241,-0.467315674,-0.210067749,-0.150375366
-2.04234314,-9.221954346,-0.341629028,-0.467315674,-0.210067749,-0.150375366
-1.614028931,-7.26940918,0.792572021,-0.530838013,-0.219223022,0.095779419
-0.070648193,-9.126251221,1.170639038,-0.163711548,-0.397598267,0.308364868
0.829055786,-13.1031189,-0.219604492,0.194244385,-0.360946655,0.173355103
-0.21421814,-12.11248779,0.263748169,-0.359191895,-0.510604858,0.360900879
-1.884414673,-9.868011475,0.414505005,-0.846038818,-0.665161133,0.344406128
-1.451309204,-9.052062988,1.089279175,-0.825881958,-0.355438232,0.219177246
-1.104354858,-8.748184204,1.316589355,-0.825881958,-0.355438232,0.219177246
-0.616210938,-9.10949707,1.283096313,-0.612686157,-0.099502563,0.266220093
0.261947632,-8.743392944,1.778411865,-0.640792847,0.204696655,0.390228271
1.152084351,-6.898529053,1.790374756,-0.580932617,0.653076172,0.221008301
0.979797363,-6.252456665,1.089279175,-0.580932617,0.653076172,0.221008301
-0.475036621,-10.09294128,-0.39906311,-0.370788574,0.46736145,-0.445419312
-1.410629272,-13.4213562,-0.726882935,0.909561157,-0.354232788,0.069519043
-2.808044434,-12.7824707,-2.294174194,1.365264893,-0.182571411,0.294326782
-0.424789429,-10.6743927,-1.820388794,1.211929321,-0.102554321,0.279052734
1.659362793,-10.96153259,-1.865859985,1.211929321,-0.102554321,0.279052734
2.408309937,-11.21757507,-0.805831909,1.315185547,0.088638306,-0.017837524
1.403320313,-8.932418823,-0.300949097,0.601074219,-0.198455811,-0.242004395
0.096847534,-8.846282959,-0.186096191,0.230895996,-0.191726685,-0.363571167
-0.848327637,-9.578491211,-0.403839111,0.26449585,-0.073226929,-0.210235596
0.20930481,-8.659637451,0.302032471,0.323745728,-0.120254517,0.012710571
0.807510376,-9.186065674,0.809310913,0.125823975,0.028762817,0.06463623
1.159255981,-9.473205566,1.18737793,-0.133773804,-0.004821777,0.079299927
1.831634521,-9.580886841,1.618087769,-0.298095703,-0.122711182,0.11227417
2.463348389,-10.29394531,1.560668945,-0.24067688,-0.193557739,0.154434204
2.48727417,-11.14338684,1.759262085,0.166748047,-0.229614258,0.117172241
2.405914307,-11.50709534,0.75428772,0.166748047,-0.229614258,0.117172241
1.080291748,-12.37091064,1.362060547,0.268768311,-0.364608765,-0.058135986
0.084884644,-10.83711243,0.380996704,-0.442260742,-0.509384155,-0.191314697
-0.221405029,-9.961334229,-0.262664795,-0.346359253,-0.00970459,-0.203521729
-4.057098389,-9.537811279,-1.042724609,-0.181427002,-0.280929565,0.062194824
-2.307937622,-9.181274414,1.225662231,-0.491134644,-0.457458496,0.326690674
0.362442017,-10.10012817,1.524765015,-0.174102783,0.020233154,0.023101807
-0.597076416,-11.13621521,-0.442123413,-0.353683472,0.047714233,0.089065552
-1.630767822,-10.14797974,-0.047317505,-0.544281006,-0.413467407,0.311416626
-1.59487915,-8.875,0.900238037,-0.627960205,0.147903442,0.244232178
-0.92010498,-8.341400146,1.192169189,-0.627960205,0.147903442,0.244232178
-0.585113525,-8.573501587,1.113204956,-0.637130737,0.541290283,0.147705078
0.163848877,-9.09992981,0.97442627,-0.616973877,0.51991272,0.18069458
0.592163086,-8.848678589,0.926559448,-0.768463135,0.709274292,0.11227417
0.826660156,-8.41796875,1.421875,-0.768463135,0.709274292,0.11227417
0.766830444,-7.94418335,1.627655029,-0.652999878,0.883377075,-0.273147583
-0.628173828,-10.66722107,0.05317688,-0.540008545,0.58404541,-0.551712036
-1.374740601,-14.22773743,0.433639526,-0.28465271,0.514404297,-0.18031311
-1.051712036,-13.04568481,-1.399261475,-0.28465271,0.514404297,-0.18031311
-1.341247559,-10.56433105,-3.701156616,0.947433472,0.044036865,0.312652588
-0.967956543,-11.57649231,-2.945022583,1.556472778,-0.048797607,0.120223999
1.728744507,-12.01199341,-3.33744812,1.222335815,0.304275513,-0.096008301
3.221878052,-11.9521637,-3.437942505,1.222335815,0.304275513,-0.096008301
1.786178589,-7.331619263,0.170425415,0.473403931,-0.424468994,-0.325698853
0.115982056,-6.264419556,0.117797852,0.473403931,-0.424468994,-0.325698853
-0.915313721,-8.819961548,-1.174331665,0.824050903,-0.324295044,-0.362350464
-0.561187744,-10.40400696,-1.224578857,0.616958618,-0.192962646,-0.125946045
-0.041946411,-9.915878296,-0.492385864,0.616958618,-0.192962646,-0.125946045
1.183181763,-9.138214111,0.220687866,0.620010376,-0.180740356,-0.050811768
1.345901489,-9.942199707,0.838027954,0.150863647,-0.136154175,-0.146102905
1.278900146,-10.79403687,0.869140625,-0.028091431,-0.055511475,-0.146102905
1.475112915,-10.05465698,1.153884888,-0.124603271,-0.06590271,0.059127808
1.845993042,-9.537811279,1.42906189,-0.307876587,-0.241210938,0.153823853
2.685882568,-9.233917236,2.125366211,-0.248001099,-0.400039673,0.002334595
2.712203979,-9.731628418,2.187576294,-0.248001099,-0.400039673,0.002334595
2.348495483,-9.267425537,1.651596069,0.073913574,-0.272369385,-0.109451294
2.824661255,-8.628540039,1.383590698,0.280975342,-0.505111694,0.040817261
0.707015991,-10.96871948,1.371627808,0.276107788,-0.605285645,-0.051422119
-2.406051636,-12.97151184,-0.36555481,0.26083374,-0.464782715,-0.351959229
-0.486999512,-8.743392944,-0.729263306,-0.131332397,-0.433639526,-0.13999939
0.123168945,-10.95675659,1.153884888,-0.176544189,-0.871017456,0.039596558
-0.427185059,-13.28974915,0.582000732,0.009765625,-0.808700562,0.372512817
-0.625793457,-11.32524109,0.782989502,0.009765625,-0.808700562,0.372512817
-1.243133545,-10.1192627,0.902633667,-0.441040039,-0.627288818,0.420150757
-1.628387451,-9.463638306,0.168045044,-0.848480225,-0.087280273,0.30960083
-1.389099121,-9.09753418,0.447998047,-0.848480225,-0.087280273,0.30960083
-1.046920776,-8.580673218,0.914596558,-0.766021729,0.324432373,0.27293396
-0.269256592,-8.322250366,0.09147644,-0.559555054,0.346420288,0.436035156
0.264343262,-8.841491699,0.436035156,-0.566879272,0.380020142,0.526443481
0.850585938,-8.489746094,1.670730591,-0.566879272,0.380020142,0.526443481
1.604324341,-8.382080078,1.256774902,-0.548553467,0.782577515,0.2527771
0.350479126,-10.90171814,0.558074951,-0.535720825,0.681793213,-0.082580566
-0.029968262,-11.68177795,1.622879028,-0.348800659,0.697052002,-0.163208008
0.065734863,-11.10749817,0.98878479,0.114212036,0.712936401,-0.124725342
-0.92250061,-10.56193542,-2.437744141,0.893676758,0.317108154,-0.048370361
-2.94442749,-10.48057556,-3.631759644,1.319442749,0.274337769,0.034698486
-0.872253418,-11.92344666,-1.96875,1.350601196,0.105133057,-0.025756836
3.465942383,-12.94758606,-0.82258606,1.177124023,0.181488037,-0.253616333
3.753082275,-10.35855103,-0.748413086,1.177124023,0.181488037,-0.253616333
2.152282715,-7.982467651,-0.202850342,0.547317505,0.232192993,-0.642730713
0.795547485,-9.568908691,-0.056884766,0.362838745,-0.186843872,-0.622573853
0.252380371,-10.33700562,0.215896606,0.419036865,-0.216781616,-0.315917969
0.573013306,-9.499526978,0.500640869,0.104446411,-0.08605957,-0.078292847
1.044403076,-8.494537354,0.144104004,-0.504562378,-0.177078247,0.137329102
1.482284546,-8.133224487,1.20892334,-0.668884277,-0.294967651,0.26499939
2.173812866,-7.822158813,2.041625977,-0.668884277,-0.294967651,0.26499939
2.286270142,-9.181274414,2.386184692,-0.269393921,-0.127593994,0.195968628
2.245605469,-10.54040527,0.919387817,0.334747314,-0.154464722,0.18069458
2.350891113,-10.2723999,1.027069092,0.334747314,-0.154464722,0.18069458
2.602127075,-11.83013916,1.481704712,0.2290802,-0.494735718,0.264389038
0.266738892,-13.62475586,0.247009277,-0.027481079,-0.412246704,0.095794678
-1.80065918,-13.43571472,-2.035751343,-0.006713867,-0.083602905,-0.108230591
-0.616210938,-8.339004517,-0.695770264,-0.519851685,-0.43119812,0.040802002
-0.518112183,-7.144989014,0.660964966,-0.459365845,-0.480072021,0.010879517
-1.295776367,-10.82275391,0.634643555,-0.048873901,-0.447067261,0.259506226
-0.67124939,-11.57888794,-0.076034546,-0.048873901,-0.447067261,0.259506226
-0.92250061,-9.858444214,0.089080811,-0.311538696,-0.023757935,0.299819946
-1.286209106,-9.037704468,-0.133453369,-0.691497803,0.027542114,0.084182739
-1.027786255,-9.131027222,0.141723633,-0.728775024,0.039154053,0.137329102
-0.707138062,-9.154953003,0.567642212,-0.640792847,0.567550659,0.142822266
-0.089797974,-9.667022705,0.52456665,-0.629180908,0.587097168,0.211853027
0.300231934,-9.334411621,0.225463867,-0.769683838,0.639633179,0.365783691
1.13772583,-8.061431885,1.094055176,-0.733642578,0.907180786,0.180084229
1.235824585,-8.138000488,0.634643555,-0.565048218,0.850387573,-0.190093994
0.687866211,-10.56912231,0.29006958,-0.301147461,0.694610596,-0.290267944
-0.027587891,-12.14598083,0.821273804,-0.301147461,0.694610596,-0.290267944
-0.628173828,-14.27560425,-0.82258606,0.321304321,0.657958984,-0.163803101
-2.075836182,-12.27519226,-3.576721191,0.783126831,0.400787354,0.418930054
-0.601852417,-10.11447144,-4.055297852,1.133758545,0.185150146,0.210632324
1.561248779,-10.10490417,-3.014419556,1.031738281,0.246246338,-0.25239563
2.96105957,-9.824951172,-2.437744141,0.390335083,0.143615723,-0.368453979
1.12097168,-7.791046143,-0.267456055,0.64994812,-0.124542236,-0.340362549
-0.479827881,-8.214584351,0.184783936,0.64994812,-0.124542236,-0.340362549
-0.482223511,-9.131027222,-1.368148804,1.010360718,-0.010925293,-0.323257446
0.687866211,-10.34179688,-1.014007568,1.010360718,-0.010925293,-0.323257446
2.080490112,-10.66482544,0.208724976,0.711639404,-0.266265869,-0.309814453
1.81729126,-9.5521698,0.443222046,0.126434326,0.045883179,-0.254837036
1.077896118,-9.267425537,0.354675293,0.126434326,0.045883179,-0.254837036
1.630645752,-9.690948486,0.73274231,0.106887817,-0.282150269,-0.081344604
2.185775757,-9.815368652,1.058166504,0.106887817,-0.282150269,-0.081344604
2.425064087,-9.600021362,1.752090454,-0.135604858,-0.404312134,-0.003158569
2.530349731,-9.568908691,1.651596069,-0.200973511,-0.45135498,0.016983032
2.422668457,-10.76771545,1.378814697,0.067184448,-0.506942749,0.11227417
2.858169556,-10.65286255,1.508026123,0.190567017,-0.610778809,0.278427124
2.319778442,-9.76991272,1.704238892,-0.26083374,-0.69569397,0.317520142
1.668930054,-11.16732788,1.156280518,-0.480133057,-0.490432739,-0.005615234
-0.209442139,-12.09333801,0.153686523,-0.480133057,-0.490432739,-0.005615234
-1.697769165,-11.72724915,-1.784500122,-0.12399292,-0.185638428,-0.304931641
0.087280273,-8.606994629,-0.781906128,-0.312759399,-0.2943573,0.071960449
0.022674561,-6.963134766,0.07472229,-0.312759399,-0.2943573,0.071960449
-0.21182251,-8.822357178,0.359466553,-0.285263062,-0.855133057,0.34135437
-0.510925293,-11.72962952,0.244613647,0.061691284,-0.955322266,0.327911377
-0.312332153,-10.82514954,0.385787964,-0.289550781,-0.756164551,0.256439209
-0.860290527,-9.174102783,0.778213501,-0.664001465,-0.557647705,0.165420532
-1.336456299,-9.303314209,0.835632324,-0.720809937,-0.277267456,0.115951538
-0.958389282,-9.738800049,0.649002075,-0.720809937,-0.277267456,0.115951538
-0.408035278,-9.135818481,0.809310913,-0.607192993,-0.028030396,0.213668823
0.288269043,-9.07359314,0.854782104,-0.587036133,-0.132476807,0.412216187
1.039611816,-8.561538696,1.534347534,-0.715316772,-0.18196106,0.498352051
1.180786133,-6.759735107,1.740127563,-0.51373291,0.130172729,0.162979126
-0.314727783,-8.39881897,0.52456665,-0.560775757,0.36781311,-0.241394043
-1.341247559,-9.915878296,2.055984497,-0.208908081,0.916351318,-0.318374634
-1.413024902,-8.664428711,0.706420898,-0.208908081,0.916351318,-0.318374634
-0.599472046,-14.91209412,-4.067260742,1.181396484,0.835128784,-0.416107178
-3.071258545,-16.52485657,-6.419403076,1.673141479,0.166213989,0.753692627
-1.898773193,-15.60122681,-5.218200684,2.017669678,0.276779175,0.138534546
3.315185547,-11.01657104,-1.636154175,0.266937256,0.595046997,-0.339736938
4.564239502,-7.860443115,0.493469238,0.237014771,0.302444458,-0.566986084
3.961257935,-6.118469238,1.247207642,0.237014771,0.302444458,-0.566986084
1.092254639,-8.037506104,-0.748413086,0.999984741,0.259689331,-0.567596436
0.23085022,-9.375091553,-1.499755859,0.952331543,0.05809021,-0.545608521
0.862548828,-10.24369812,-0.198059082,0.097122192,-0.296813965,-0.323867798
1.195144653,-9.248275757,1.498443604,0.097122192,-0.296813965,-0.323867798
1.501434326,-8.824752808,1.421875,-0.292602539,-0.209457397,-0.002563477
2.200134277,-8.738601685,1.582199097,-0.448364258,-0.120880127,0.075637817
3.336730957,-9.406204224,1.65637207,-0.287719727,-0.229614258,0.055465698
3.358261108,-10.17909241,1.266342163,-0.111175537,-0.335281372,0.031646729
2.728942871,-10.6313324,1.402740479,0.162475586,-0.428131104,0.181915283
2.604522705,-10.04986572,1.539123535,0.084899902,-0.482513428,0.283935547
2.360458374,-10.50450134,0.479110718,0.084899902,-0.482513428,0.283935547
-0.187896729,-14.02914429,-0.968551636,-0.034820557,-0.296188354,-0.18031311
-3.104751587,-12.7441864,-2.696166992,-0.034820557,-0.296188354,-0.18031311
-1.515914917,-8.300720215,-0.288986206,-0.541824341,-0.28276062,-0.110671997
-1.070846558,-7.015777588,1.22088623,-0.700653076,-0.39881897,0.001724243
-0.766967773,-9.839309692,0.780609131,-0.039108276,-0.393325806,0.063415527
-0.350616455,-12.80401611,0.06993103,0.188751221,-0.063461304,0.170928955
-0.362579346,-12.28237915,0.244613647,-0.24067688,0.050765991,0.243621826
-0.743041992,-10.55714417,0.05796814,-0.24067688,0.050765991,0.243621826
-0.740646362,-9.537811279,-0.073638916,-0.712875366,0.037322998,0.240570068
-0.472640991,-8.796035767,0.806930542,-0.753814697,0.127120972,0.282714844
-0.300369263,-8.463424683,0.900238037,-0.593154907,0.323822021,0.280273438
-0.195083618,-8.544784546,0.826065063,-0.570541382,0.419723511,0.332199097
0.730941772,-8.879776001,0.998352051,-0.533279419,0.432556152,0.349304199
1.477508545,-8.774505615,1.340530396,-0.533279419,0.432556152,0.349304199
1.747894287,-7.989654541,1.88369751,-0.57359314,0.575500488,0.138534546
1.879501343,-7.621154785,1.924377441,-0.453262329,0.743484497,-0.223068237
-0.018005371,-9.102310181,0.627456665,-0.211349487,0.629867554,-0.444198608
-1.324493408,-15.90989685,-1.126480103,0.458740234,0.23097229,-0.158325195
-2.999465942,-14.9743042,-4.119903564,1.289520264,0.277404785,0.739639282
-1.683410645,-11.27738953,-4.24911499,1.178344727,0.039779663,0.240570068
1.190368652,-10.99743652,-2.449707031,1.178344727,0.039779663,0.240570068
4.31300354,-10.40879822,-1.889785767,0.670715332,0.455764771,-0.215118408
4.521179199,-9.205200195,-0.489990234,0.321914673,0.095352173,-0.353179932
1.264541626,-8.920455933,-0.923080444,0.546096802,-0.147140503,-0.317138672
0.549087524,-9.169311523,-1.636154175,0.578475952,-0.445236206,-0.303085327
0.360061646,-9.793838501,-0.413421631,0.578475952,-0.445236206,-0.303085327
0.88168335,-9.652664185,0.369033813,0.269989014,-0.506942749,-0.209640503
0.91519165,-9.571304321,0.447998047,0.138656616,-0.438522339,-0.008056641
1.240615845,-8.819961548,0.778213501,-0.169815063,-0.410415649,0.089675903
1.912994385,-8.104507446,1.577407837,-0.559555054,-0.434249878,0.102508545
2.666732788,-8.279190063,2.024871826,-0.461807251,-0.402481079,0.083572388
1.905822754,-9.032928467,2.020080566,0.09223938,-0.229614258,0.015151978
1.446395874,-10.24607849,1.694656372,0.09223938,-0.229614258,0.015151978
2.645202637,-13.4931488,-0.207626343,0.58152771,-0.288253784,-0.037368774
0.647186279,-15.67300415,-2.686599731,0.496017456,-0.184402466,-0.323257446
-1.992095947,-10.57868958,-3.169952393,-0.067810059,-0.186843872,-0.469863892
-2.73387146,-9.731628418,0.96484375,-0.687835693,-0.782440186,-0.136322021
-1.707336426,-9.738800049,0.794952393,-0.348800659,-0.481887817,0.130004883
-1.068466187,-10.82754517,0.424072266,-0.190582275,-0.023757935,0.275985718
-0.295578003,-9.674194336,0.06993103,-0.119125366,0.248672485,0.335250854
-0.515716553,-8.815170288,-0.174133301,-0.119125366,0.248672485,0.335250854
-0.159194946,-9.162139893,-0.241134644,-0.302368164,-0.239379883,0.283935547
0.041809082,-9.497131348,-0.016204834,-0.430038452,-0.21862793,0.309585571
0.015487671,-9.296127319,0.323577881,-0.42149353,0.039169312,0.274154663
0.537124634,-9.463638306,0.400146484,-0.594985962,0.089859009,0.215515137
0.711807251,-9.54258728,0.428863525,-0.76663208,0.186386108,0.128768921
0.24281311,-8.915679932,1.20892334,-0.731201172,0.508911133,-0.067306519
0.857757568,-8.85824585,1.766448975,-0.731201172,0.508911133,-0.067306519
0.829055786,-10.07858276,1.318984985,-0.635299683,0.533355713,-0.353805542
-0.372146606,-12.17948914,-0.750808716,-0.257171631,0.367797852,-0.253005981
-1.444137573,-12.53840637,-1.949615479,0.415390015,0.139343262,0.315704346
-1.513519287,-9.894332886,-3.370941162,0.782516479,0.229141235,0.341964722
-0.513320923,-9.052062988,-2.614807129,0.925460815,0.194320679,0.277206421
2.858169556,-10.5428009,-2.181716919,1.198501587,0.406280518,0.078689575
3.520980835,-11.13142395,-2.736846924,0.496002197,0.086196899,-0.223678589
2.300628662,-9.573699951,-2.212814331,0.496002197,0.086196899,-0.223678589
1.171218872,-8.276794434,-1.035552979,0.329849243,-0.467849731,-0.358688354
1.030044556,-9.384674072,0.010116577,0.499069214,-0.143478394,-0.378845215
1.388961792,-9.877593994,-0.214813232,0.403152466,0.013519287,-0.295150757
1.522964478,-9.188461304,-0.049713135,0.030548096,-0.155685425,-0.111282349
1.635437012,-8.726638794,0.802139282,-0.406829834,-0.387817383,0.227737427
2.293457031,-8.092544556,2.027267456,-0.406829834,-0.387817383,0.227737427
2.913192749,-7.697723389,2.926971436,-0.471588135,-0.54725647,0.258880615
2.149887085,-8.688354492,3.446212769,0.29624939,-0.235717773,-0.010498047
2.279098511,-10.17909241,1.134735107,0.758682251,-0.070175171,0.045089722
3.499435425,-9.827346802,-1.07383728,0.382995605,-0.621170044,0.263168335
0.506011963,-16.35496521,-1.638534546,0.499664307,-0.459289551,-0.350128174
-3.896774292,-12.25845337,-2.392272949,-0.442871094,-1.133071899,-0.14855957
-1.700164795,-11.04049683,1.737731934,-0.63835144,-0.574737549,0.075622559
-0.630569458,-10.48536682,1.531951904,-0.63835144,-0.574737549,0.075622559
-1.319702148,-11.37071228,0.141723633,-0.105667114,-0.156921387,0.354187012
-1.374740601,-9.626342773,-0.767547607,-0.357955933,0.175369263,0.336456299
-0.869857788,-8.013580322,-0.123886108,-0.863143921,0.18637085,0.038360596
-0.21421814,-7.73600769,0.000549316,-1.030532837,0.690948486,0.02432251
-0.374542236,-8.248077393,-0.284210205,-1.030532837,0.690948486,0.02432251
-0.300369263,-7.915481567,0.680099487,-0.617584229,0.624969482,0.243621826
0.718978882,-7.779083252,2.209121704,-0.45753479,0.409347534,0.397567749
2.683486938,-6.855453491,1.330947876,-0.443466187,0.757537842,0.028594971
2.312591553,-11.38267517,0.52456665,-0.533279419,0.252349854,-0.311035156
1.494247437,-11.46403503,1.000747681,0.086746216,0.306106567,-0.370895386
-0.977539063,-14.54598999,-1.432754517,0.086746216,0.306106567,-0.370895386
-2.597473145,-12.85903931,-5.091384888,0.99508667,-0.127593994,0.087860107
-1.216812134,-11.98327637,-3.804046631,1.032348633,-0.216171265,0.300430298
2.113998413,-11.03572083,-2.162567139,1.059829712,0.033676147,0.131210327
2.664337158,-8.824752808,-1.638534546,0.725692749,0.402008057,-0.267654419
1.788574219,-7.841293335,-0.755584717,0.543670654,0.250518799,-0.54927063
0.989364624,-8.597427368,-1.308334351,0.686599731,-0.117218018,-0.481460571
0.726150513,-9.896728516,-1.430358887,0.686599731,-0.117218018,-0.481460571
1.006118774,-10.43032837,-0.243530273,0.376281738,0.038543701,-0.21635437
1.633041382,-9.925445557,0.215896606,-0.018936157,0.002502441,0.015167236
2.27192688,-9.521057129,0.380996704,-0.36895752,-0.196624756,0.177017212
2.898834229,-8.475402832,1.036636353,-0.668899536,-0.425689697,0.237503052
2.841415405,-8.145187378,1.780807495,-0.382995605,-0.373779297,0.150756836
2.494445801,-8.42276001,1.926757813,-0.382995605,-0.373779297,0.150756836
2.01348877,-8.707504272,1.957870483,0.190567017,-0.378051758,0.049362183
2.413101196,-10.85624695,0.038833618,0.665222168,-0.581466675,-0.100906372
0.161453247,-17.44369507,-2.86366272,0.665222168,-0.581466675,-0.100906372
-3.162185669,-12.59104919,-4.337646484,-0.215637207,-0.349945068,-0.318984985
-1.654708862,-8.595031738,0.830856323,-0.944396973,-0.931488037,-0.254211426
-0.606643677,-9.33203125,1.670730591,-0.166763306,-0.799545288,0.082962036
-0.46786499,-11.03572083,0.467147827,-0.166763306,-0.799545288,0.082962036
-0.802856445,-11.79185486,-0.068847656,0.153915405,-0.259536743,0.387161255
-1.271850586,-10.69354248,-0.308135986,-0.155151367,-0.289474487,0.297363281
-1.097167969,-9.341598511,-0.049713135,-0.596817017,-0.239379883,0.264389038
-0.525283813,-8.712280273,0.656173706,-0.66583252,0.088027954,0.292495728
0.00112915,-8.504104614,0.75189209,-0.66583252,0.088027954,0.292495728
0.510803223,-8.724243164,0.280502319,-0.599258423,0.092300415,0.284545898
-0.185501099,-9.200424194,0.352279663,-0.713470459,-0.039031982,0.360290527
0.67829895,-8.918060303,1.060562134,-0.759902954,0.245635986,0.297988892
0.328948975,-8.685958862,1.122772217,-0.769683838,0.328704834,0.018829346
-1.243133545,-11.33959961,0.156082153,-0.748306274,0.49180603,-0.231002808
-0.22618103,-11.26542664,1.955474854,-0.288330078,0.794189453,-0.336685181
2.070922852,-10.95675659,0.010116577,-0.288330078,0.794189453,-0.336685181
-0.592285156,-12.79922485,-3.303939819,0.677429199,0.31098938,-0.131439209
-1.860488892,-11.57649231,-4.172546387,1.317001343,0.053222656,0.34135437
0.376800537,-11.85646057,-2.578918457,1.538146973,-0.247329712,0.374343872
3.013702393,-10.10250854,-1.772537231,1.236999512,0.12651062,0.015777588
3.355865479,-8.384475708,-0.664657593,0.77885437,-0.061019897,-0.46925354
1.798141479,-8.525650024,0.132141113,0.687210083,-0.108047485,-0.662277222
0.147094727,-9.219558716,-0.870437622,0.681716919,-0.081787109,-0.416107178
0.455764771,-9.712478638,-0.561767578,0.681716919,-0.081787109,-0.416107178
1.35786438,-9.832122803,0.031646729,0.399490356,-0.130645752,-0.096618652
1.537322998,-8.590255737,0.582000732,-0.047042847,-0.216171265,0.06036377
1.831634521,-7.570907593,1.967437744,-0.51802063,-0.456848145,0.137939453
2.068527222,-8.394042969,2.78578186,-0.496017456,-0.266265869,0.093353271
1.508605957,-10.432724,2.546508789,0.646286011,-0.134918213,0.249725342
3.695648193,-11.51905823,0.457565308,0.236404419,-0.315750122,0.149536133
1.877105713,-13.60800171,-1.672042847,0.236404419,-0.315750122,0.149536133
-3.968566895,-13.04328918,-3.112518311,-0.656677246,-0.78793335,-0.098449707
-4.073852539,-10.54997253,-0.595275879,-0.656677246,-0.78793335,-0.098449707
-1.247924805,-9.128631592,1.43145752,-0.642623901,-0.292526245,0.268051147
-0.099365234,-9.944595337,0.706420898,0.081237793,-0.007263184,0.343795776
-0.865066528,-10.82992554,-0.786697388,0.081237793,-0.007263184,0.343795776
-1.384307861,-10.25804138,-1.052307129,-0.686004639,0.069091797,0.11227417
-0.723892212,-8.796035767,0.696853638,-0.686004639,0.069091797,0.11227417
-0.338653564,-8.128433228,0.701644897,-0.663391113,0.488754272,0.252166748
-0.034759521,-8.465820313,0.270935059,-0.519836426,0.610321045,0.330978394
0.635223389,-9.817764282,0.206329346,-0.701263428,0.368408203,0.35295105
0.68548584,-9.504302979,0.419281006,-1.004867554,0.538848877,0.247879028
0.872116089,-8.779281616,0.816497803,-1.004867554,0.538848877,0.247879028
1.223861694,-8.774505615,0.888275146,-0.720199585,0.741653442,-0.297592163
0.345703125,-10.46383667,-0.391876221,-0.720199585,0.741653442,-0.297592163
-1.068466187,-11.73202515,0.101043701,-0.61819458,0.747146606,-0.230407715
0.647186279,-13.36393738,-0.40145874,-0.170425415,0.830230713,-0.1925354
-0.877029419,-13.79702759,-1.928070068,0.733642578,0.633529663,0.400619507
-1.60206604,-9.580886841,-4.280212402,0.97492981,0.164382935,0.324859619
-0.149612427,-9.439697266,-3.203445435,0.97492981,0.164382935,0.324859619
2.066131592,-9.863235474,-2.834945679,1.204620361,0.168670654,0.108612061
2.783981323,-8.793640137,-2.42817688,0.82220459,0.117340088,-0.166259766
2.338912964,-7.905899048,-0.808227539,0.646896362,-0.107437134,-0.419158936
0.331344604,-8.827133179,-1.356185913,0.819152832,-0.280914307,-0.414260864
0.216491699,-9.903915405,-1.650512695,0.819152832,-0.280914307,-0.414260864
1.247787476,-9.946975708,-0.131057739,0.748306274,-0.609558105,-0.234069824
1.479888916,-10.21498108,0.349899292,0.621841431,-0.401260376,-0.185211182
1.147293091,-10.36811829,-0.324874878,0.24861145,-0.520996094,-0.02394104
1.336334229,-9.504302979,0.7447052,-0.169204712,-0.799545288,0.140380859
2.003921509,-8.951568604,1.981796265,-0.488082886,-0.795883179,0.15687561
2.03024292,-8.379684448,2.630249023,-0.186920166,-0.752502441,0.082351685
1.527755737,-9.198028564,2.347900391,0.294433594,-0.787322998,0.098236084
2.015884399,-10.02833557,1.295059204,0.436141968,-0.76411438,0.206359863
2.372421265,-12.53601074,-0.731658936,0.426376343,-0.499008179,-0.235900879
-2.097366333,-13.98606873,-3.449905396,-0.249847412,-0.711578369,-0.161987305
-3.099960327,-9.844085693,-1.164764404,-0.249847412,-0.711578369,-0.161987305
-1.872451782,-9.174102783,1.598953247,-0.715927124,-1.095199585,0.142822266
0.486877441,-9.815368652,1.22328186,-0.111785889,-0.836196899,0.197189331
-0.219009399,-10.81558228,-0.487594604,-0.127670288,-0.428741455,0.211853027
-1.917907715,-10.32264709,-0.963760376,-0.713485718,-0.677368164,0.232620239
-1.262283325,-8.922851563,0.282897949,-0.919342041,-0.230224609,0.153823853
-0.640151978,-8.281570435,0.613098145,-0.785568237,0.377578735,0.076843262
-0.135253906,-8.391647339,0.646606445,-0.785568237,0.377578735,0.076843262
0.281097412,-8.807998657,0.613098145,-0.627960205,0.163162231,0.144042969
0.321777344,-8.580673218,0.687286377,-0.65423584,0.227310181,0.170913696
0.728546143,-8.487365723,0.948104858,-0.548553467,0.424606323,-0.058135986
0.068130493,-10.18626404,0.211105347,-0.548553467,0.424606323,-0.058135986
-0.329071045,-12.4642334,-0.755584717,-0.417205811,0.452697754,-0.256668091
0.204528809,-13.823349,0.024475098,0.165527344,0.487533569,-0.025161743
-1.573348999,-11.34918213,-2.119491577,1.073883057,0.602981567,0.20513916
-2.049514771,-10.12165833,-3.088592529,1.069610596,0.342147827,0.094558716
-0.750213623,-11.40182495,-2.456893921,1.069610596,0.342147827,0.094558716
2.769622803,-10.80599976,-2.583709717,1.379318237,0.639633179,0.123275757
2.94670105,-8.886962891,-1.219802856,1.032348633,0.578552246,-0.257888794
1.451187134,-7.994430542,-0.504348755,0.510070801,0.42338562,-0.612182617
0.912796021,-9.777084351,-0.463668823,0.483795166,0.135070801,-0.630523682
1.147293091,-10.47340393,-0.265060425,0.483795166,0.135070801,-0.630523682
1.862747192,-9.296127319,-0.214813232,0.24005127,0.13444519,-0.17237854
1.79335022,-9.047286987,-0.279418945,-0.205856323,0.002502441,0.00112915
1.81489563,-8.822357178,0.656173706,-0.205856323,0.002502441,0.00112915
2.571029663,-9.186065674,1.455383301,-0.422103882,-0.233276367,0.169082642
3.59992981,-9.638305664,1.869338989,-0.304199219,-0.328567505,0.287597656
3.528152466,-9.391845703,1.742523193,-0.126449585,-0.440353394,0.209411621
3.095046997,-8.949172974,2.517791748,-0.126449585,-0.440353394,0.209411621
2.568634033,-9.674194336,2.867141724,0.108718872,-0.553359985,0.096389771
2.992156982,-10.54997253,1.512802124,0.335357666,-0.526489258,0.227127075
1.446395874,-15.85006714,-1.193481445,0.375061035,-0.528945923,-0.006225586
-1.999267578,-10.73422241,-2.416213989,-0.356735229,-0.477005005,-0.334243774
-0.475036621,-7.999221802,-0.463668823,-0.67868042,-0.733566284,-0.220016479
-0.91053772,-7.767120361,-0.288986206,-0.117904663,-1.070770264,0.151367188
-0.750213623,-10.65525818,-0.092773438,-0.117904663,-1.070770264,0.151367188
-0.757400513,-11.60041809,0.153686523,-0.088562012,-0.964477539,0.410369873
-0.795684814,-9.236312866,0.359466553,-0.387893677,-0.441574097,0.190475464
-1.513519287,-9.126251221,-0.114318848,-0.546722412,-0.636444092,0.06829834
-1.238357544,-9.600021362,0.148895264,-0.524124146,-0.26625061,0.283325195
-0.67124939,-9.09034729,0.629852295,-0.46975708,0.036712646,0.415267944
-0.152008057,-9.178878784,0.328353882,-0.640792847,0.01473999,0.513015747
0.094451904,-9.970916748,0.268539429,-0.640792847,0.01473999,0.513015747
0.235626221,-9.011383057,0.845214844,-0.886978149,0.282287598,0.330963135
1.183181763,-8.037506104,1.249603271,-0.854598999,0.475326538,0.020050049
1.147293091,-9.903915405,0.76385498,-0.489303589,0.530288696,-0.341583252
-0.759780884,-12.15316772,1.137130737,-0.167373657,0.811294556,-0.285995483
-0.659286499,-12.3039093,-0.903945923,0.406829834,0.770355225,-0.140594482
-1.558990479,-11.3132782,-4.081619263,1.276077271,0.469818115,0.424423218
-0.857894897,-11.32286072,-3.55758667,1.792877197,-0.030471802,0.314483643
2.154678345,-11.52624512,-2.617202759,1.332275391,0.380630493,-0.058135986
3.777008057,-9.336807251,-1.861068726,0.531448364,0.022674561,-0.39654541
3.293655396,-7.173706055,0.321182251,0.531448364,0.022674561,-0.39654541
1.365036011,-8.707504272,0.168045044,0.690261841,-0.123931885,-0.587142944
0.336120605,-9.906311035,-1.538040161,0.673156738,-0.078720093,-0.424041748
0.90562439,-10.05944824,-0.360778809,0.330459595,-0.301071167,-0.146102905
1.113800049,-10.18147278,0.017288208,-0.179580688,-0.33833313,0.0884552
1.018081665,-9.291351318,0.711212158,-0.473419189,-0.382324219,0.24118042
1.417678833,-8.319854736,1.598953247,-0.519226074,-0.31451416,0.282104492
2.080490112,-8.087753296,2.225860596,-0.131942749,-0.178894043,0.134872437
2.190567017,-8.575897217,2.228256226,-0.131942749,-0.178894043,0.134872437
2.886871338,-10.51408386,1.266342163,0.362228394,-0.309020996,0.051193237
2.822265625,-14.65605164,-0.827377319,0.515563965,-0.429351807,0.14465332
-0.807647705,-14.54598999,-2.076431274,0.069030762,-0.217391968,-0.107620239
-3.097579956,-10.16711426,-2.021392822,-0.461807251,-0.326126099,-0.144271851
-2.102157593,-7.147384644,0.467147827,-0.475860596,-0.604064941,0.169082642
-0.810028076,-8.238510132,0.97442627,0.093444824,-0.550918579,0.178253174
0.187774658,-11.41378784,0.416900635,0.093444824,-0.550918579,0.178253174
-0.556396484,-12.09573364,-0.860870361,-0.055587769,-0.106216431,0.1043396
-0.970352173,-9.702911377,-0.195663452,-0.630401611,-0.240600586,0.1043396
-0.92250061,-8.956359863,0.890670776,-0.530227661,-0.188079834,0.131820679
-0.434356689,-8.975494385,0.658569336,-0.408660889,0.380630493,0.147705078
-0.125686646,-9.049667358,0.651382446,-0.373245239,0.338485718,0.208190918
0.486877441,-9.77947998,0.582000732,-0.373245239,0.338485718,0.208190918
1.013290405,-9.09034729,0.928955078,-0.635299683,0.269454956,0.336471558
1.35067749,-8.085357666,1.711410522,-0.783737183,0.52784729,0.238113403
2.070922852,-7.709686279,1.902832031,-0.552215576,0.642700195,-0.122283936
0.728546143,-9.937408447,0.629852295,-0.191802979,0.54006958,-0.351959229
-1.829376221,-15.47439575,-1.349014282,0.08795166,0.326263428,-0.130844116
-3.097579956,-11.85406494,-3.390090942,0.73425293,0.656738281,0.4659729
-0.530075073,-10.43511963,-2.686599731,1.303573608,0.373916626,0.137939453
3.781784058,-10.92086792,-2.251098633,1.192398071,0.362915039,0.011505127
4.640808105,-9.607208252,-1.861068726,0.618179321,0.368408203,-0.327529907
1.295654297,-8.360534668,-0.59765625,0.461181641,0.207763672,-0.58531189
-0.424789429,-9.030532837,-1.270050049,0.461181641,0.207763672,-0.58531189
0.115982056,-9.992446899,-0.906341553,0.756240845,-0.218002319,-0.542556763
1.156860352,-10.41596985,0.29725647,0.458145142,-0.07383728,-0.33241272
1.465545654,-9.875198364,0.06036377,0.173477173,0.124069214,-0.155883789
1.544509888,-9.114273071,0.601135254,-0.212585449,-0.141647339,0.033477783
2.240814209,-8.528030396,1.417098999,-0.558944702,-0.296813965,0.110443115
3.40133667,-7.72883606,2.390975952,-0.439208984,-0.366439819,0.057922363
2.982589722,-8.255249023,2.769042969,0.254104614,-0.264419556,-0.069747925
2.377197266,-10.79882813,1.558273315,0.612075806,-0.440963745,-0.00378418
3.556869507,-14.76133728,0.787780762,0.612075806,-0.440963745,-0.00378418
2.417877197,-15.10830688,-0.748413086,0.225402832,-0.452560425,-0.138153076
0.484481812,-11.21517944,-2.246322632,-0.539398193,-0.594299316,-0.238967896
-1.826980591,-8.87260437,-0.906341553,-0.490524292,-1.056106567,-0.044708252
-2.365371704,-7.228729248,0.184783936,-0.294433594,-1.22958374,0.256439209
-1.882019043,-9.485168457,1.117996216,-0.028717041,-0.731124878,0.395111084
-0.379333496,-10.81079102,1.091674805,-0.028717041,-0.731124878,0.395111084
-0.965576172,-10.31787109,0.718383789,-0.121566772,-0.269317627,0.332809448
-0.967956543,-9.678985596,-0.080810547,-0.290161133,-0.422027588,0.213684082
-0.21661377,-9.856048584,0.397750854,-0.439819336,-0.472122192,0.211227417
0.312194824,-9.166915894,0.945709229,-0.507629395,-0.167907715,0.311416626
0.259552002,-9.276992798,0.522171021,-0.595596313,-0.113540649,0.349899292
-0.089797974,-8.975494385,1.122772217,-0.773345947,0.054428101,0.278442383
0.348083496,-7.98008728,1.603729248,-0.727539063,0.362915039,-0.047149658
0.551483154,-8.709884644,1.66355896,-0.500915527,0.50402832,-0.431381226
0.338516235,-11.1481781,0.191970825,-0.201583862,0.432556152,-0.237121582
-0.692779541,-15.23989868,0.598754883,-0.201583862,0.432556152,-0.237121582
-1.913131714,-12.30151367,-1.399261475,0.444702148,0.413009644,0.28515625
-1.310134888,-9.700515747,-2.971343994,0.999359131,-0.019485474,0.195343018
0.44619751,-10.28198242,-2.521499634,1.365264893,0.000686646,0.269882202
2.511199951,-10.14797974,-1.877822876,1.365264893,0.000686646,0.269882202
3.135726929,-9.461242676,-1.246124268,1.330444336,0.305496216,-0.136932373
1.893859863,-9.066421509,-1.07144165,0.664611816,-0.025588989,-0.44909668
0.472518921,-8.171508789,-1.258087158,0.344512939,-0.465408325,-0.420379639
0.190170288,-9.300918579,-0.475631714,0.344512939,-0.465408325,-0.420379639
0.891265869,-9.78666687,0.038833618,0.313980103,-0.205169678,-0.238952637
1.453582764,-9.243484497,-0.229171753,0.2162323,-0.052459717,-0.025161743
1.922561646,-9.631134033,0.182403564,0.2162323,-0.052459717,-0.025161743
2.106811523,-9.958938599,1.163452148,-0.210739136,-0.199676514,0.155654907
2.451385498,-9.801025391,1.948303223,-0.356750488,-0.295578003,0.276596069
2.798339844,-9.09992981,1.687484741,-0.371398926,-0.342010498,0.330352783
2.829452515,-9.164535522,2.211517334,0.123382568,-0.513671875,0.268661499
2.274307251,-9.492340088,1.445800781,0.432479858,-0.653549194,0.225891113
1.857955933,-10.67678833,1.039031982,0.432479858,-0.653549194,0.225891113
-1.654708862,-14.34259033,-0.82258606,0.227859497,-0.294967651,-0.182754517
-2.305541992,-9.695739746,-2.117111206,-0.340255737,-0.108657837,-0.242614746
-2.29119873,-8.520858765,0.29246521,-0.448989868,-0.349945068,-0.105178833
-1.614028931,-9.528244019,1.299850464,-0.448989868,-0.349945068,-0.105178833
-0.106552124,-12.44987488,0.591567993,0.169799805,-0.278488159,0.147094727
0.092056274,-11.80142212,0.007720947,0.042755127,-0.064071655,0.316314697
-1.37953186,-10.09054565,-0.174133301,-0.483795166,-0.062850952,0.239334106
-1.80065918,-9.379882813,0.402542114,-0.739151001,-0.100097656,0.225906372
-1.262283325,-8.41317749,0.866744995,-0.749526978,0.569992065,0.242401123
-0.22618103,-8.138000488,0.565246582,-0.621246338,0.783187866,0.301040649
0.874511719,-8.963531494,0.402542114,-0.651794434,0.810684204,0.340133667
1.12336731,-9.140594482,0.931350708,-0.689666748,1.011657715,0.200241089
2.202529907,-8.355758667,1.610916138,-0.585205078,0.85710144,-0.125335693
2.298248291,-9.035308838,1.500839233,-0.445922852,0.807617188,-0.399612427
1.479888916,-11.10272217,1.072525024,-0.445922852,0.807617188,-0.399612427
0.537124634,-12.61737061,0.701644897,-0.227233887,0.598709106,-0.255447388
-0.408035278,-13.69413757,-1.320297241,0.207687378,0.338485718,0.16116333
-1.855697632,-10.97589111,-4.399856567,1.032958984,0.212646484,0.480636597
-0.68560791,-10.69354248,-3.715515137,1.206451416,-0.201507568,0.202087402
1.494247437,-10.71507263,-2.672241211,1.206451416,-0.201507568,0.202087402
2.291061401,-8.886962891,-1.820388794,0.575424194,-0.013977051,-0.240188599
1.637817383,-7.300521851,-0.501953125,0.142318726,-0.039016724,-0.413040161
0.427047729,-7.465621948,-0.480407715,0.604736328,-0.208221436,-0.32081604
-0.015625,-8.752960205,-1.392074585,0.604736328,-0.208221436,-0.32081604
0.67590332,-10.02593994,-1.255691528,0.763565063,-0.530151367,-0.100906372
1.245407104,-10.50689697,-0.255493164,0.659103394,-0.644989014,-0.025146484
0.948684692,-10.17430115,0.266143799,0.403762817,-0.400039673,-0.095397949
0.90322876,-9.927841187,0.476715088,0.136825562,-0.387817383,-0.1277771
1.271713257,-9.863235474,1.18737793,0.069015503,-0.31817627,-0.110061646
2.080490112,-8.982681274,1.242416382,-0.010986328,-0.272979736,0.007217407
2.444198608,-8.353363037,2.0990448,0.001220703,-0.468444824,0.057312012
1.874710083,-9.293746948,2.35508728,0.450805664,-0.472106934,-0.025772095
1.223861694,-12.72744751,1.948303223,0.450805664,-0.472106934,-0.025772095
1.156860352,-14.75656128,-1.049911499,0.193634033,-0.383544922,0.020645142
1.044403076,-13.86402893,-1.480621338,-0.691497803,-0.254653931,-0.164428711
-2.090194702,-8.202606201,-0.875228882,-0.910797119,-0.541152954,-0.081970215
-2.764968872,-7.314880371,1.785583496,-0.675613403,-0.779998779,0.202072144
-1.826980591,-10.34658813,2.192367554,0.059249878,-0.208236694,0.343185425
-0.817214966,-11.15296936,0.376220703,0.059249878,-0.208236694,0.343185425
-1.415420532,-9.738800049,-0.056884766,-0.183258057,0.411178589,0.226516724
-1.156997681,-9.054458618,0.036437988,-0.288330078,0.130172729,0.206970215
-0.075439453,-9.09034729,0.577209473,-0.279769897,0.089248657,0.242996216
0.300231934,-8.731430054,0.991165161,-0.234573364,0.420944214,0.270492554
0.400726318,-9.633514404,0.330749512,-0.292602539,0.395278931,0.316314697
0.357666016,-9.968521118,0.323577881,-0.600479126,0.443557739,0.362731934
0.649581909,-9.284164429,0.936141968,-0.886352539,0.727600098,0.170928955
1.180786133,-8.685958862,1.531951904,-0.886352539,0.727600098,0.170928955
1.307617188,-9.10949707,1.43145752,-0.837493896,0.961578369,-0.245056152
0.137527466,-10.80360413,0.187179565,-0.514343262,0.994552612,-0.446029663
-2.559188843,-16.59902954,-0.269851685,0.075744629,0.42767334,0.016387939
-2.391693115,-12.98587036,-1.825180054,0.968215942,0.259063721,0.584472656
-1.216812134,-9.738800049,-2.942626953,0.968215942,0.259063721,0.584472656
0.984588623,-8.882171631,-2.526275635,0.844818115,0.464324951,0.210632324
2.678695679,-8.590255737,-2.284606934,0.864364624,0.604827881,-0.050811768
2.879699707,-8.114074707,-1.51171875,0.543655396,0.454544067,-0.382507324
1.690460205,-8.41557312,-1.188690186,0.329238892,0.199813843,-0.526672363
0.391159058,-8.659637451,-1.456680298,0.329238892,0.199813843,-0.526672363
-0.21661377,-9.499526978,-1.557189941,0.339019775,-0.036575317,-0.461303711
0.340911865,-10.35136414,-0.454101563,0.568710327,-0.202102661,-0.205963135
1.329147339,-10.30351257,0.656173706,0.717147827,-0.037200928,-0.231002808
1.434432983,-10.57389832,-0.39906311,0.717147827,-0.037200928,-0.231002808
1.673721313,-10.73661804,-0.107131958,0.446533203,-0.067123413,-0.255447388
1.707214355,-10.43751526,0.629852295,0.042755127,-0.181350708,-0.1925354
2.152282715,-9.186065674,1.228057861,-0.117889404,-0.334686279,0.00843811
2.537521362,-8.817565918,1.553482056,-0.032989502,-0.456863403,0.079910278
2.614089966,-9.257843018,1.732940674,0.117889404,-0.655990601,0.090286255
2.532745361,-9.714874268,1.914794922,0.073913574,-0.786102295,0.081130981
2.159454346,-9.726837158,2.036834717,-0.089187622,-0.765960693,0.233840942
1.216690063,-11.03092957,0.933746338,-0.089187622,-0.765960693,0.233840942
0.393554688,-13.54579163,0.371429443,-0.101394653,-0.670639038,0.102508545
-0.771743774,-10.36332703,-0.966156006,-0.333526611,-0.393936157,-0.092956543
-0.549224854,-8.602218628,-0.750808716,-0.326812744,-0.475784302,-0.074020386
-0.989501953,-8.18347168,-0.047317505,-0.10383606,-0.930282593,0.12449646
-0.833969116,-10.52365112,0.649002075,-0.10383606,-0.930282593,0.12449646
-0.405654907,-11.21038818,0.617889404,0.021377563,-0.952255249,0.32913208
-0.546829224,-10.58586121,0.457565308,-0.37322998,-0.549713135,0.260101318
-1.444137573,-10.10250854,-0.181304932,-0.661575317,-0.572311401,0.169692993
-1.771957397,-10.17190552,-0.018600464,-0.792907715,-0.388427734,0.206359863
-1.417816162,-9.640701294,0.357070923,-0.792907715,-0.388427734,0.206359863
-0.812423706,-8.65486145,0.835632324,-0.739135742,0.112457275,0.313873291
-0.075439453,-8.616577148,0.605926514,-0.507629395,0.210800171,0.396942139
0.821868896,-9.159744263,0.330749512,-0.556503296,0.321990967,0.466583252
1.223861694,-8.894134521,0.864349365,-0.601699829,0.529678345,0.230194092
1.494247437,-7.613983154,1.1849823,-0.520446777,0.74836731,-0.205352783
0.159057617,-9.114273071,0.790176392,-0.520446777,0.74836731,-0.205352783
-1.81741333,-12.17709351,-0.506729126,-0.354904175,0.731262207,-0.425262451
-2.568756104,-17.54179382,-0.781906128,0.525344849,0.405059814,-0.094802856
-1.776733398,-9.755554199,-3.813613892,1.288299561,0.39956665,0.40977478
-1.200057983,-8.623748779,-2.090789795,1.086105347,0.617034912,-0.086242676
0.692657471,-9.128631592,-1.31072998,1.086105347,0.617034912,-0.086242676
2.740921021,-10.61218262,-2.109924316,0.478302002,0.891921997,-0.248733521
2.640411377,-9.269805908,-1.576324463,0.478302002,0.891921997,-0.248733521
1.831634521,-8.300720215,-1.176727295,0.576660156,0.307937622,-0.216964722
0.764434814,-9.346389771,-1.672042847,0.61756897,0.245025635,-0.384338379
0.908004761,-10.77729797,-0.595275879,0.274261475,0.021453857,-0.295761108
1.190368652,-10.26283264,0.383392334,0.343292236,0.025726318,-0.181533813
1.783782959,-9.762741089,-0.188491821,0.343292236,0.025726318,-0.181533813
1.996749878,-9.942199707,0.07232666,0.105667114,0.044647217,-0.040435791
1.896240234,-10.28198242,0.601135254,-0.090408325,-0.103164673,0.093338013
2.341308594,-9.267425537,0.907424927,-0.232116699,-0.205169678,0.217346191
2.92755127,-8.697921753,1.299850464,-0.280380249,-0.40675354,0.205123901
2.853378296,-9.339202881,1.697052002,-0.063522339,-0.622390747,0.144042969
2.94909668,-9.887161255,1.888473511,0.217453003,-0.790985107,0.189849854
1.877105713,-10.28675842,1.407516479,0.254104614,-1.014556885,0.298599243
0.757263184,-12.85186768,0.806930542,0.254104614,-1.014556885,0.298599243
-1.188095093,-12.27281189,0.447998047,-0.177764893,-0.66027832,-0.025772095
-1.190490723,-10.2676239,-1.447113037,-0.40133667,-0.263824463,-0.273773193
-1.372344971,-8.482574463,-0.937438965,-0.40927124,-0.480056763,-0.217575073
-1.623596191,-9.789047241,0.268539429,-0.086120605,-0.863693237,0.049362183
-0.362579346,-10.71986389,0.570037842,0.016479492,-0.495330811,0.167251587
-0.422393799,-10.19343567,-0.047317505,-0.271224976,-0.452575684,0.050582886
-1.070846558,-9.745986938,0.258972168,-0.252288818,-0.494110107,0.117172241
-0.843536377,-9.346389771,0.201538086,-0.252288818,-0.494110107,0.117172241
-0.522903442,-9.341598511,0.117797852,-0.288330078,-0.191131592,0.15687561
-0.345825195,-9.621551514,0.062759399,-0.288330078,-0.191131592,0.15687561
0.092056274,-9.559341431,0.201538086,-0.403778076,0.120407104,0.16053772
0.417480469,-9.619171143,0.024475098,-0.550994873,0.146682739,0.152587891
0.625656128,-9.346389771,0.495849609,-0.797180176,0.237091064,0.194747925
0.817077637,-8.973098755,1.263946533,-0.733642578,0.381240845,0.086013794
1.008514404,-8.748184204,1.366836548,-0.600479126,0.50402832,-0.105178833
0.558654785,-10.77250671,0.835632324,-0.555267334,0.276168823,-0.106399536
0.8984375,-11.01179504,0.96723938,-0.555267334,0.276168823,-0.106399536
-0.082611084,-11.4281311,-0.951797485,0.018325806,0.3152771,0.002944946
-1.860488892,-11.21757507,-3.172348022,0.903457642,0.138717651,0.250335693
-1.860488892,-11.59324646,-4.301757813,1.253479004,-0.050643921,0.363952637
1.520568848,-11.82774353,-3.045516968,1.346939087,-0.106216431,0.135482788
2.872512817,-9.583267212,-2.172134399,0.677444458,-0.015808105,-0.179092407
1.903427124,-7.5206604,0.436035156,0.372619629,-0.22593689,-0.468017578
0.211700439,-8.697921753,0.189575195,0.372619629,-0.22593689,-0.468017578
-0.44631958,-9.626342773,-0.726882935,0.527175903,-0.114151001,-0.548049927
0.750091553,-9.750762939,-0.214813232,0.588256836,-0.229003906,-0.325698853
1.310012817,-9.734024048,0.627456665,0.502105713,-0.174636841,-0.122894287
1.015686035,-9.997238159,0.771026611,0.255950928,0.048934937,-0.085021973
1.190368652,-9.841690063,0.716003418,0.071456909,0.028167725,-0.039199829
1.743103027,-9.064025879,1.108413696,-0.118499756,-0.120269775,0.00050354
2.48727417,-8.85824585,1.572631836,-0.102005005,-0.166687012,0.019439697
2.776809692,-9.231521606,1.766448975,-0.102005005,-0.166687012,0.019439697
2.597351074,-9.159744263,1.728164673,0.093444824,-0.214324951,-0.037979126
2.178604126,-9.911087036,2.290466309,0.255325317,-0.359725952,-0.043487549
2.224060059,-11.30131531,0.51499939,0.042755127,-0.425689697,0.245452881
0.860153198,-15.5246582,-0.487594604,-0.395217896,-0.351165771,0.225296021
-1.79826355,-12.92604065,-1.547607422,-0.640182495,-0.091552734,-0.093566895
-0.69039917,-8.015975952,0.424072266,-0.640182495,-0.091552734,-0.093566895
-0.625793457,-6.245285034,0.893066406,-0.780059814,-0.380493164,-0.125335693
-0.264465332,-8.111679077,0.196746826,-0.045211792,-0.376831055,-0.053863525
-0.305145264,-12.22973633,-0.231567383,0.329864502,-0.472732544,0.115951538
-0.027587891,-11.21038818,-0.052093506,-0.17225647,-0.332839966,0.31690979
-0.142440796,-9.281784058,0.122573853,-0.498458862,-0.484954834,0.159317017
-0.66885376,-9.480377197,-0.231567383,-0.482574463,-0.409805298,0.098236084
-1.006240845,-10.47340393,-0.097564697,-0.482574463,-0.409805298,0.098236084
-0.747817993,-9.858444214,0.481506348,-0.648117065,-0.081161499,0.194747925
-0.400863647,-9.018569946,0.591567993,-0.609024048,0.165603638,0.324859619
0.137527466,-9.025741577,0.390579224,-0.602920532,0.144226074,0.382888794
0.960647583,-8.65725708,1.034240723,-0.635894775,0.296340942,0.286987305
1.37461853,-8.006408691,1.618087769,-0.483200073,0.537612915,-0.027603149
1.266937256,-8.87260437,1.070129395,-0.288330078,0.54006958,-0.243850708
-0.25012207,-11.25106812,0.043609619,-0.050704956,0.458831787,-0.21635437
-0.391296387,-12.59584045,-0.487594604,0.35307312,0.217544556,0.071350098
-1.089996338,-13.21557617,-1.353790283,0.35307312,0.217544556,0.071350098
-2.03515625,-9.614379883,-3.452301025,0.824661255,0.419708252,0.344421387
-0.67364502,-10.93760681,-2.992874146,1.19972229,0.177215576,0.119003296
1.776611328,-11.77270508,-2.545425415,1.084884644,0.47958374,-0.051422119
3.071121216,-9.882369995,-1.911315918,1.084884644,0.47958374,-0.051422119
1.934539795,-8.382080078,0.256576538,0.360397339,0.358642578,-0.281723022
0.333740234,-9.09034729,-0.456481934,0.454483032,0.272521973,-0.436248779
0.355270386,-9.829727173,-1.535644531,0.662155151,0.155822754,-0.333633423
1.487075806,-9.753158569,-0.38470459,0.447143555,0.051986694,-0.191299438
1.396148682,-9.846481323,0.07232666,0.203414917,0.208984375,-0.121673584
1.221466064,-9.698120117,0.134536743,0.107498169,0.073974609,-0.027603149
1.709609985,-8.831924438,0.543716431,0.107498169,0.073974609,-0.027603149
2.441818237,-8.260040283,1.330947876,-0.144165039,-0.177078247,0.067687988
3.001724243,-9.001815796,2.087081909,-0.144165039,-0.177078247,0.067687988
2.403518677,-9.745986938,2.541717529,0.372009277,-0.312072754,0.013320923
2.226455688,-9.920654297,1.900436401,0.372009277,-0.312072754,0.013320923
2.458557129,-12.3039093,0.424072266,0.125213623,-0.336502075,0.135498047
0.082489014,-15.24229431,-1.159973145,-0.280990601,0.013519287,-0.298217773
-2.432373047,-11.14578247,-1.820388794,-0.602905273,-0.16973877,-0.143051147
-1.59727478,-6.819564819,0.998352051,-0.602905273,-0.16973877,-0.143051147
-1.223999023,-7.671401978,1.481704712,-0.420883179,-0.43119812,0.195358276
-0.173538208,-11.02613831,0.907424927,0.058029175,-0.099502563,0.1690979
0.367233276,-12.47380066,-0.14541626,0.058029175,-0.099502563,0.1690979
-0.049118042,-10.36332703,0.443222046,-0.530838013,-0.228988647,0.26133728
-0.647323608,-9.394241333,0.321182251,-0.568099976,-0.336517334,0.22895813
-0.731079102,-9.54737854,0.589172363,-0.728149414,-0.01763916,0.197799683
-0.482223511,-9.126251221,0.519790649,-0.767242432,0.337875366,0.170928955
-0.21421814,-9.040100098,0.313995361,-0.754425049,0.248077393,0.279663086
0.381591797,-9.209991455,0.641815186,-0.756866455,0.293884277,0.276611328
0.864944458,-8.61895752,1.484085083,-0.660949707,0.554733276,0.031661987
1.321975708,-8.453857422,2.199539185,-0.471572876,0.733108521,-0.212081909
1.245407104,-9.489959717,1.311813354,-0.471572876,0.733108521,-0.212081909
0.297836304,-11.80142212,-0.238739014,-0.244354248,0.623138428,-0.249954224
-0.085006714,-15.6131897,-1.851501465,0.210128784,0.455154419,-0.088684082
-1.716918945,-10.09773254,-3.457092285,0.787399292,0.408737183,0.3853302
-1.188095093,-8.64050293,-3.009628296,1.003646851,-0.035980225,0.151367188
1.537322998,-10.12405396,-2.42817688,1.126419067,0.107574463,-0.092956543
3.284088135,-10.00201416,-2.4425354,0.46913147,-0.036575317,-0.242004395
2.085281372,-7.812576294,-0.489990234,0.46913147,-0.036575317,-0.242004395
-0.21182251,-8.484970093,-0.468444824,0.356124878,-0.287033081,-0.312866211
0.070526123,-10.15515137,-0.975723267,0.643844604,-0.304733276,-0.331192017
1.343505859,-9.958938599,0.436035156,0.348800659,-0.011535645,-0.249954224
1.379394531,-10.03790283,0.586776733,0.234558105,0.165603638,-0.173599243
1.451187134,-10.38487244,0.481506348,0.234558105,0.165603638,-0.173599243
1.922561646,-9.449279785,0.890670776,0.103225708,-0.024978638,0.004776001
2.779205322,-8.236114502,1.730560303,-0.038482666,-0.237548828,0.122055054
3.516189575,-8.18107605,2.012908936,-0.026870728,-0.491668701,0.04447937
3.61668396,-8.470611572,2.218688965,0.121551514,-0.632171631,-0.136932373
2.822265625,-8.961135864,2.503433228,0.121551514,-0.632171631,-0.136932373
2.070922852,-10.28675842,1.926757813,0.255950928,-0.643768311,0.004165649
1.857955933,-13.41896057,0.30921936,0.255950928,-0.643768311,0.004165649
0.154266357,-16.72106934,-1.133651733,0.045822144,-0.626052856,0.251556396
-3.140640259,-11.63153076,-2.112319946,-0.231521606,-0.331008911,-0.094177246
-1.295776367,-7.539794922,0.759063721,-0.981658936,-0.289474487,-0.078292847
-0.946426392,-6.096923828,1.134735107,-0.416610718,-0.39881897,0.020050049
-0.68800354,-8.374893188,0.366638184,0.313980103,-0.311462402,0.093353271
-0.350616455,-11.73202515,-0.049713135,0.065979004,-0.345672607,0.323028564
0.498840332,-11.45924377,0.024475098,0.065979004,-0.345672607,0.323028564
0.017883301,-9.523452759,0.117797852,-0.396453857,-0.362167358,0.32913208
-0.979919434,-9.09753418,-0.214813232,-0.512512207,-0.504501343,0.246063232
-1.152206421,-9.698120117,0.586776733,-0.577880859,-0.357284546,0.220413208
-0.819610596,-9.420562744,0.943313599,-0.577880859,-0.357284546,0.220413208
-0.207046509,-9.181274414,0.598754883,-0.478912354,0.165008545,0.202087402
0.774017334,-9.056854248,0.773422241,-0.574203491,0.250518799,0.231994629
1.106613159,-8.884567261,1.259170532,-0.687835693,0.314651489,0.096405029
0.635223389,-9.695739746,1.350097656,-0.704925537,0.574874878,-0.159545898
-0.154403687,-10.53082275,0.826065063,-0.806335449,0.62437439,-0.287826538
-0.867462158,-12.17709351,-0.339233398,-0.806335449,0.62437439,-0.287826538
0.893661499,-13.13900757,-0.762771606,-0.402557373,0.571838379,-0.020889282
0.345703125,-11.08836365,-1.873031616,0.578475952,0.306106567,0.371887207
-1.190490723,-9.10949707,-2.497558594,0.811828613,0.184539795,0.276611328
-0.539642334,-8.17868042,-2.026184082,0.960250854,0.217529297,0.206970215
1.329147339,-9.162139893,-1.693572998,1.256530762,0.380020142,-0.08807373
2.839019775,-10.20301819,-1.870651245,1.256530762,0.380020142,-0.08807373
2.594955444,-10.2293396,-2.172134399,0.972473145,0.273117065,-0.355010986
1.226257324,-10.18865967,-1.246124268,0.337799072,-0.078109741,-0.448471069
0.393554688,-9.879989624,-0.14781189,0.19241333,-0.127593994,-0.281112671
1.027648926,-9.722061157,-0.528274536,0.339630127,-0.015823364,-0.199249268
1.628250122,-9.688552856,-0.643127441,0.276092529,-0.022521973,-0.102111816
1.625854492,-9.667022705,-0.312911987,0.276092529,-0.022521973,-0.102111816
1.879501343,-9.224349976,0.05557251,-0.039703369,-0.110488892,0.073791504
2.26713562,-9.028137207,0.794952393,-0.309707642,-0.251617432,0.205749512
2.623672485,-8.551971436,1.082092285,-0.196685791,-0.274200439,0.238113403
2.367630005,-8.563934326,1.88130188,-0.063537598,-0.437301636,0.119613647
1.678497314,-8.513687134,2.185195923,0.180801392,-0.445236206,0.039596558
1.860351563,-11.04528809,0.885879517,0.453231812,-0.327346802,0.037139893
-0.199859619,-15.80461121,-2.588485718,0.32862854,0.19493103,-0.424041748
-2.200271606,-10.25326538,-2.775131226,-0.767242432,-0.299850464,-0.368453979
-1.953811646,-8.102111816,2.09664917,-0.566268921,-0.604064941,-0.094787598
-0.288406372,-9.513885498,1.742523193,-0.566268921,-0.604064941,-0.094787598
0.427047729,-11.62434387,0.093856812,0.327407837,-0.483718872,0.102508545
-0.44871521,-11.49275208,-0.83694458,0.094665527,-0.114761353,0.206344604
-0.886611938,-10.22454834,-0.456481934,-0.403778076,-0.434860229,0.195358276
-0.336257935,-9.32484436,0.73034668,-0.530838013,-0.332839966,0.222854614
-0.104156494,-8.717071533,0.632247925,-0.45324707,0.097808838,0.208190918
0.104019165,-8.702713013,0.129760742,-0.41293335,-0.075668335,0.271102905
0.383987427,-9.276992798,0.321182251,-0.589477539,-0.015197754,0.323028564
0.690261841,-9.363128662,0.756668091,-0.589477539,-0.015197754,0.323028564
0.594558716,-9.047286987,1.20173645,-0.698822021,0.334213257,0.122665405
0.651977539,-9.523452759,1.517593384,-0.682327271,0.661621094,-0.186431885
1.106613159,-10.72225952,1.290267944,-0.668273926,0.646362305,-0.326919556
0.288269043,-11.75595093,0.546112061,-0.668273926,0.646362305,-0.326919556
0.013092041,-12.02156067,0.151290894,-0.439819336,0.478363037,-0.037994385
0.439025879,-11.06921387,-0.60723877,-0.106903076,0.147888184,0.248504639
-0.865066528,-10.94239807,-2.114715576,0.555267334,0.003723145,0.360900879
-1.673843384,-9.585662842,-3.981109619,0.555267334,0.003723145,0.360900879
-0.027587891,-10.21258545,-3.062271118,1.014648438,-0.144088745,0.343795776
2.279098511,-10.67918396,-2.196075439,1.178955078,-0.172790527,0.141601563
2.494445801,-9.32244873,-1.829971313,0.506393433,-0.183181763,-0.339752197
1.233428955,-8.585464478,-0.545028687,0.506393433,-0.183181763,-0.339752197
0.388763428,-9.023345947,-0.762771606,0.576644897,-0.392089844,-0.323867798
0.374404907,-9.803405762,-0.882415771,0.663391113,-0.387207031,-0.189468384
0.936721802,-9.683776855,-0.370346069,0.663391113,-0.387207031,-0.189468384
1.087478638,-9.760345459,-0.394271851,0.585800171,-0.268707275,-0.157104492
0.819473267,-9.655059814,-0.432556152,0.351852417,-0.298019409,-0.096618652
1.233428955,-9.415771484,0.570037842,0.162490845,-0.425689697,0.001708984
1.987167358,-9.346389771,1.711410522,0.032974243,-0.334671021,0.049972534
2.329345703,-9.044891357,2.041625977,-0.069030762,-0.384765625,0.054855347
2.422668457,-9.023345947,2.292861938,-0.069030762,-0.384765625,0.054855347
2.336532593,-9.540206909,2.635040283,0.168579102,-0.552139282,0.050582886
2.068527222,-10.32743835,2.060760498,0.325576782,-0.564971924,0.148330688
2.092453003,-11.97608948,0.256576538,0.085510254,-0.552764893,0.312042236
0.24281311,-15.00779724,-1.27961731,-0.154556274,-0.483123779,-0.039215088
-2.803253174,-10.58586121,-2.368347168,-0.503341675,-0.514282227,0.074401855
-1.369949341,-7.369903564,1.316589355,-0.655456543,-0.593688965,0.181304932
-0.90335083,-7.640304565,2.168441772,-0.655456543,-0.593688965,0.181304932
-0.44631958,-10.43751526,0.608322144,0.215011597,-0.365219116,0.148330688
-0.70475769,-11.54060364,0.447998047,0.083679199,-0.363388062,0.239944458
-1.283813477,-10.15037537,0.242218018,-0.322540283,-0.174026489,0.244232178
-1.300567627,-9.399017334,-0.119094849,-0.611480713,-0.320632935,0.205749512
-0.879425049,-9.408599854,0.342712402,-0.719589233,-0.004821777,0.220413208
-0.781326294,-9.147781372,0.402542114,-0.63041687,0.273117065,0.225280762
-0.369750977,-9.387054443,0.096252441,-0.624298096,0.23890686,0.299819946
0.070526123,-9.683776855,0.113006592,-0.72203064,0.465545654,0.26133728
0.271514893,-9.248275757,0.397750854,-0.72203064,0.465545654,0.26133728
0.290664673,-9.080780029,1.010314941,-0.728149414,0.7605896,0.053024292
0.249984741,-8.750564575,1.213699341,-0.57359314,1.027542114,-0.171768188
0.166229248,-9.817764282,0.916992188,-0.57359314,1.027542114,-0.171768188
0.029846191,-10.79882813,1.230453491,-0.422119141,1.073348999,-0.242019653
-0.266860962,-11.48316956,0.132141113,-0.208908081,1.31829834,-0.202301025
-0.599472046,-13.56971741,-2.014221191,0.471572876,1.094726563,-0.075866699
-1.386703491,-11.49035645,-4.167755127,1.186279297,0.692169189,0.28515625
0.127944946,-10.03790283,-3.081420898,1.186279297,0.692169189,0.28515625
2.05178833,-9.671813965,-1.76776123,1.125198364,0.263961792,-0.083786011
3.427658081,-9.138214111,-1.813217163,0.758682251,0.713546753,-0.392883301
2.379592896,-7.645080566,-0.36315918,0.409881592,0.312225342,-0.442993164
0.869720459,-8.030334473,-0.729263306,0.696990967,0.12651062,-0.461914063
0.546691895,-8.922851563,-2.093170166,0.700027466,-0.193572998,-0.362960815
1.235824585,-10.0690155,-1.159973145,0.700027466,-0.193572998,-0.362960815
1.692855835,-10.25086975,0.447998047,0.475234985,-0.269943237,-0.215133667
1.8125,-9.418167114,0.313995361,0.310317993,-0.08605957,-0.148544312
2.070922852,-9.650268555,0.29246521,0.194854736,-0.283370972,-0.144271851
2.329345703,-9.932617188,0.98878479,0.106887817,-0.395767212,-0.045318604
2.525558472,-9.741195679,1.089279175,0.059844971,-0.514282227,0.085403442
2.750488281,-9.56652832,1.388381958,0.059844971,-0.514282227,0.085403442
2.793548584,-9.578491211,1.385986328,0.108108521,-0.658432007,0.111663818
2.437026978,-10.14079285,1.512802124,0.181411743,-0.784881592,0.133056641
1.960861206,-10.73899841,1.041427612,0.160644531,-0.779998779,0.302261353
1.295654297,-11.87319946,0.625076294,-0.17288208,-0.739074707,0.313262939
-0.259689331,-12.29673767,-0.018600464,-0.17288208,-0.739074707,0.313262939
-0.788497925,-10.40879822,-0.013809204,-0.461807251,-0.437301636,0.00843811
-0.161575317,-8.760147095,-0.530670166,-0.434921265,-0.161193848,-0.086853027
-0.640151978,-8.085357666,-0.518707275,-0.195480347,-0.239379883,-0.015380859
-1.116317749,-8.513687134,0.278106689,0.018936157,-0.531982422,0.179473877
-0.580322266,-10.26043701,1.177810669,0.135604858,-0.446456909,0.227737427
0.147094727,-11.58128357,0.682495117,-0.214416504,-0.33895874,0.175811768
-0.642532349,-11.40899658,0.208724976,-0.43371582,-0.195404053,0.272949219
-1.468063354,-10.57389832,0.024475098,-0.43371582,-0.195404053,0.272949219
-1.255096436,-9.932617188,0.357070923,-0.536941528,-0.137985229,0.326690674
-0.458297729,-9.367919922,0.455184937,-0.536941528,-0.137985229,0.326690674
-0.434356689,-8.906097412,0.376220703,-0.588867188,0.180267334,0.277832031
-0.601852417,-9.011383057,0.373825073,-0.579711914,0.332366943,0.297988892
-0.108932495,-9.509094238,0.237426758,-0.587036133,0.319549561,0.392044067
0.45098877,-9.499526978,0.52456665,-0.750137329,0.484466553,0.360900879
0.690261841,-9.253067017,0.885879517,-0.801452637,0.787460327,0.13243103
0.630447388,-8.810394287,0.98878479,-0.801452637,0.787460327,0.13243103
0.611297607,-9.588058472,0.847595215,-0.72265625,0.942016602,-0.132064819
0.142303467,-11.67460632,0.163253784,-0.72265625,0.942016602,-0.132064819
0.513198853,-14.79484558,-0.757980347,-0.554046631,0.940795898,-0.194961548
-0.132873535,-10.99981689,-1.944824219,0.623062134,0.205917358,0.215515137
-0.183120728,-8.322250366,-2.753601074,0.871078491,-0.012756348,0.20085144
0.766830444,-8.580673218,-1.928070068,0.871078491,-0.012756348,0.20085144
1.712005615,-9.946975708,-1.676834106,1.186904907,0.132614136,0.134277344
1.554077148,-10.11447144,-2.265457153,0.6456604,-0.137374878,-0.443588257
1.269332886,-9.590454102,-2.174530029,0.6456604,-0.137374878,-0.443588257
0.407913208,-8.973098755,-0.669448853,0.302978516,-0.404922485,-0.372116089
0.556259155,-9.588058472,0.464752197,0.590087891,-0.262588501,-0.295150757
1.018081665,-9.633514404,-0.61680603,0.844818115,-0.061019897,-0.311645508
1.3387146,-9.858444214,-0.583312988,0.538772583,-0.239379883,-0.251785278
1.417678833,-9.98526001,0.725570679,0.042755127,-0.272979736,-0.116165161
1.704818726,-9.623947144,1.43862915,-0.095291138,-0.388442993,0.103118896
2.49206543,-8.566329956,2.163650513,-0.103225708,-0.473342896,0.207565308
3.267333984,-8.365325928,2.960464478,-0.103225708,-0.473342896,0.207565308
2.819869995,-9.300918579,2.79296875,0.078186035,-0.527099609,0.070739746
2.381988525,-10.34179688,1.689880371,0.170425415,-0.492889404,0.018829346
2.757659912,-11.09074402,0.235046387,-0.105072021,-0.627288818,0.232009888
1.245407104,-15.15615845,-0.84173584,-0.105072021,-0.627288818,0.232009888
-3.394287109,-11.37071228,-2.064468384,-0.098342896,-0.509384155,-0.124725342
-1.259887695,-7.06602478,0.247009277,-0.563812256,-0.632171631,-0.039199829
-0.707138062,-6.412780762,1.115600586,-0.331085205,-0.541763306,-0.03553772
-0.412826538,-9.626342773,0.677703857,0.58215332,-0.644393921,0.065856934
-0.147216797,-13.01219177,0.065155029,0.22052002,-0.471511841,0.265609741
-0.44631958,-10.87539673,0.371429443,0.22052002,-0.471511841,0.265609741
