10.40512085,-1.076782227,0.113006592,0.23210144,0.106964111,0.05241394
11.39814758,-2.187057495,0.235046387,0.265106201,0.043441772,0.096389771
12.10881042,-1.83052063,0.452789307,0.4324646,-0.007888794,0.031646729
11.66136169,-1.909484863,0.481506348,0.351837158,0.160705566,-0.295761108
10.64680481,-2.28755188,0.476715088,0.288314819,0.247451782,-0.474121094
9.945709229,-2.158340454,0.105819702,0.582748413,0.186386108,-0.536437988
9.869125366,-2.340194702,-0.293777466,0.758666992,-0.003005981,-0.612182617
9.608322144,-3.428924561,-0.406234741,0.663391113,-0.127593994,-0.684280396
9.912200928,-3.373901367,0.211105347,0.463027954,-0.379272461,-0.520568848
9.323562622,-2.794830322,0.991165161,0.22845459,-0.368270874,-0.537658691
8.39755249,-3.333221436,0.907424927,-0.234558105,-0.059173584,-0.546218872
8.050582886,-3.457641602,1.211303711,-0.40071106,-0.006652832,-0.329971313
7.818481445,-3.65145874,1.015106201,-0.041534424,-0.218002319,-0.134490967
8.409515381,-3.534210205,1.022277832,0.015884399,-0.265655518,0.126937866
8.871322632,-3.567718506,0.895462036,-0.076965332,-0.298629761,0.290649414
9.459960938,-3.457641602,1.340530396,-0.302978516,-0.181350708,0.459243774
9.366638184,-3.223144531,0.660964966,-0.392166138,-0.007888794,0.544769287
9.720779419,-2.859436035,0.352279663,-0.367736816,-0.172790527,0.715820313
10.22566223,-2.148773193,-0.260269165,-0.318862915,-0.198440552,0.746353149
11.82885742,-3.012588501,-1.102554321,-0.298095703,-0.365829468,0.62663269
13.08508301,-5.015380859,-0.133453369,-1.196060181,-0.261978149,0.503219604
10.19694519,-1.349563599,1.565444946,-2.192993164,0.43560791,0.585083008
9.704025269,0.344543457,0.598754883,-0.945602417,0.413604736,0.448242188
9.488677979,-1.313674927,-1.614608765,1.047012329,-0.348724365,-0.077072144
9.168029785,-1.536209106,-2.669845581,0.795333862,-0.325515747,-0.155273438
8.696655273,-1.021759033,-1.882614136,-0.869857788,0.343978882,-0.279876709
7.593551636,-1.911880493,-0.372741699,-1.007919312,0.289001465,-0.56942749
7.313598633,-2.450271606,-0.176528931,-0.322525024,0.120407104,-0.490005493
7.799346924,-2.299514771,-0.454101563,-0.124603271,0.071533203,-0.289642334
8.098449707,-2.043487549,-0.439743042,-0.179580688,0.201034546,-0.290878296
8.031448364,-2.170303345,-0.018600464,-0.295654297,0.381835938,-0.268875122
8.270721436,-2.172698975,0.129760742,-0.034194946,0.43560791,-0.139389038
8.888076782,-2.373703003,-0.15977478,0.359176636,0.376953125,-0.005004883
10.07252502,-2.222946167,-0.219604492,0.533889771,0.362304688,0.118392944
11.70204163,-3.232727051,-0.60484314,0.539993286,0.406280518,0.101287842
13.51100159,-4.041488647,-0.279418945,0.375061035,0.303665161,0.253997803
13.34829712,-2.773300171,0.352279663,0.375061035,0.292663574,0.162368774
10.59416199,-2.225341797,0.180007935,0.149032593,0.541900635,-0.218780518
9.017288208,-2.878585815,-0.042526245,0.32862854,0.359863281,-0.254226685
8.986175537,-2.735015869,0.191970825,0.851531982,-0.147140503,-0.056304932
8.328155518,-2.52204895,0.2996521,0.789230347,-0.233886719,-0.072189331
7.947692871,-2.756546021,0.553283691,0.394607544,-0.197235107,-0.006210327
8.505218506,-2.737411499,0.893066406,0.327407837,-0.279098511,0.118392944
8.627258301,-3.072402954,1.050994873,0.250427246,-0.343841553,0.103729248
8.009902954,-3.524642944,0.775817871,-0.080627441,-0.230209351,0.11227417
8.61529541,-3.773498535,1.594161987,-0.138046265,-0.32673645,0.333404541
9.05078125,-3.371505737,1.029449463,-0.03175354,-0.38659668,0.48979187
9.818878174,-3.259048462,1.103637695,-0.10017395,-0.43057251,0.51789856
10.14909363,-3.165725708,0.761459351,-0.24067688,-0.341400146,0.476364136
10.45059204,-2.75894165,0.196746826,-0.254119873,-0.353607178,0.401824951
11.86953735,-4.398025513,-0.638336182,-0.322525024,-0.43057251,0.210021973
12.83862305,-6.776489258,1.103637695,-1.317016602,-0.260772705,0.174575806
10.13952637,-1.658248901,2.479507446,-1.544250488,0.302429199,0.469009399
10.17781067,-1.313674927,-0.39906311,0.537536621,-0.067733765,0.183135986
8.871322632,-2.926437378,-2.43057251,1.484390259,-0.518554688,-0.438705444
8.428649902,-2.737411499,-3.023986816,-0.17225647,0.219360352,-0.387390137
7.581588745,-2.646484375,-1.473434448,-1.004257202,0.363525391,-0.555984497
6.801528931,-2.99822998,-0.784301758,-0.199142456,0.007995605,-0.592636108
7.103027344,-2.550765991,-1.660079956,-0.013427734,0.069091797,-0.392272949
7.344711304,-2.675186157,-1.633758545,-0.282211304,0.106964111,-0.389831543
7.70362854,-2.620162964,-0.726882935,-0.456924438,0.165588379,-0.294540405
8.294662476,-2.514877319,-0.334457397,-0.376281738,0.236465454,-0.16015625
8.761260986,-2.182266235,-0.219604492,-0.236999512,0.29510498,-0.099060059
9.014892578,-2.383270264,-0.006637573,-0.212585449,0.381835938,-0.070968628
9.567642212,-2.08895874,0.120178223,-0.009780884,0.395278931,0.122055054
10.33334351,-1.572097778,-0.210021973,0.257781982,0.422164917,0.141601563
11.35986328,-2.890548706,-0.475631714,0.152709961,0.477142334,0.067077637
13.33872986,-3.852462769,0.426467896,0.124603271,0.262130737,0.311416626
12.48687744,-1.746780396,0.675323486,0.399490356,0.236465454,0.230789185
10.55348206,-2.08416748,0.615493774,0.249221802,0.361068726,-0.140594482
9.5078125,-3.294937134,0.28767395,0.576644897,0.12651062,-0.143035889
9.165649414,-2.74937439,0.127365112,0.921173096,-0.181350708,0.051193237
8.38079834,-2.462234497,0.388183594,0.533889771,-0.095825195,-0.022094727
8.026657104,-2.555557251,0.897857666,0.299316406,-0.059173584,0.004776001
8.416687012,-2.684768677,0.680099487,0.619400024,-0.266860962,0.048751831
8.431045532,-2.926437378,0.438430786,0.524108887,-0.334060669,0.051193237
8.622467041,-3.160934448,0.553283691,0.136825562,-0.304748535,0.104949951
9.010116577,-3.924240112,0.756668091,-0.202789307,-0.277862549,0.129379272
9.124969482,-4.046279907,1.043807983,-0.290771484,-0.323074341,0.296768188
9.660949707,-3.192047119,0.98399353,-0.234558105,-0.353607178,0.484893799
9.483886719,-2.668014526,0.538925171,-0.260223389,-0.348724365,0.431152344
10.62765503,-2.7421875,-0.226776123,0.11605835,-0.560089111,0.392059326
13.96325684,-6.84588623,-0.506729126,-0.255325317,-0.660263062,0.291870117
11.10861206,-3.570114136,2.565643311,-1.848464966,0.190032959,0.339523315
10.09405518,-0.815963745,1.496063232,-0.49357605,0.287780762,0.355407715
9.443206787,-2.847473145,-1.707931519,1.916885376,-0.682266235,-0.277435303
8.569824219,-2.651260376,-2.813415527,0.873519897,-0.292526245,-0.433822632
7.892654419,-2.388061523,-1.920898438,-1.197296143,0.538238525,-0.603637695
6.634033203,-3.606002808,-0.174133301,-1.078781128,0.359863281,-0.812545776
6.56703186,-3.548568726,-0.501953125,-0.183258057,0.170501709,-0.463150024
7.646194458,-2.852264404,-1.195861816,-0.078186035,0.124053955,-0.254226685
7.806518555,-3.050872803,-0.631164551,-0.428833008,0.231567383,-0.257888794
8.500442505,-2.857040405,-0.116699219,-0.434921265,0.343978882,-0.056304932
8.885681152,-2.122451782,-0.126281738,-0.130722046,0.340301514,0.043869019
8.81628418,-2.175094604,-0.367950439,0.006103516,0.379394531,0.075622559
9.440811157,-1.806594849,-0.559371948,0.271224976,0.299987793,0.201461792
10.08927917,-1.335205078,-0.891983032,0.361618042,0.320770264,0.155044556
10.76882935,-1.935806274,-0.688583374,-0.024429321,0.427047729,0.05607605
12.64241028,-4.022354126,0.208724976,-0.150253296,0.297546387,0.13671875
13.03244019,-2.833114624,1.070129395,0.105056763,0.137496948,0.304092407
11.09425354,-1.61756897,0.871536255,0.169799805,0.290222168,-0.002548218
9.347503662,-2.76373291,0.577209473,0.258987427,0.216918945,-0.176040649
9.51020813,-3.177688599,0.893066406,0.784347534,-0.224121094,0.018218994
9.297241211,-2.447875977,1.015106201,0.92237854,-0.349945068,0.027984619
8.61769104,-2.500518799,1.345306396,0.530212402,-0.176467896,-0.086837769
8.14630127,-2.842697144,1.031845093,0.521652222,-0.174026489,-0.033096313
8.536331177,-2.720657349,0.53414917,0.745254517,-0.435455322,0.090286255
8.543502808,-2.589050293,1.146697998,0.527770996,-0.518554688,0.067077637
8.352081299,-2.785263062,0.218292236,0.118499756,-0.209442139,0.042633057
8.682296753,-3.376296997,1.610916138,0.18812561,-0.517318726,0.186813354
9.168029785,-3.239898682,0.96484375,0.379943848,-0.588180542,0.35295105
9.105819702,-2.97428894,0.495849609,0.274871826,-0.545425415,0.302871704
9.206314087,-3.524642944,-0.355987549,-0.036636353,-0.39515686,0.24911499
11.86235046,-7.226348877,-0.262664795,-0.417831421,-0.531982422,0.174575806
10.53672791,-7.597229004,2.345504761,-1.936431885,0.131393433,0.185577393
10.02227783,-3.723251343,3.534744263,-2.039047241,0.731277466,0.996810913
10.59893799,-2.407196045,0.823669434,0.850311279,0.001907349,0.776885986
8.900039673,-3.388259888,-1.74382019,2.338378906,-0.550308228,0.082962036
8.064941406,-2.711090088,-3.023986816,0.871078491,0.210800171,0.062194824
7.411697388,-2.024337769,-2.289382935,-0.669494629,0.599319458,-0.130828857
7.193954468,-2.737411499,-0.736450195,-0.620635986,0.290222168,-0.216339111
7.552886963,-2.699127197,-0.61680603,-0.248001099,0.225479126,-0.06362915
8.337722778,-2.682373047,-0.243530273,-0.228469849,0.171707153,-0.002548218
8.950286865,-2.766113281,0.000549316,-0.098953247,0.22668457,0.003540039
8.823471069,-2.641693115,-0.664657593,0.124603271,0.273117065,-0.006210327
9.278106689,-2.282775879,-0.525878906,0.111160278,0.209594727,0.031646729
10.08209229,-2.392837524,0.06036377,0.14781189,0.196151733,-0.03553772
10.42666626,-2.490951538,0.361862183,0.193008423,0.282897949,-0.108840942
11.30722046,-3.476791382,-0.523483276,0.260223389,0.319534302,-0.132049561
13.06115723,-4.216171265,-0.030563354,0.037857056,0.150939941,-0.006210327
12.44859314,-2.641693115,0.665740967,0.090393066,0.12651062,-0.13571167
10.19454956,-2.179885864,0.52696228,0.155151367,0.227920532,-0.538894653
9.397750854,-2.950363159,0.469528198,0.373840332,0.016555786,-0.632949829
9.304428101,-3.816574097,0.756668091,0.696365356,-0.365829468,-0.507125854
9.000534058,-3.546173096,1.22328186,0.739135742,-0.544204712,-0.351959229
8.227661133,-3.170501709,1.18977356,0.349395752,-0.318191528,-0.361724854
7.92616272,-3.340393066,1.110809326,0.189361572,-0.302307129,-0.31652832
8.124771118,-3.713684082,1.328552246,0.329849243,-0.47946167,-0.265228271
7.694061279,-3.768707275,1.445800781,0.095275879,-0.307189941,-0.257888794
7.308807373,-4.376495361,1.067733765,-0.155151367,-0.154464722,-0.133270264
8.201339722,-4.206604004,1.560668945,-0.134384155,-0.325515747,0.167251587
9.002929688,-3.830932617,1.42666626,-0.014663696,-0.336502075,0.288208008
9.424072266,-4.015167236,0.615493774,-0.235794067,-0.170349121,0.227111816
11.96763611,-7.719268799,0.146499634,-0.565658569,-0.272979736,0.238113403
10.15626526,-7.874801636,2.204330444,-1.689651489,0.205917358,0.32119751
9.51739502,-4.414779663,3.113601685,-1.663970947,0.534561157,1.335220337
11.30003357,-2.199020386,0.412109375,1.379318237,-0.240005493,1.476959229
9.000534058,-2.361740112,-2.720092773,2.514297485,-0.572296143,0.423828125
9.215896606,-2.170303345,-3.545623779,0.024414063,0.431930542,0.338302612
7.579208374,-2.096130371,-1.980712891,-1.60899353,0.822891235,-0.062408447
7.02406311,-2.720657349,-0.547409058,-0.91506958,0.357421875,-0.16015625
7.737121582,-2.426345825,-0.779510498,-0.53755188,0.282897949,0.076843262
8.37840271,-2.54119873,-0.549804688,-0.403152466,0.103286743,0.063400269
8.883285522,-2.450271606,0.096252441,-0.397064209,0.163146973,0.079284668
8.801940918,-2.421554565,-0.111923218,-0.239440918,0.245010376,0.057296753
9.117782593,-2.220550537,0.05317688,-0.046417236,0.190032959,0.041427612
9.7447052,-2.395233154,0.325973511,0.09161377,0.236465454,-0.006210327
10.24958801,-2.438308716,0.0675354,0.295639038,0.259689331,-0.055084229
10.61569214,-2.400024414,-0.260269165,0.280990601,0.297546387,-0.171142578
11.7427063,-3.42175293,-0.102355957,0.042739868,0.315872192,-0.218780518
13.31718445,-3.708892822,0.940917969,0.250427246,-0.083618164,-0.042861938
12.66633606,-1.366317749,1.484085083,0.805114746,-0.197235107,-0.255432129
10.48648071,-2.230133057,0.206329346,0.692718506,0.018997192,-0.862640381
9.9480896,-3.596435547,0.53175354,0.548538208,-0.143478394,-0.906616211
9.51739502,-3.352355957,1.170639038,1.07144165,-0.553970337,-0.779556274
8.579406738,-3.079574585,1.074920654,0.977355957,-0.51121521,-0.742904663
8.294662476,-3.192047119,1.225662231,0.689041138,-0.445251465,-0.637832642
8.067337036,-3.713684082,1.079711914,0.723251343,-0.520996094,-0.559661865
7.68687439,-4.031921387,1.117996216,0.576644897,-0.594284058,-0.420379639
7.820877075,-3.902709961,1.555877686,0.240661621,-0.518554688,-0.218780518
7.792160034,-4.35017395,1.64440918,0.032974243,-0.404922485,-0.081954956
8.076904297,-4.290344238,1.89805603,-0.144165039,-0.316955566,0.174575806
8.196548462,-4.0965271,1.615692139,-0.032989502,-0.220443726,0.288208008
8.572219849,-4.101318359,0.773422241,-0.045196533,-0.132476807,0.385940552
10.29266357,-5.472396851,-0.059280396,-0.136825562,-0.14225769,0.382278442
11.59436035,-9.032928467,0.866744995,-1.110549927,0.025115967,0.432357788
9.179992676,-5.393432617,2.395751953,-2.216217041,0.6640625,1.137313843
12.0896759,-1.947769165,1.651596069,-0.715911865,0.444168091,1.977844238
11.18518066,-1.744384766,-1.272445679,1.639541626,-0.375595093,0.927154541
9.519775391,-1.686950684,-2.523880005,1.430618286,-0.257095337,0.399383545
8.469329834,-1.710891724,-3.081420898,-0.645065308,0.84854126,0.22467041
7.287277222,-2.0650177,-1.75100708,-1.317016602,0.785018921,-0.014770508
7.000137329,-2.601013184,-0.951797485,-0.949279785,0.350082397,0.004776001
8.069732666,-2.517272949,0.007720947,-0.70614624,0.18270874,0.178253174
8.486083984,-2.907302856,0.321182251,-0.530227661,0.176589966,0.199020386
8.943115234,-2.560333252,0.455184937,-0.161254883,0.136291504,0.29309082
8.990966797,-1.983673096,0.151290894,0.045181274,0.230361938,0.202697754
9.335540771,-2.299514771,-0.013809204,0.089172363,0.292663574,0.069519043
9.787780762,-1.986053467,-0.305740356,0.293197632,0.281661987,-0.048980713
10.7855835,-2.254058838,-0.253097534,0.208892822,0.307327271,-0.279876709
12.87690735,-4.996231079,-0.224380493,-0.219909668,0.357421875,-0.38861084
13.84121704,-3.900314331,1.232849121,-0.136825562,0.117965698,-0.209014893
11.2593689,-2.371307373,1.400344849,0.157592773,0.22303772,-0.623184204
9.974411011,-3.493545532,0.632247925,0.515563965,0.032440186,-0.735580444
10.33094788,-3.641891479,0.995956421,1.198486328,-0.582077026,-0.542541504
9.663345337,-2.9790802,1.055770874,1.211929321,-0.578414917,-0.636627197
8.476516724,-3.349975586,0.902633667,0.498443604,-0.192352295,-0.783233643
7.873519897,-3.88835144,1.165847778,0.245544434,-0.171585083,-0.707489014
7.990768433,-4.046279907,1.546310425,0.547317505,-0.484344482,-0.537658691
7.756271362,-4.055847168,1.519989014,0.454467773,-0.456222534,-0.453353882
7.670135498,-4.522445679,1.462554932,0.09161377,-0.343841553,-0.311645508
7.648590088,-4.582275391,1.445800781,-0.084289551,-0.325515747,-0.100280762
7.751480103,-4.615768433,1.764053345,-0.35307312,-0.236328125,0.089065552
7.916595459,-4.431518555,1.610916138,-0.438598633,-0.08605957,0.273544312
8.282684326,-4.80241394,0.895462036,-0.42515564,-0.049407959,0.47756958
10.80950928,-6.498916626,0.122573853,-0.388504028,-0.195999146,0.7109375
10.45776367,-7.75994873,0.826065063,-1.21194458,-0.066497803,0.770797729
12.09924316,-5.146972656,2.094268799,-1.403747559,0.064208984,1.704177856
12.32177734,-1.730026245,0.129760742,0.553421021,-0.208236694,1.640640259
10.3500824,-1.098327637,-2.495178223,1.462387085,-0.286422729,0.874633789
9.905029297,-1.598419189,-3.416412354,0.521652222,0.092300415,0.482452393
8.136734009,-1.438110352,-2.344421387,-0.508224487,0.357421875,0.048751831
6.770431519,-2.184661865,-1.51651001,-0.704940796,0.301223755,-0.255432129
6.80871582,-2.534011841,-0.688583374,-0.670730591,0.064208984,-0.22857666
7.70362854,-2.75177002,0.258972168,-0.648727417,0.042205811,-0.20413208
8.189376831,-3.184860229,0.814102173,-0.645065308,0.172943115,-0.246902466
7.950088501,-3.141799927,0.830856323,-0.588867188,0.439285278,-0.237106323
7.883087158,-3.333221436,0.663360596,-0.313980103,0.505233765,-0.130828857
9.144104004,-3.43850708,0.644210815,0.175918579,0.376953125,0.086624146
10.421875,-3.20161438,-0.056884766,0.615737915,0.308547974,0.173370361
12.0561676,-3.627532959,-0.38710022,0.502120972,0.356185913,0.076843262
12.97502136,-4.469802856,-0.214813232,0.298080444,0.325653076,-0.020874023
12.73094177,-3.335617065,0.596359253,0.427581787,0.152175903,-0.085632324
10.88847351,-2.096130371,0.610717773,0.605957031,0.212036133,-0.442352295
10.06533813,-2.873794556,-0.020996094,0.817321777,0.034881592,-0.701370239
9.627456665,-3.740005493,0.359466553,0.896728516,-0.304748535,-0.791778564
8.864151001,-3.847671509,1.050994873,0.598632813,-0.294967651,-0.769790649
7.813705444,-3.823745728,0.995956421,0.260223389,-0.111709595,-0.684280396
7.93812561,-3.680175781,1.280700684,0.257781982,-0.255859375,-0.424026489
8.409515381,-3.529434204,1.44102478,0.563201904,-0.500228882,-0.309204102
8.033843994,-3.799819946,1.42427063,0.351837158,-0.453781128,-0.277435303
8.024261475,-4.264022827,1.338134766,0.058624268,-0.37437439,-0.121047974
7.947692871,-4.529632568,1.141921997,-0.029312134,-0.420806885,0.054855347
8.39755249,-4.651657104,1.479309082,-0.270004272,-0.4427948,0.286987305
8.775619507,-4.278381348,1.673126221,-0.346969604,-0.369491577,0.399383545
8.701431274,-4.149169922,1.340530396,-0.386062622,-0.304748535,0.447036743
11.3407135,-5.70211792,0.598754883,-0.334747314,-0.381713867,0.520339966
12.67831421,-7.680984497,1.871734619,-1.128875732,-0.229003906,0.460479736
8.813903809,-3.65145874,3.305023193,-2.067153931,0.650619507,0.70602417
9.148895264,-0.92124939,1.503234863,-0.408035278,0.700714111,1.110427856
9.459960938,-2.103302002,-1.892181396,2.123336792,-0.420806885,0.449478149
8.885681152,-2.574691772,-2.468856812,1.488037109,-0.549087524,0.054855347
9.199142456,-1.667816162,-1.444717407,-0.761123657,0.546783447,0.008422852
7.837631226,-2.794830322,-0.772338867,-1.254714966,0.697067261,-0.359283447
7.780197144,-3.402618408,0.388183594,-0.550994873,0.330535889,-0.149154663
7.811309814,-3.120254517,-0.671844482,0.366500854,0.188827515,0.078063965
8.38319397,-2.99822998,-1.145614624,0.486236572,0.039764404,0.214904785
8.813903809,-2.488555908,-1.215011597,0.419036865,0.059310913,0.230789185
8.758865356,-2.28755188,-1.217407227,0.079391479,0.208358765,0.118392944
9.062744141,-2.467010498,-0.420593262,-0.195465088,0.252334595,0.043869019
9.759063721,-2.586654663,0.07232666,-0.030548096,0.186386108,0.038986206
10.53912354,-2.218170166,0.302032471,0.032974243,0.224243164,-0.033096313
10.79994202,-2.928833008,0.706420898,-0.244354248,0.407516479,-0.220016479
12.26434326,-4.826339722,0.550888062,-0.11239624,0.284103394,-0.06362915
13.27650452,-3.137008667,1.175415039,0.48991394,-0.122711182,0.196578979
11.51060486,-1.734817505,0.31161499,0.755020142,-0.015213013,-0.348297119
10.44340515,-3.275787354,0.148895264,0.434906006,-0.026199341,-0.70993042
9.976806641,-3.967315674,0.677703857,0.724456787,-0.371932983,-0.725814819
9.266143799,-3.117858887,1.024673462,0.670715332,-0.387817383,-0.72946167
8.124771118,-3.467224121,1.108413696,0.080627441,-0.071395874,-0.861419678
8.110412598,-3.773498535,1.598953247,0.074508667,-0.2265625,-0.728256226
7.713195801,-4.139602661,1.730560303,0.467910767,-0.440338135,-0.636627197
7.26335144,-4.223342896,1.390777588,0.189361572,-0.318191528,-0.427703857
7.270523071,-4.366912842,1.65397644,-0.152709961,-0.265655518,-0.156478882
7.373413086,-4.398025513,1.756881714,-0.138046265,-0.324295044,0.153808594
7.93812561,-4.0965271,1.539123535,-0.052520752,-0.358505249,0.455596924
8.565048218,-3.900314331,0.916992188,-0.098953247,-0.325515747,0.624176025
9.139328003,-3.208786011,0.29486084,-0.206466675,-0.266860962,0.679168701
9.885879517,-3.483963013,-0.707733154,-0.312759399,-0.294967651,0.552093506
14.00393677,-8.272003174,0.30682373,-1.040908813,-0.497787476,0.539871216
10.40751648,-4.922058105,2.833648682,-2.455673218,0.425842285,0.630279541
10.92675781,-0.902114868,2.563262939,-1.178970337,0.526016235,1.285125732
11.42686462,-2.189453125,-1.272445679,2.280944824,-0.605285645,0.702377319
8.957473755,-2.261230469,-3.670043945,2.685348511,-0.718917847,0.070739746
7.962051392,-1.055252075,-3.739440918,-0.250442505,0.510131836,-0.0440979
6.945098877,-2.124847412,-1.5284729,-1.554031372,0.666503906,-0.507125854
6.445007324,-3.263824463,0.148895264,-0.961486816,0.246246338,-0.558425903
7.564849854,-3.464828491,0.474319458,-0.375061035,0.127731323,-0.149154663
8.3855896,-3.393035889,0.620285034,-0.152709961,0.171707153,-0.029418945
8.581787109,-3.326034546,0.51499939,0.074508667,0.256011963,0.067077637
8.464538574,-2.885757446,-0.547409058,0.425140381,0.319534302,0.100067139
9.093856812,-2.785263062,-1.181518555,0.408050537,0.29510498,0.101287842
9.641815186,-2.54359436,-0.518707275,-0.036636353,0.383071899,-0.023330688
9.582000732,-2.670410156,0.225463867,-0.441040039,0.657943726,-0.150375366
10.38119507,-3.665817261,0.232650757,-0.348190308,0.610321045,-0.074630737
13.03962708,-5.075195313,0.658569336,-0.070846558,0.204711914,0.297973633
13.02526855,-2.230133057,1.036636353,0.342071533,0.142379761,0.470245361
10.91958618,-1.445281982,0.160858154,0.398269653,0.273117065,-0.073410034
10.31419373,-3.163330078,0.05317688,0.56930542,-0.043289185,-0.307983398
10.37640381,-3.369110107,0.684890747,0.891845703,-0.434249878,-0.256668091
9.495849609,-2.632125854,0.928955078,0.615737915,-0.319396973,-0.362960815
8.641616821,-3.134613037,1.347702026,0.194244385,-0.127593994,-0.490005493
8.490859985,-3.369110107,1.515197754,0.38482666,-0.253417969,-0.461914063
8.488479614,-3.591644287,1.493667603,0.536331177,-0.398803711,-0.520568848
7.954879761,-4.280776978,1.508026123,0.217453003,-0.281539917,-0.549880981
7.737121582,-4.584671021,1.484085083,0.047637939,-0.252212524,-0.361724854
8.179794312,-4.670806885,1.706619263,-0.007339478,-0.325515747,-0.102722168
8.131942749,-4.742599487,1.709014893,-0.091629028,-0.316955566,0.078063965
8.60093689,-4.11807251,1.517593384,-0.11605835,-0.291305542,0.280883789
8.629653931,-3.63949585,0.558074951,-0.139282227,-0.227767944,0.296768188
9.268539429,-4.055847168,-0.123886108,-0.398269653,-0.233886719,0.302871704
12.85058594,-8.236114502,0.424072266,-0.847869873,-0.393920898,0.418914795
10.38598633,-6.314682007,2.513000488,-1.893661499,0.160705566,0.652282715
9.890670776,-1.581680298,2.137329102,-0.66217041,0.336639404,1.382858276
9.646606445,-1.732421875,-1.899353027,2.061035156,-0.501434326,0.836761475
8.127151489,-2.335418701,-3.526473999,1.674957275,-0.555206299,0.318740845
8.3855896,-1.509887695,-2.528671265,-0.632843018,0.290222168,0.262557983
7.452377319,-2.091339111,-0.726882935,-1.335342407,0.39163208,-0.221221924
7.093460083,-3.026931763,0.483886719,-1.032348633,0.25112915,-0.250549316
8.014694214,-2.660842896,0.498245239,-0.527786255,0.276779175,-0.020874023
8.416687012,-2.883361816,-0.080810547,-0.372619629,0.292663574,-0.046539307
8.763641357,-2.462234497,0.52456665,-0.378738403,0.380630493,-0.015975952
8.433441162,-2.421554565,0.146499634,-0.2003479,0.566329956,-0.106399536
9.249389648,-2.720657349,-0.140640259,0.133148193,0.43560791,-0.080734253
9.548492432,-3.141799927,0.089080811,0.276107788,0.433166504,-0.156478882
10.57023621,-4.261627197,0.218292236,0.062301636,0.516235352,-0.106399536
13.14968872,-5.69972229,0.191970825,0.074508667,0.324432373,0.120834351
13.54211426,-3.601211548,1.393157959,0.133148193,0.240127563,0.219787598
11.35986328,-2.30670166,1.175415039,0.271224976,0.428283691,-0.20413208
10.08448792,-2.885757446,-0.011428833,0.789230347,0.136291504,-0.391052246
9.692062378,-2.651260376,0.488677979,0.941940308,-0.260772705,-0.410614014
8.711013794,-2.538803101,0.51739502,0.659713745,-0.150802612,-0.493682861
8.531539917,-2.825942993,0.847595215,0.464233398,-0.224121094,-0.463150024
8.330551147,-3.294937134,0.596359253,0.571746826,-0.39515686,-0.415496826
8.842605591,-3.278182983,1.079711914,0.395828247,-0.527084351,-0.294540405
8.309005737,-3.921859741,1.323776245,0.13192749,-0.484344482,-0.382492065
8.151092529,-4.582275391,1.670730591,-0.124603271,-0.456222534,-0.226135254
8.512405396,-4.529632568,1.854980469,-0.107513428,-0.551528931,0.030426025
8.196548462,-4.302307129,1.869338989,-0.278549194,-0.41104126,0.087844849
8.084091187,-4.534423828,1.723373413,-0.398269653,-0.315734863,0.208786011
8.184585571,-3.859634399,1.297454834,-0.163696289,-0.379272461,0.427474976
9.299636841,-4.230529785,0.213500977,-0.166137695,-0.360946655,0.447036743
12.21170044,-7.7240448,0.916992188,-0.789230347,-0.45866394,0.470245361
9.30682373,-4.127639771,3.020278931,-1.67376709,0.21812439,0.712142944
10.76165771,-1.349563599,1.385986328,-0.084289551,0.209594727,1.259475708
11.19714355,-2.794830322,-1.940032959,2.265060425,-0.661483765,0.411590576
9.582000732,-3.022155762,-2.672241211,0.972473145,-0.280303955,-0.074630737
8.208511353,-2.266021729,-1.442337036,-1.108108521,0.769134521,-0.20413208
6.57182312,-3.148971558,-0.757980347,-0.972488403,0.606643677,-0.419143677
6.303833008,-3.586853027,-0.623977661,-0.064743042,0.128952026,-0.218780518
7.162857056,-2.883361816,-0.645523071,-0.111175537,0.170501709,-0.020874023
7.552886963,-3.381072998,-0.047317505,-0.338409424,0.281661987,-0.03553772
8.041015625,-3.426544189,0.203933716,-0.153930664,0.292663574,0.115936279
8.727752686,-2.902511597,0.096252441,-0.01222229,0.325653076,0.269882202
9.347503662,-2.553161621,0.017288208,0.114822388,0.345199585,0.326080322
10.06056213,-2.206207275,-0.16696167,0.262664795,0.353744507,0.274765015
11.34790039,-2.773300171,-0.293777466,0.219894409,0.337860107,0.108612061
13.83642578,-5.156555176,0.261352539,-0.097732544,0.203475952,0.076843262
13.62347412,-3.225540161,1.108413696,-0.057418823,0.235244751,0.021865845
11.18518066,-2.54119873,1.299850464,-0.142929077,0.402603149,-0.497360229
9.938522339,-3.498321533,0.794952393,0.172241211,0.307327271,-0.610961914
9.658569336,-3.20640564,0.816497803,0.807556152,-0.183792114,-0.474121094
8.959854126,-2.703903198,0.75189209,0.850311279,-0.260772705,-0.58164978
7.993164063,-3.378677368,0.553283691,0.393371582,-0.092163086,-0.698928833
8.031448364,-3.766326904,0.943313599,0.317642212,-0.276657104,-0.531555176
8.131942749,-3.936203003,1.077316284,0.366500854,-0.436691284,-0.403259277
7.995559692,-4.211380005,1.464950562,-0.014663696,-0.369491577,-0.32019043
7.916595459,-4.546386719,2.108612061,-0.28465271,-0.309631348,-0.199249268
7.634231567,-4.620559692,2.35269165,-0.204025269,-0.33039856,0.037750244
8.105621338,-4.32862854,1.785583496,0.221130371,-0.463577271,0.382278442
8.364044189,-3.814178467,1.003128052,0.218688965,-0.431808472,0.519104004
9.237426758,-3.287750244,0.29246521,-0.107513428,-0.312072754,0.582641602
9.833236694,-3.625137329,-0.336853027,-0.379943848,-0.286422729,0.403045654
13.67132568,-8.580673218,0.727966309,-1.149642944,-0.447692871,0.379837036
10.13233948,-4.800018311,2.869537354,-2.128234863,0.329315186,0.522781372
9.713592529,-1.095932007,1.606124878,-0.656051636,0.351303101,1.017578125
10.52236938,-2.878585815,-1.664855957,2.106246948,-0.739685059,0.550872803
9.459960938,-2.409591675,-2.954589844,1.827682495,-0.703033447,0.230789185
8.009902954,-1.311279297,-2.071640015,-0.687820435,0.489349365,-0.097839355
6.588577271,-2.632125854,-0.911117554,-1.2681427,0.572433472,-0.491241455
6.143508911,-3.314071655,0.244613647,-0.386062622,0.093521118,-0.411819458
7.02406311,-2.98387146,0.124969482,-0.107513428,0.161941528,-0.081954956
8.088867188,-2.737411499,0.129760742,-0.145370483,0.229125977,0.007217407
8.658370972,-2.502914429,0.421676636,-0.025650024,0.24256897,-0.002548218
8.8306427,-2.754150391,0.213500977,-0.058639526,0.457611084,-0.0440979
9.52456665,-2.876190186,0.232650757,0.094055176,0.467376709,0.018218994
10.03663635,-2.400024414,-0.056884766,0.361618042,0.440490723,0.003540039
11.6541748,-3.962524414,-0.60484314,0.246780396,0.423400879,-0.097839355
13.66415405,-4.654052734,0.617889404,-0.010986328,0.205917358,0.081726074
12.53474426,-2.435913086,1.115600586,0.172241211,0.304885864,-0.195571899
10.75447083,-3.828536987,1.117996216,0.013427734,0.394073486,-0.535217285
9.840423584,-3.926635742,0.950485229,0.543655396,0.111846924,-0.377609253
8.885681152,-3.409790039,0.909820557,0.829544067,-0.103149414,-0.287200928
7.897445679,-3.180084229,0.916992188,0.673156738,-0.097045898,-0.184570313
7.856765747,-3.129821777,0.955276489,0.96270752,-0.31451416,-0.009887695
8.062545776,-3.476791382,0.598754883,0.996917725,-0.381713867,0.144042969
8.454971313,-3.383468628,0.560455322,0.643829346,-0.441574097,0.163589478
8.299438477,-3.907501221,1.196960449,0.065963745,-0.459899902,0.034088135
8.318588257,-4.378875732,2.060760498,-0.383621216,-0.323074341,0.081726074
8.251586914,-4.613372803,2.0990448,-0.35307312,-0.320632935,0.163589478
7.997940063,-4.577484131,2.027267456,-0.301757813,-0.329177856,0.262557983
8.050582886,-4.103713989,1.230453491,-0.266326904,-0.282745361,0.401824951
8.569824219,-3.929031372,0.503036499,-0.320083618,-0.282745361,0.418914795
12.66633606,-7.913085938,0.395355225,-0.648727417,-0.553970337,0.442153931
11.48190308,-6.604202271,2.950897217,-1.808151245,-0.043289185,0.394500732
9.474319458,-2.888153076,2.907821655,-1.436752319,0.559005737,0.812332153
10.5486908,-2.845077515,-0.217208862,1.097091675,-0.004211426,0.600967407
8.722976685,-4.039108276,-2.856491089,1.910766602,-0.296188354,-0.110061646
7.24659729,-2.825942993,-2.894775391,-0.345733643,0.601760864,-0.102722168
6.344497681,-2.895339966,-1.561965942,-1.247375488,0.736160278,-0.255432129
6.389968872,-3.393035889,-0.272232056,-0.470367432,0.124053955,-0.212692261
7.349487305,-3.333221436,-0.013809204,-0.316421509,0.161941528,-0.023330688
8.495651245,-2.988647461,0.225463867,-0.348190308,0.231567383,0.034088135
8.682296753,-2.892944336,0.486282349,-0.221115112,0.235244751,0.027984619
8.895248413,-2.75177002,0.108215332,-0.08795166,0.412399292,0.074401855
9.30921936,-2.703903198,-0.284210205,0.13192749,0.357421875,0.104949951
9.694458008,-2.388061523,-0.183700562,0.197891235,0.329315186,0.06463623
9.869125366,-2.471801758,-0.236343384,0.107498169,0.406280518,-0.013534546
11.5010376,-4.084564209,-0.15977478,0.094055176,0.258453369,-0.017211914
14.5231781,-5.292938232,1.029449463,0.178359985,-0.187454224,0.263763428
13.29325867,-2.136810303,1.302230835,0.4324646,0.034881592,-0.034301758
11.14689636,-3.43850708,0.727966309,0.04397583,0.334197998,-0.783233643
9.857162476,-4.809585571,0.828460693,0.125823975,0.157058716,-0.91885376
8.37600708,-4.082168579,1.843017578,0.408050537,-0.104385376,-0.764907837
7.091064453,-4.173095703,0.871536255,0.564422607,-0.04208374,-0.592636108
7.473922729,-3.725646973,0.821273804,0.630401611,-0.343841553,-0.267669678
8.069732666,-3.598815918,1.249603271,0.684158325,-0.586959839,-0.257888794
8.093658447,-3.957748413,1.720977783,0.331069946,-0.451339722,-0.287200928
7.598342896,-4.235321045,1.87651062,-0.037872314,-0.238769531,-0.237106323
7.734741211,-4.431518555,2.206726074,-0.05619812,-0.283981323,-0.048980713
7.457168579,-4.56552124,2.137329102,0.06350708,-0.309631348,0.166030884
7.583984375,-4.206604004,1.740127563,0.134384155,-0.318191528,0.475128174
8.057769775,-3.991241455,1.333343506,0.114822388,-0.340164185,0.630279541
8.414291382,-4.027145386,0.457565308,0.094055176,-0.337722778,0.708465576
12.19496155,-7.173706055,-0.217208862,-0.182022095,-0.509994507,0.735351563
11.78817749,-7.688156128,2.211517334,-1.811813354,-0.141021729,0.55821228
10.20413208,-2.246871948,4.094665527,-1.832580566,0.534561157,1.252151489
11.73074341,-2.117660522,0.419281006,1.357315063,-0.020080566,0.982147217
9.75189209,-3.771102905,-3.368545532,3.038421631,-0.687149048,-0.017211914
8.115188599,-2.364120483,-4.01701355,0.586410522,0.209594727,-0.167480469
7.342315674,-2.258834839,-1.578720093,-1.554031372,0.843658447,-0.455795288
6.459365845,-3.67539978,-0.561767578,-1.08366394,0.544342041,-0.701370239
6.523971558,-4.11328125,-0.076034546,-0.487457275,0.180267334,-0.487564087
7.294448853,-4.189849854,0.440826416,-0.531448364,0.245010376,-0.256668091
7.555267334,-4.125244141,0.701644897,-0.324966431,0.26701355,-0.06362915
7.581588745,-3.448074341,0.0675354,0.056182861,0.303665161,0.147705078
8.861755371,-3.065216064,-0.090377808,0.158813477,0.25479126,0.332183838
9.737533569,-2.414382935,-0.138244629,0.386047363,0.172943115,0.258880615
11.02964783,-3.701721191,-0.14302063,0.021972656,0.309768677,0.008422852
13.9225769,-6.302719116,0.857177734,-0.522903442,0.17414856,0.123275757
13.87710571,-3.450469971,1.991363525,-0.229675293,0.109405518,0.169692993
12.03224182,-3.122650146,2.285690308,-0.135604858,0.274337769,-0.436264038
10.30462646,-3.907501221,1.089279175,0.459350586,0.230361938,-0.596298218
9.05557251,-3.785461426,0.601135254,0.880844116,-0.143478394,-0.56942749
7.897445679,-3.474395752,0.644210815,0.607177734,-0.084823608,-0.504684448
7.564849854,-3.321258545,0.459960938,0.531448364,-0.187454224,-0.375167847
7.784988403,-3.450469971,0.699249268,0.599853516,-0.469665527,-0.303085327
8.325759888,-3.582077026,1.295059204,0.416595459,-0.524642944,-0.277435303
7.878311157,-4.122848511,1.615692139,0.030532837,-0.334060669,-0.340957642
7.440414429,-4.754562378,1.716201782,-0.254119873,-0.20211792,-0.240783691
7.335128784,-4.78326416,1.979400635,-0.293212891,-0.276657104,0.023101807
7.641418457,-4.814376831,2.237838745,-0.254119873,-0.316955566,0.29309082
8.117584229,-4.292739868,1.847808838,-0.120941162,-0.287628174,0.516662598
8.608108521,-3.866821289,0.651382446,-0.061080933,-0.291305542,0.600967407
9.73034668,-4.275985718,0.227859497,-0.266326904,-0.315734863,0.560653687
12.39355469,-7.96812439,1.144317627,-1.001815796,-0.364608765,0.445800781
10.47212219,-5.869613647,2.804931641,-1.826477051,0.164382935,0.677932739
11.82646179,-2.057846069,2.221084595,-0.233352661,-0.049407959,1.313232422
11.01051331,-1.756347656,-0.982910156,2.140457153,-0.618728638,0.399383545
9.07232666,-3.170501709,-2.789489746,0.890625,0.122848511,-0.331192017
7.619873047,-2.938400269,-2.002243042,-0.880859375,0.79234314,-0.416702271
6.10043335,-3.21836853,-0.958984375,-0.632843018,0.494247437,-0.543777466
6.545501709,-3.43132019,-0.631164551,-0.195465088,0.225479126,-0.381286621
7.339920044,-3.450469971,-0.588088989,-0.317642212,0.276779175,-0.282318115
7.954879761,-3.814178467,0.385787964,-0.499679565,0.296325684,-0.249343872
7.677307129,-4.043884277,0.854782104,-0.322525024,0.348861694,-0.161361694
7.69883728,-3.539001465,0.402542114,0.042739868,0.383071899,0.139160156
8.892868042,-3.062835693,0.05557251,0.443466187,0.179031372,0.338302612
9.96723938,-2.603408813,0.247009277,0.66583252,0.065414429,0.324859619
11.69006348,-3.859634399,-0.14302063,0.543655396,0.141174316,0.161132813
14.36764526,-5.723648071,0.553283691,0.034210205,0.071533203,0.206344604
12.90322876,-3.237503052,1.302230835,-0.018310547,0.282897949,0.036529541
10.6587677,-2.828338623,1.036636353,0.056182861,0.379394531,-0.373947144
9.761459351,-3.718460083,0.115402222,0.774551392,-0.059173584,-0.460708618
9.268539429,-3.400222778,0.450393677,0.939498901,-0.422027588,-0.422821045
8.459762573,-2.99822998,0.833251953,0.505783081,-0.255859375,-0.499801636
7.856765747,-3.546173096,1.271133423,0.299316406,-0.265655518,-0.510772705
7.866333008,-3.972106934,1.094055176,0.585189819,-0.463577271,-0.304321289
8.263549805,-3.67300415,1.170639038,0.56930542,-0.61138916,-0.171142578
8.076904297,-3.663421631,1.761657715,0.161254883,-0.500228882,-0.149154663
8.299438477,-3.689743042,1.912414551,0.180801392,-0.502670288,-0.001342773
8.545898438,-3.163330078,1.835830688,0.300521851,-0.562530518,0.065856934
8.775619507,-3.180084229,1.986587524,0.107498169,-0.434249878,0.027984619
8.476516724,-3.608398438,1.840621948,-0.042755127,-0.277862549,-0.020874023
8.481292725,-3.862030029,1.481704712,-0.078186035,-0.213119507,0.036529541
9.333145142,-5.302505493,0.804534912,-0.19670105,-0.155700684,0.024307251
10.19216919,-8.537612915,1.280700684,-1.001815796,-0.082382202,0.005981445
9.079498291,-6.798019409,2.639831543,-1.875335693,0.318313599,0.574081421
10.60372925,-3.948181152,2.747497559,-0.631637573,0.179031372,1.118988037
9.447998047,-3.44090271,0.05317688,1.192398071,-0.16178894,0.565536499
9.019683838,-4.3334198,-1.260482788,0.816101074,0.219360352,0.341964722
7.909408569,-3.168121338,-2.119491577,-0.162490845,0.782577515,0.351730347
7.524169922,-2.696731567,-1.483001709,-0.364059448,0.464935303,0.22467041
7.916595459,-2.754150391,-0.982910156,-0.405593872,0.403839111,0.178253174
7.775405884,-2.699127197,-0.817810059,-0.471572876,0.380630493,0.170928955
8.088867188,-3.012588501,-0.243530273,-0.367736816,0.236465454,0.214904785
8.787582397,-2.730224609,-0.250701904,-0.131942749,0.209594727,0.291870117
9.046005249,-2.440689087,-0.348815918,-0.105056763,0.229125977,0.218582153
9.780593872,-2.701507568,0.170425415,-0.195465088,0.241363525,0.140365601
10.12516785,-2.651260376,0.476715088,-0.139282227,0.289001465,0.023101807
10.76644897,-2.675186157,0.665740967,-0.119720459,0.379394531,-0.118606567
12.67352295,-4.938796997,0.357070923,-0.109954834,0.317092896,-0.234664917
13.99674988,-4.876586914,1.050994873,-0.047637939,0.032440186,-0.061187744
11.69725037,-2.328231812,1.776016235,0.047637939,0.163146973,-0.460708618
9.806915283,-3.464828491,1.086883545,0.083068848,0.29876709,-0.852874756
9.366638184,-4.213775635,0.849990845,0.755020142,-0.252212524,-0.762466431
8.813903809,-3.42175293,1.783187866,0.968826294,-0.524642944,-0.689163208
7.593551636,-3.567718506,1.213699341,0.550979614,-0.169128418,-0.720932007
7.863952637,-3.531829834,1.407516479,0.586410522,-0.362167358,-0.523010254
8.213302612,-3.785461426,1.340530396,0.867416382,-0.599182129,-0.443588257
7.784988403,-4.039108276,1.484085083,0.469116211,-0.461135864,-0.378845215
7.729949951,-4.103713989,1.843017578,0.1355896,-0.365829468,-0.191925049
7.899841309,-4.11567688,1.850189209,0.224777222,-0.440338135,0.003540039
7.964447021,-3.883575439,1.735336304,0.167358398,-0.433013916,0.145263672
7.92376709,-3.634719849,1.682693481,0.042739868,-0.316955566,0.20513916
7.907012939,-4.074996948,1.232849121,-0.039093018,-0.238769531,0.245437622
9.845199585,-5.520263672,0.675323486,-0.106277466,-0.255859375,0.340744019
11.2258606,-8.530426025,1.543914795,-0.951721191,-0.094604492,0.290649414
9.282897949,-6.364929199,2.457977295,-1.760498047,0.413604736,0.734146118
11.05357361,-2.873794556,1.230453491,-0.175933838,0.130172729,1.362091064
10.13233948,-2.457443237,-1.193481445,1.463623047,-0.368270874,0.577758789
9.543701172,-3.132217407,-2.136245728,0.50088501,0.12651062,0.158691406
7.92137146,-2.411987305,-1.784500122,-1.044570923,0.893753052,-0.069747925
6.57661438,-3.098724365,-0.915908813,-1.065338135,0.623748779,-0.202896118
7.095855713,-3.160934448,-0.054489136,-0.613296509,0.313430786,0.032867432
7.406921387,-3.156143188,-0.140640259,-0.443481445,0.291442871,0.089065552
8.14390564,-3.460037231,0.644210815,-0.526550293,0.29510498,0.166030884
8.270721436,-3.110687256,1.022277832,-0.287094116,0.351303101,0.253997803
8.562652588,-2.687164307,0.596359253,1.53E-05,0.395278931,0.340744019
9.304428101,-2.713485718,0.153686523,0.403152466,0.231567383,0.377380371
11.0990448,-2.842697144,-0.200454712,0.71836853,0.037322998,0.330963135
14.1714325,-5.441299438,0.096252441,0.315200806,-0.026199341,0.114715576
14.33174133,-4.728240967,0.869140625,-0.277328491,0.287780762,0.05607605
12.0944519,-2.411987305,1.481704712,-0.274887085,0.374511719,-0.307983398
9.895446777,-2.474197388,1.058166504,0.288314819,0.224243164,-0.714813232
9.388168335,-3.488754272,0.014892578,0.919937134,-0.231445313,-0.740463257
8.627258301,-3.103515625,0.481506348,0.84664917,-0.456222534,-0.662277222
7.964447021,-3.239898682,0.787780762,0.42149353,-0.320632935,-0.656158447
8.122375488,-3.517471313,1.433837891,0.299316406,-0.420806885,-0.482681274
8.694259644,-3.519851685,1.718582153,0.614517212,-0.66758728,-0.334854126
8.639221191,-3.558151245,1.651596069,0.453231812,-0.624832153,-0.317749023
7.985977173,-3.768707275,1.962661743,-0.034194946,-0.437896729,-0.354400635
7.753875732,-4.161132813,2.245010376,-0.14781189,-0.369491577,-0.222457886
7.670135498,-4.409988403,2.065551758,-0.090408325,-0.369491577,-0.041641235
7.7084198,-4.398025513,2.070327759,-0.069641113,-0.359725952,0.147705078
7.773025513,-4.278381348,1.687484741,-0.025650024,-0.297424316,0.319976807
8.426254272,-4.098922729,0.907424927,0.117279053,-0.351165771,0.432357788
11.64460754,-7.592437744,0.194366455,-0.195465088,-0.385375977,0.414031982
10.2184906,-7.338806152,2.175613403,-1.716506958,0.088638306,0.431152344
10.98658752,-4.192245483,3.343322754,-1.541809082,0.418487549,1.233825684
10.79515076,-2.263626099,0.498245239,1.121536255,-0.200881958,0.957717896
9.304428101,-2.813980103,-1.822784424,1.969421387,-0.378036499,0.271102905
8.706222534,-2.773300171,-2.595672607,0.378723145,0.488143921,0.087844849
7.050384521,-2.476593018,-2.009429932,-0.647506714,0.728820801,-0.250549316
6.456970215,-3.381072998,-0.966156006,-0.68170166,0.466140747,-0.299423218
7.311203003,-3.402618408,-0.269851685,-0.558319092,0.375747681,-0.080734253
8.251586914,-3.378677368,0.414505005,-0.465484619,0.29510498,-0.012329102
8.450195313,-3.699325562,0.562850952,-0.232116699,0.332977295,0.036529541
8.325759888,-3.031723022,-0.272232056,0.010986328,0.420928955,0.177017212
8.761260986,-2.593841553,-0.549804688,0.045181274,0.357421875,0.234436035
9.74230957,-2.385665894,-0.320098877,0.215011597,0.221801758,0.24911499
10.60612488,-2.646484375,-0.403839111,0.295639038,0.191268921,0.0206604
12.28349304,-5.675796509,-0.250701904,-0.280990601,0.245010376,-0.130828857
13.53971863,-6.175888062,1.567840576,-0.558319092,0.061752319,0.125717163
11.43403625,-3.273391724,2.199539185,-0.239440918,0.078857422,0.041427612
10.22805786,-2.950363159,1.747299194,0.195449829,0.116729736,-0.282318115
9.663345337,-3.723251343,0.407318115,0.856414795,-0.176467896,-0.449707031
8.974212646,-3.177688599,0.632247925,0.596191406,-0.154464722,-0.593856812
8.14151001,-3.665817261,1.283096313,0.094055176,0.022674561,-0.755142212
7.509811401,-4.290344238,1.723373413,0.153915405,-0.028640747,-0.661056519
7.70602417,-4.342987061,1.697052002,0.596191406,-0.288864136,-0.317749023
7.48828125,-4.264022827,1.168243408,0.662155151,-0.404922485,-0.155273438
7.631835938,-4.541595459,1.577407837,0.322525024,-0.43913269,0.018218994
7.48828125,-4.56312561,1.484085083,0.262664795,-0.4427948,0.181900024
7.966842651,-4.311889648,1.496063232,0.294433594,-0.5234375,0.407943726
8.584182739,-4.275985718,1.352493286,0.14781189,-0.529541016,0.500778198
8.754074097,-4.019958496,1.127563477,-0.191818237,-0.346282959,0.473922729
8.61050415,-3.948181152,0.634643555,-0.345733643,-0.265655518,0.411590576
9.213500977,-3.962524414,0.034042358,-0.455688477,-0.280303955,0.393264771
13.93453979,-8.312683105,0.27571106,-0.877182007,-0.475784302,0.360290527
11.39096069,-6.967910767,3.020278931,-2.390899658,0.291442871,0.216110229
8.579406738,-1.85206604,3.46295166,-1.828918457,0.971939087,0.813552856
10.74490356,-3.483963013,-1.504547119,2.329818726,-0.321838379,0.665725708
7.043212891,-3.838104248,-4.832962036,3.165466309,-0.880172729,-0.350738525
6.79675293,-1.85206604,-3.08380127,-0.849090576,0.466140747,0.001098633
6.413894653,-2.835510254,-0.679016113,-2.25163269,0.918197632,-0.377609253
6.234436035,-3.87159729,1.091674805,-1.145965576,0.284103394,-0.383728027
7.26574707,-4.086959839,0.979202271,-0.211349487,0.15461731,-0.037979126
8.335327148,-3.823745728,0.567642212,-0.135604858,0.25112915,0.142822266
8.555465698,-3.388259888,0.577209473,0.161254883,0.268218994,0.179458618
8.658370972,-2.842697144,-0.791488647,0.4324646,0.398956299,0.250320435
9.593963623,-2.376083374,-1.262863159,0.405609131,0.328094482,0.22102356
10.02227783,-2.239700317,-0.61920166,-0.001220703,0.403839111,-0.051422119
10.92198181,-3.835708618,-0.128677368,-0.423919678,0.623748779,-0.22857666
14.2862854,-6.580276489,0.51499939,-0.323745728,0.130172729,0.096389771
14.51359558,-2.902511597,1.596557617,0.459350586,-0.10194397,0.229553223
11.43882751,-3.093933105,0.610717773,0.420257568,0.249893188,-0.695251465
10.05337524,-4.433914185,-0.061676025,0.364059448,0.191268921,-0.855316162
8.62008667,-3.775894165,0.713607788,0.676834106,-0.20211792,-0.779556274
6.849395752,-3.601211548,0.07472229,0.410491943,0.072753906,-0.775909424
6.227249146,-3.902709961,-0.375137329,0.182022095,-0.004211426,-0.512008667
7.454772949,-4.012786865,0.215896606,0.452026367,-0.473342896,-0.193130493
8.512405396,-4.326248169,0.658569336,0.357955933,-0.652938843,-0.118606567
8.711013794,-4.80480957,1.6587677,-0.395828247,-0.43913269,-0.202896118
8.225265503,-5.218765259,2.493865967,-0.862533569,-0.204559326,-0.134490967
7.892654419,-5.125442505,3.044219971,-0.788009644,-0.143478394,0.089065552
7.543304443,-4.632522583,2.78578186,-0.361618042,-0.1300354,0.351730347
8.055374146,-4.323852539,1.780807495,0.045181274,-0.277862549,0.629074097
8.730148315,-3.857254028,1.017486572,0.239456177,-0.401260376,0.732910156
10.73294067,-4.924453735,0.323577881,-0.030548096,-0.358505249,0.726791382
11.78817749,-6.072998047,2.015304565,-1.00302124,-0.194793701,0.663284302
12.78120422,-2.550765991,2.936538696,-0.758682251,0.037322998,0.996810913
13.37940979,-0.839904785,0.51260376,1.378082275,-0.248535156,0.466567993
11.04640198,-3.144180298,-2.279815674,1.604110718,0.119171143,-0.626846313
7.840011597,-3.795028687,-3.988296509,0.289535522,0.787460327,-0.867523193
5.870727539,-3.323654175,-2.755996704,-0.346969604,0.528457642,-0.763671875
5.971221924,-3.775894165,-1.74382019,-0.141723633,0.108184814,-0.580429077
6.35168457,-3.574890137,-1.612213135,-0.2003479,0.031204224,-0.477798462
7.150878906,-3.8931427,-0.664657593,-0.726913452,0.13873291,-0.439910889
7.390167236,-4.275985718,0.550888062,-0.896743774,0.194915771,-0.380050659
7.390167236,-3.936203003,1.268737793,-0.709823608,0.285339355,-0.085632324
8.127151489,-3.333221436,1.125167847,-0.167373657,0.258453369,0.236907959
9.400146484,-2.455047607,0.76385498,0.282196045,0.109405518,0.445800781
12.12316895,-4.036712646,0.675323486,0.408050537,-0.038406372,0.341964722
14.02786255,-5.211578369,1.799942017,0.024414063,0.044647217,0.420150757
12.98937988,-3.014968872,1.747299194,0.226013184,0.238922119,0.246673584
10.69944763,-2.897720337,1.113204956,0.207687378,0.414840698,-0.152816772
9.888275146,-3.670608521,0.160858154,0.670715332,0.075195313,-0.155273438
9.048400879,-2.849868774,0.249389648,0.80632019,-0.189910889,-0.152816772
7.93572998,-2.845077515,0.208724976,0.283432007,0.029998779,-0.277435303
7.507415771,-3.330825806,0.593963623,0.142929077,-0.064056396,-0.246902466
7.696456909,-3.763931274,0.641815186,0.364059448,-0.321838379,-0.095397949
8.103225708,-3.862030029,0.797348022,0.240661621,-0.4427948,-0.002548218
8.148696899,-4.524841309,1.417098999,-0.197906494,-0.38293457,0.021865845
8.215698242,-4.54876709,1.993759155,-0.331085205,-0.359725952,0.185577393
8.476516724,-4.287948608,2.168441772,-0.197906494,-0.408584595,0.36151123
8.713394165,-4.170700073,2.000946045,-0.098953247,-0.413482666,0.486129761
9.179992676,-3.340393066,1.299850464,-0.030548096,-0.38293457,0.580200195
9.148895264,-2.924041748,0.469528198,-0.298095703,-0.232650757,0.465362549
9.96723938,-3.340393066,0.07472229,-0.471572876,-0.240005493,0.313858032
12.5682373,-7.118667603,1.314208984,-1.045791626,-0.391479492,0.212463379
10.73773193,-4.33581543,2.728363037,-1.415985107,0.153381348,0.330963135
11.26654053,-3.139404297,1.362060547,0.152709961,-0.016418457,0.466567993
10.4601593,-3.728042603,-1.341827393,1.938858032,-0.47946167,-0.07585144
8.665542603,-3.797424316,-2.913909912,0.933380127,0.171707153,-0.381286621
6.890075684,-2.928833008,-2.612426758,-0.316421509,0.56022644,-0.441146851
6.095657349,-3.546173096,-1.195861816,-0.296875,0.152175903,-0.575531006
6.200942993,-3.706497192,-0.545028687,-0.158813477,0.116729736,-0.400817871
7.000137329,-3.885955811,-0.504348755,-0.155151367,0.116729736,-0.226135254
7.840011597,-3.87399292,0.352279663,-0.140487671,0.049545288,-0.155273438
7.572021484,-4.003204346,0.29006958,-0.11239624,0.330535889,-0.080734253
8.213302612,-3.519851685,-0.265060425,0.03175354,0.378189087,0.118392944
9.175216675,-2.766113281,-0.317703247,0.368942261,0.179031372,0.192901611
9.806915283,-2.900115967,-0.894378662,0.241897583,0.304885864,0.035308838
12.09207153,-5.733215332,-0.023391724,-0.612075806,0.43560791,-0.052627563
13.10900879,-5.438903809,2.046401978,-0.763565063,0.395278931,0.123275757
11.29525757,-3.948181152,2.173217773,-0.048873901,0.389190674,-0.030654907
9.536529541,-4.015167236,0.079498291,0.673156738,0.328094482,-0.037979126
9.711212158,-3.634719849,-1.040328979,1.128860474,-0.169128418,0.08052063
9.232635498,-2.98626709,-0.16696167,0.48500061,-0.279098511,-0.140594482
7.94052124,-3.615570068,0.816497803,-0.348190308,0.108184814,-0.389831543
7.330352783,-4.34777832,0.828460693,-0.276107788,0.047088623,-0.285995483
8.186981201,-3.847671509,1.161056519,0.208892822,-0.403701782,0.005981445
8.246795654,-3.682571411,1.778411865,0.029296875,-0.356048584,-0.0440979
8.000335693,-4.0965271,1.917190552,-0.223556519,-0.199676514,-0.025772095
8.136734009,-3.912277222,1.972229004,0.032974243,-0.346282959,0.163589478
8.249191284,-3.689743042,1.64201355,0.079391479,-0.381713867,0.285766602
8.584182739,-3.481567383,1.42666626,-0.145370483,-0.294967651,0.372497559
9.038818359,-3.491149902,1.225662231,-0.217468262,-0.277862549,0.366394043
9.328353882,-3.531829834,0.469528198,-0.337188721,-0.225326538,0.363952637
10.60133362,-4.378875732,-0.320098877,-0.454483032,-0.293746948,0.282089233
12.77401733,-7.298126221,1.388381958,-1.16796875,-0.364608765,0.216110229
11.04161072,-4.307098389,2.630249023,-1.413543701,0.124053955,0.454360962
11.56803894,-1.892745972,1.381195068,0.333526611,-0.064056396,0.482452393
10.55587769,-3.151367188,-1.483001709,1.850906372,-0.404922485,-0.300643921
7.665344238,-4.192245483,-3.411621094,0.784347534,0.235244751,-0.675720215
6.768035889,-3.271011353,-2.399459839,-0.367736816,0.387954712,-0.461914063
6.320571899,-3.237503052,-1.090591431,-0.18081665,0.062973022,-0.516891479
6.138717651,-3.347579956,-0.961380005,-0.134384155,0.086196899,-0.380050659
6.947494507,-3.151367188,-0.391876221,-0.164932251,0.034881592,-0.221221924
7.655776978,-3.184860229,0.208724976,-0.15637207,0.069091797,-0.155273438
7.930938721,-2.921661377,0.223068237,-0.12828064,0.271896362,-0.102722168
8.265945435,-3.244689941,0.144104004,-0.024429321,0.319534302,-0.037979126
9.663345337,-2.876190186,0.000549316,0.390930176,0.13873291,0.134277344
10.5486908,-2.29234314,-0.59765625,0.452026367,0.18270874,-0.031860352
11.55847168,-4.122848511,-0.140640259,-0.576644897,0.624969482,-0.336074829
13.30044556,-6.075393677,1.089279175,-1.007919312,0.588317871,-0.149154663
13.31480408,-4.302307129,2.168441772,-0.163696289,0.281661987,0.102508545
10.88130188,-3.347579956,0.76625061,0.38848877,0.370849609,-0.156478882
9.579605103,-3.716064453,-0.128677368,0.599853516,0.159500122,-0.106399536
8.136734009,-2.696731567,0.168045044,0.863754272,-0.132476807,-0.051422119
6.971420288,-2.428726196,-0.372741699,0.808761597,-0.103149414,-0.066070557
7.564849854,-2.699127197,-0.468444824,0.794113159,-0.406143188,-0.000106812
8.577011108,-3.21836853,0.096252441,0.647506714,-0.629730225,-0.077072144
8.404724121,-3.952957153,1.18977356,-0.173492432,-0.363388062,-0.217575073
7.828048706,-4.656448364,1.921981812,-0.690261841,-0.115371704,-0.177246094
7.694061279,-4.826339722,2.300048828,-0.66217041,-0.155700684,0.06463623
7.916595459,-4.271209717,2.295257568,-0.213790894,-0.353607178,0.340744019
8.411911011,-4.151565552,1.613311768,0.003662109,-0.400039673,0.520339966
8.524368286,-4.443481445,0.225463867,0.01222229,-0.305953979,0.600967407
9.632247925,-4.529632568,-0.83454895,-0.057418823,-0.398803711,0.673049927
12.46534729,-7.077987671,0.634643555,-0.877182007,-0.540527344,0.493453979
11.28089905,-6.015579224,1.8956604,-1.659088135,0.078857422,0.461685181
11.74749756,-3.125045776,2.225860596,-0.695144653,0.036102295,0.721908569
10.86454773,-2.833114624,-0.272232056,0.998138428,-0.189910889,0.20513916
9.785385132,-3.297332764,-2.351608276,1.122741699,0.11428833,-0.123504639
7.658157349,-1.911880493,-2.834945679,0.174682617,0.347640991,-0.327529907
6.784790039,-2.275588989,-1.136047363,-0.204025269,0.246246338,-0.566986084
5.851577759,-2.668014526,-1.423187256,-0.013427734,0.29876709,-0.574310303
6.375610352,-2.565124512,-0.774734497,-0.068405151,0.15826416,-0.398376465
7.315994263,-3.003005981,-0.341629028,-0.008544922,0.128952026,-0.360519409
8.38319397,-3.237503052,0.07711792,-0.092849731,0.265777588,-0.294540405
8.655975342,-3.610794067,0.321182251,-0.069641113,0.438049316,-0.278656006
8.912002563,-3.349975586,0.215896606,0.182022095,0.456375122,-0.138153076
9.780593872,-3.007797241,-0.3775177,0.42149353,0.414840698,-0.092956543
11.68289185,-4.493743896,-0.310531616,0.053741455,0.436813354,-0.136932373
13.46794128,-5.738006592,0.802139282,-0.315200806,0.375747681,-0.003768921
12.40791321,-3.802215576,1.263946533,-0.07208252,0.384292603,-0.067306519
10.01748657,-4.189849854,1.060562134,-0.235794067,0.562667847,-0.433822632
8.696655273,-5.127838135,0.905029297,0.032974243,0.372070313,-0.283554077
7.825668335,-3.400222778,0.622680664,0.772109985,-0.072616577,0.024307251
7.22984314,-3.369110107,-0.284210205,0.599853516,-0.037185669,0.004776001
7.607910156,-3.670608521,0.07232666,0.249221802,-0.13369751,0.095169067
8.3855896,-3.577285767,0.663360596,0.227218628,-0.341400146,0.169692993
8.699035645,-3.945785522,1.668334961,-0.179580688,-0.283981323,0.140365601
8.387969971,-4.173095703,2.142120361,-0.377502441,-0.207000732,0.24055481
8.61529541,-3.885955811,2.424468994,-0.208908081,-0.29006958,0.486129761
9.120178223,-3.230331421,2.163650513,0.057418823,-0.402481079,0.644958496
9.366638184,-3.225540161,1.390777588,0.141708374,-0.397598267,0.625396729
10.56065369,-3.457641602,0.926559448,0.102615356,-0.49899292,0.7109375
11.24261475,-3.170501709,-0.135848999,0.119720459,-0.495346069,0.543548584
9.735137939,-3.371505737,-1.349014282,-0.619400024,-0.092163086,0.162368774
11.04161072,-5.223556519,-1.069046021,-1.100769043,-0.274200439,0.142822266
11.80731201,-6.441497803,2.12059021,-1.506378174,-0.512435913,0.235671997
9.586776733,-1.758743286,3.503631592,-0.823440552,-0.098266602,0.673049927
10.65397644,-2.361740112,-0.40145874,2.040267944,-0.838638306,0.351730347
8.926361084,-2.957550049,-2.42578125,1.816696167,-0.844741821,-0.483917236
7.148498535,-2.108093262,-0.332061768,-0.951721191,0.379394531,-0.779556274
5.188766479,-3.677780151,-0.076034546,-1.03112793,0.645736694,-1.155853271
5.260559082,-4.11088562,0.359466553,-0.039093018,0.060531616,-0.827209473
6.782394409,-3.696929932,0.30921936,0.101394653,0.133850098,-0.507125854
7.710800171,-3.613174438,0.369033813,-0.109954834,0.394073486,-0.530334473
7.337524414,-4.357345581,0.062759399,-0.199142456,0.657943726,-0.494903564
8.112808228,-3.931427002,-0.449310303,0.064743042,0.606643677,-0.100280762
9.199142456,-3.409790039,-0.683807373,0.399490356,0.453933716,0.076843262
10.85975647,-3.103515625,-1.035552979,0.430023193,0.420928955,0.144042969
12.18777466,-4.043884277,-1.069046021,0.094055176,0.510131836,-0.168701172
13.4487915,-6.644882202,0.115402222,-0.872299194,0.749588013,-0.111282349
12.76205444,-4.137207031,1.362060547,-0.348190308,0.439285278,0.250320435
10.89086914,-2.622558594,0.541320801,0.542434692,0.120407104,-0.007446289
9.644210815,-3.66104126,-0.123886108,0.355514526,0.05809021,-0.139389038
8.876113892,-2.99822998,0.390579224,0.311523438,-0.150802612,-0.06362915
7.880691528,-2.383270264,0.936141968,0.052520752,-0.103149414,-0.157714844
7.46673584,-2.988647461,1.462554932,-0.153930664,-0.060409546,-0.119827271
8.074508667,-3.031723022,1.900436401,0.362838745,-0.404922485,0.103729248
8.624862671,-3.268615723,1.632446289,0.641387939,-0.564971924,0.166030884
8.713394165,-3.472000122,1.890869141,0.261428833,-0.419570923,0.148925781
8.634429932,-3.606002808,2.199539185,0.156356812,-0.385375977,0.164810181
8.498046875,-3.641891479,2.012908936,0.218688965,-0.376831055,0.245437622
8.569824219,-3.122650146,1.713806152,0.215011597,-0.345062256,0.307754517
8.763641357,-3.282974243,0.993560791,0.193008423,-0.332839966,0.26864624
9.031646729,-3.483963013,0.933746338,-0.010986328,-0.331619263,0.251556396
9.215896606,-3.302108765,0.716003418,-0.185699463,-0.215560913,0.211227417
9.687271118,-3.460037231,-0.188491821,-0.318862915,-0.160583496,0.142822266
12.83622742,-7.317276001,0.280502319,-0.748916626,-0.367050171,0.108612061
10.71618652,-5.182876587,2.35269165,-1.495376587,0.113067627,0.24055481
10.54629517,-2.364120483,1.998550415,-0.362854004,0.17414856,0.66204834
10.89804077,-3.010192871,-1.614608765,2.089141846,-0.555206299,0.266204834
9.120178223,-3.084365845,-3.698760986,1.659088135,-0.409805298,-0.207809448
7.607910156,-2.222946167,-2.373138428,-0.460571289,0.282897949,-0.38494873
6.291854858,-2.768508911,-0.975723267,-0.659729004,0.249893188,-0.667160034
5.944900513,-3.19921875,-0.571334839,-0.271209717,0.088638306,-0.558425903
7.000137329,-3.046081543,-0.312911987,-0.259002686,0.135055542,-0.349517822
7.572021484,-3.010192871,-0.078414917,-0.437362671,0.257232666,-0.349517822
7.69883728,-3.682571411,0.328353882,-0.557098389,0.407516479,-0.301879883
8.026657104,-3.548568726,0.282897949,-0.359176636,0.567550659,-0.086837769
8.655975342,-3.227935791,-0.466064453,-0.057418823,0.456375122,0.122055054
9.928955078,-2.708694458,0.029251099,0.020767212,0.351303101,0.123275757
12.03703308,-4.8072052,0.397750854,-0.311538696,0.45149231,0.003540039
13.80053711,-6.108886719,1.66116333,-0.454483032,0.31098938,0.291870117
12.71659851,-2.07220459,1.472122192,0.362838745,0.245010376,0.396942139
11.48190308,-3.137008667,1.019882202,0.207687378,0.378189087,-0.237106323
10.16345215,-4.232925415,0.76625061,0.331069946,0.287780762,-0.343414307
8.577011108,-3.180084229,0.684890747,0.580307007,0.081298828,-0.250549316
7.562454224,-3.510284424,0.541320801,0.463027954,0.01411438,-0.184570313
7.70362854,-3.584472656,0.838027954,0.64994812,-0.266860962,0.034088135
8.031448364,-3.330825806,0.570037842,0.675598145,-0.375595093,0.201461792
8.447799683,-3.562927246,0.761459351,0.245544434,-0.367050171,0.150161743
8.117584229,-4.019958496,1.603729248,-0.117279053,-0.335281372,0.063400269
8.129547119,-4.197021484,2.10383606,-0.069641113,-0.368270874,0.245437622
8.275512695,-3.854858398,1.630050659,0.324966431,-0.485549927,0.443359375
8.632049561,-3.510284424,1.048599243,0.393371582,-0.561294556,0.567977905
8.83782959,-3.139404297,0.995956421,0.393371582,-0.561294556,0.567977905
9.148895264,-2.802017212,1.072525024,-0.118499756,-0.403701782,0.553314209
9.000534058,-2.866622925,0.519790649,-0.213790894,-0.241210938,0.362731934
11.46035767,-6.070602417,0.170425415,-0.609634399,-0.298629761,0.230789185
11.21389771,-7.252670288,2.33114624,-1.712860107,0.084976196,0.128158569
8.955078125,-4.524841309,3.915206909,-1.891220093,0.662857056,0.480010986
9.495849609,-3.830932617,1.395553589,1.099533081,0.006790161,0.673049927
8.60333252,-4.76890564,-1.652893066,2.712219238,-0.524642944,0.062194824
7.722763062,-3.857254028,-2.559783936,0.794113159,0.350082397,0.019424438
6.825454712,-3.014968872,-1.344223022,-0.762359619,0.755691528,-0.177246094
6.741714478,-4.089355469,-0.013809204,-0.559539795,0.477142334,-0.267669678
7.02645874,-3.763931274,-0.540237427,-0.075744629,0.39163208,-0.061187744
7.988372803,-3.280578613,-0.935058594,0.023208618,0.24256897,0.058517456
8.655975342,-3.479187012,-0.38470459,-0.162490845,0.265777588,0.002334595
8.529144287,-3.393035889,-0.071243286,-0.259002686,0.449050903,-0.008651733
9.153671265,-3.103515625,0.07232666,-0.009780884,0.29876709,0.041427612
9.957672119,-2.892944336,0.498245239,0.166152954,0.220596313,-0.018417358
11.46992493,-2.98626709,0.550888062,0.173477173,0.237686157,-0.103942871
14.36045837,-5.489151001,0.876312256,0.073287964,0.053207397,-0.224899292
14.15707397,-4.019958496,1.567840576,-0.03175354,0.098403931,-0.267669678
11.81689453,-2.644088745,1.914794922,0.054977417,0.208358765,-0.736816406
10.44102478,-3.708892822,1.094055176,0.343292236,0.163146973,-0.965270996
9.957672119,-3.828536987,1.335739136,0.904052734,-0.441574097,-0.849197388
8.883285522,-2.754150391,1.740127563,1.145965576,-0.629730225,-0.836990356
7.421279907,-3.065216064,1.170639038,0.722015381,-0.335281372,-0.916381836
7.213104248,-3.646682739,1.464950562,0.470352173,-0.422027588,-0.706253052
7.459564209,-3.627532959,1.902832031,0.761123657,-0.706680298,-0.491241455
7.509811401,-3.737609863,1.888473511,0.620620728,-0.665145874,-0.38494873
7.48109436,-4.036712646,1.972229004,0.156356812,-0.444015503,-0.281112671
7.512207031,-4.11328125,2.455581665,-0.14781189,-0.354827881,-0.112503052
7.311203003,-3.972106934,2.611114502,-0.2162323,-0.240005493,0.030426025
7.48109436,-4.122848511,2.450790405,-0.125839233,-0.169128418,0.231994629
7.873519897,-3.751968384,1.737731934,0.140487671,-0.186233521,0.423828125
9.622665405,-4.441101074,0.53175354,0.156356812,-0.187454224,0.48979187
11.89585876,-8.736206055,0.675323486,-0.651168823,-0.233886719,0.360290527
9.249389648,-6.742996216,2.582397461,-2.458114624,0.612762451,0.772003174
10.91958618,-3.754348755,2.733139038,-1.634674072,0.778915405,1.825134277
12.06095886,-2.711090088,-0.255493164,1.731170654,-0.31451416,1.672409058
10.5869751,-3.127441406,-2.86605835,3.038421631,-0.831314087,0.826980591
8.976608276,-1.765914917,-3.418807983,0.52532959,0.389190674,0.499572754
7.536132813,-2.120056152,-1.693572998,-1.640762329,1.008590698,0.047515869
6.768035889,-3.565322876,-0.245925903,-1.694534302,0.815567017,-0.205337524
6.827850342,-3.680175781,0.603530884,-1.254714966,0.524795532,0.082962036
8.186981201,-3.481567383,1.318984985,-0.580307007,0.155822754,0.34928894
8.498046875,-3.223144531,0.787780762,-0.069641113,0.137496948,0.356613159
8.751678467,-2.847473145,0.725570679,-0.229675293,0.339096069,0.36151123
9.455169678,-2.720657349,0.778213501,-0.058639526,0.319534302,0.341964722
10.28309631,-2.134414673,0.909820557,0.345733643,0.141174316,0.256439209
11.67332458,-2.093734741,0.96723938,0.548538208,0.125289917,0.051193237
14.23843384,-5.412582397,0.086685181,0.607177734,-0.0103302,-0.289642334
14.8868866,-4.366912842,0.952880859,0.392166138,-0.165466309,-0.194366455
11.699646,-2.165527344,1.539123535,0.381164551,0.032440186,-0.90296936
9.579605103,-4.036712646,1.110809326,0.086730957,0.271896362,-1.351333618
9.361862183,-5.091949463,0.804534912,0.690246582,-0.32673645,-0.973831177
8.763641357,-3.323654175,1.539123535,1.233932495,-0.861846924,-0.856536865
8.115188599,-3.393035889,1.579803467,0.516769409,-0.420806885,-0.970153809
8.009902954,-3.802215576,1.754486084,0.163696289,-0.27053833,-0.887084961
7.761062622,-4.053451538,1.914794922,0.542434692,-0.605285645,-0.813766479
7.519378662,-4.134811401,2.197158813,0.493560791,-0.678588867,-0.643951416
7.292068481,-4.158737183,2.264160156,0.197891235,-0.4427948,-0.421585083
7.215484619,-4.321456909,2.175613403,-0.015869141,-0.33039856,-0.189483643
7.071929932,-4.208999634,2.211517334,-0.166137695,-0.274200439,0.035308838
7.449981689,-4.448272705,2.457977295,-0.127044678,-0.264419556,0.26499939
7.715591431,-4.431518555,1.802337646,-0.080627441,-0.132476807,0.469009399
8.933532715,-4.429138184,1.376419067,-0.152709961,-0.043289185,0.620513916
12.0178833,-8.65007019,0.548492432,-0.541213989,-0.07749939,0.58996582
9.548492432,-7.604400635,1.969833374,-2.029281616,0.406280518,0.804992676
10.23762512,-4.168319702,3.168640137,-1.876571655,0.700714111,1.760391235
11.99635315,-2.871398926,0.428863525,0.819763184,0.092300415,1.776275635
10.43862915,-3.395431519,-2.298965454,2.588821411,-0.506317139,0.912506104
9.244598389,-1.725234985,-3.349411011,0.812438965,0.314651489,0.58996582
7.796951294,-1.39982605,-1.887390137,-1.683532715,1.114883423,0.108612061
7.524169922,-2.754150391,0.30921936,-1.716506958,0.742248535,-0.165039063
6.899642944,-3.230331421,0.995956421,-0.972488403,0.56022644,-0.129608154
8.1534729,-3.084365845,0.854782104,-0.461807251,0.313430786,0.212463379
9.0675354,-2.75177002,1.302230835,-0.125839233,0.163146973,0.20513916
8.811508179,-2.598617554,0.651382446,-0.063522339,0.445373535,0.058517456
9.390563965,-2.562728882,0.486282349,0.024414063,0.395278931,0.062194824
10.03184509,-2.603408813,0.486282349,0.448348999,0.194915771,-0.050186157
10.61329651,-3.349975586,-0.210021973,0.327407837,0.279220581,-0.222457886
13.45118713,-6.104110718,0.330749512,-0.123397827,0.050765991,-0.143035889
13.77182007,-4.634918213,1.804733276,0.076950073,-0.105606079,0.045074463
11.14929199,-2.108093262,1.6587677,0.657272339,-0.163024902,-0.426483154
10.35966492,-3.718460083,0.98399353,0.761123657,-0.214324951,-0.818664551
10.27351379,-3.89074707,1.405136108,1.203399658,-0.781219482,-0.769790649
9.486282349,-2.598617554,1.998550415,1.363433838,-0.963256836,-0.824768066
8.433441162,-2.919265747,1.625274658,0.927261353,-0.629730225,-1.044677734
7.92855835,-3.711288452,1.582199097,0.378723145,-0.392715454,-0.953063965
7.746704102,-3.766326904,1.840621948,0.436141968,-0.506317139,-0.761230469
7.48828125,-4.010391235,1.811904907,0.38848877,-0.517318726,-0.621963501
7.02406311,-4.309494019,1.787979126,0.039093018,-0.403701782,-0.427703857
6.885284424,-4.529632568,2.027267456,-0.138046265,-0.323074341,-0.141830444
6.578994751,-4.843093872,1.665939331,0.013427734,-0.309631348,0.13671875
7.275314331,-4.948379517,1.65397644,0.007339478,-0.400039673,0.515457153
8.122375488,-4.704299927,1.560668945,-0.024429321,-0.288864136,0.735351563
9.476715088,-4.989059448,0.799743652,-0.210144043,-0.125152588,0.743911743
12.96305847,-9.669418335,1.467346191,-1.033569336,-0.272979736,0.560653687
9.242218018,-6.793243408,3.790771484,-2.405578613,0.610321045,0.696258545
10.74250793,-3.797424316,2.953292847,-1.205825806,0.799682617,1.614990234
11.75466919,-4.046279907,-0.372741699,1.842346191,-0.392715454,1.203292847
10.17062378,-3.390640259,-1.947219849,2.95413208,-0.903396606,0.585083008
9.711212158,-1.320861816,-3.294372559,0.857635498,0.55166626,0.359069824
6.899642944,-2.498123169,-2.004638672,-1.643203735,1.527832031,-0.310424805
6.456970215,-3.795028687,-1.229370117,-1.339004517,0.998825073,-0.101501465
6.952285767,-3.409790039,-0.186096191,-0.762359619,0.429489136,0.201461792
8.387969971,-2.892944336,0.890670776,-0.615753174,0.274337769,0.36151123
8.648788452,-2.74458313,1.20652771,-0.280990601,0.309768677,0.277206421
8.297042847,-3.060440063,0.175216675,0.16859436,0.286560059,0.250320435
9.500640869,-2.701507568,0.031646729,0.300521851,0.093521118,0.379837036
10.92915344,-2.093734741,0.213500977,0.503326416,-0.1300354,0.246673584
12.92955017,-4.536804199,-0.243530273,0.169799805,0.034881592,-0.265228271
14.83184814,-6.754959106,0.75428772,-0.70614624,0.109405518,-0.309204102
12.39595032,-3.87399292,2.182800293,-0.544876099,0.0703125,-0.507125854
9.816497803,-3.369110107,2.201934814,-0.018310547,0.009231567,-0.957946777
9.373825073,-4.584671021,0.895462036,0.862518311,-0.283981323,-0.850418091
9.464752197,-3.316467285,1.156280518,1.354873657,-0.822753906,-0.745346069
8.59854126,-2.706298828,1.515197754,1.004241943,-0.666381836,-0.988479614
7.591171265,-3.816574097,1.18737793,0.279754639,-0.14225769,-1.091094971
7.347091675,-4.177886963,1.283096313,0.307861328,-0.34262085,-0.801559448
7.780197144,-3.976882935,1.8956604,0.643829346,-0.720123291,-0.504684448
7.46673584,-4.039108276,1.893264771,0.315200806,-0.508758545,-0.349517822
7.421279907,-3.933822632,2.218688965,-0.04397583,-0.32673645,-0.116165161
7.203521729,-3.89074707,2.237838745,0.041534424,-0.32673645,0.062194824
7.581588745,-4.074996948,2.278503418,0.227218628,-0.373153687,0.319976807
8.220474243,-3.778289795,1.854980469,0.436141968,-0.356048584,0.515457153
8.758865356,-3.799819946,1.225662231,0.354293823,-0.176467896,0.567977905
9.438430786,-4.584671021,0.474319458,0.180801392,-0.075057983,0.417709351
11.69245911,-9.140594482,0.519790649,-0.670730591,-0.127593994,0.228347778
9.227859497,-8.205001831,1.706619263,-2.11479187,0.447814941,0.420150757
10.24002075,-5.269012451,3.144714355,-1.613891602,0.490585327,1.446395874
10.01748657,-3.574890137,0.278106689,1.233932495,-0.018875122,1.408538818
9.488677979,-3.4193573,-1.995071411,2.44833374,-0.351165771,0.886856079
9.223068237,-3.115478516,-2.550201416,0.796554565,0.446609497,0.582641602
7.641418457,-2.29234314,-1.779724121,-1.156967163,1.268814087,0.22467041
7.095855713,-3.534210205,-0.767547607,-1.445281982,0.930404663,-0.161361694
7.416488647,-3.479187012,0.440826416,-1.114196777,0.543121338,-0.053863525
7.813705444,-3.751968384,0.771026611,-0.742797852,0.47102356,0.035308838
8.194152832,-3.598815918,0.459960938,-0.445922852,0.423400879,0.184371948
8.663146973,-3.067611694,0.663360596,-0.222351074,0.328094482,0.257675171
9.156066895,-3.053253174,0.464752197,-0.018310547,0.332977295,0.206344604
9.900238037,-3.20401001,0.266143799,0.257781982,0.202270508,0.183135986
11.0607605,-3.266220093,-0.214813232,0.447143555,0.076416016,0.070739746
13.92974854,-6.183074951,-0.14781189,0.052520752,-0.1459198,-0.116165161
13.72157288,-4.599029541,1.510406494,-0.415390015,0.120407104,-0.171142578
11.16125488,-2.880981445,1.977020264,-0.174697876,0.240127563,-0.675720215
9.660949707,-3.594039917,1.256774902,0.475234985,0.117965698,-0.960388184
9.663345337,-3.862030029,0.584396362,1.299911499,-0.590621948,-0.805221558
9.117782593,-3.244689941,1.266342163,1.444061279,-1.050003052,-0.824768066
8.354476929,-3.022155762,1.362060547,0.916290283,-0.695678711,-0.872406006
7.873519897,-3.41696167,1.137130737,0.45690918,-0.533203125,-0.813766479
7.811309814,-3.409790039,1.725769043,0.442260742,-0.783660889,-0.687927246
7.514587402,-3.88835144,1.914794922,0.420257568,-0.756774902,-0.571868896
7.222671509,-4.187454224,1.790374756,0.152709961,-0.577178955,-0.366622925
7.459564209,-4.479385376,2.053588867,0.029296875,-0.558853149,-0.139389038
7.150878906,-4.575088501,2.132553101,0.010986328,-0.41468811,-0.017211914
6.933135986,-5.087158203,1.960266113,-0.106277466,-0.169128418,0.084182739
7.624664307,-5.170913696,1.919586182,-0.024429321,-0.06161499,0.343185425
9.239822388,-6.81237793,0.905029297,-0.050079346,0.004348755,0.378616333
11.81689453,-9.56413269,1.637237549,-0.908950806,-0.003005981,0.467803955
9.957672119,-7.850875854,2.943710327,-1.844802856,0.579772949,0.726791382
10.63722229,-4.618164063,2.158874512,-0.869857788,0.833892822,1.541702271
10.36206055,-3.704101563,-0.535446167,1.204605103,0.318313599,1.250915527
9.07472229,-3.828536987,-2.533462524,1.571121216,0.171707153,0.688934326
8.435836792,-3.153762817,-2.389892578,-0.127044678,0.828994751,0.637619019
7.883087158,-2.467010498,-1.545227051,-0.951721191,0.971939087,0.487335205
7.849594116,-2.775695801,-0.6144104,-0.79901123,0.541900635,0.190460205
7.624664307,-3.105895996,-0.176528931,-0.919952393,0.54800415,0.045074463
8.139129639,-3.457641602,0.52456665,-0.926071167,0.397720337,0.095169067
8.565048218,-3.65625,1.144317627,-0.680496216,0.309768677,0.114715576
8.524368286,-3.21836853,0.952880859,-0.426361084,0.447814941,0.222229004
9.754272461,-2.737411499,0.960067749,0.068405151,0.176589966,0.316299438
10.37162781,-2.677581787,0.235046387,0.575424194,0.103286743,0.15625
12.22128296,-4.103713989,-0.571334839,0.463027954,0.044647217,-0.066070557
14.13792419,-5.649475098,0.828460693,-0.102615356,-0.075057983,-0.138153076
12.23085022,-3.242294312,1.859771729,-0.045196533,0.13873291,-0.453353882
10.28309631,-3.031723022,1.582199097,0.386047363,0.062973022,-0.860198975
9.943313599,-3.830932617,0.570037842,1.103210449,-0.413482666,-0.836990356
10.19454956,-3.548568726,1.266342163,1.395202637,-0.976699829,-0.791778564
9.361862183,-2.804412842,1.522384644,0.998138428,-0.759216309,-0.988479614
8.483688354,-3.426544189,1.579803467,0.197891235,-0.315734863,-1.1509552
7.861557007,-3.87878418,1.821487427,0.085510254,-0.319396973,-1.054458618
7.68927002,-3.89553833,1.921981812,0.453231812,-0.605285645,-0.817443848
7.548095703,-3.811782837,1.811904907,0.332290649,-0.558853149,-0.658599854
7.569625854,-4.287948608,2.201934814,-0.127044678,-0.331619263,-0.502243042
7.272918701,-4.577484131,2.163650513,-0.161254883,-0.285186768,-0.312866211
7.46913147,-4.795227051,2.376617432,-0.003662109,-0.32673645,-0.036758423
7.48588562,-4.721054077,1.943511963,0.16003418,-0.235092163,0.169692993
7.92616272,-4.520065308,1.113204956,0.178359985,-0.094604492,0.378616333
11.41967773,-7.257446289,-0.353591919,0.01953125,-0.165466309,0.527664185
10.5319519,-8.446685791,0.742324829,-1.568695068,0.040985107,0.40914917
8.37361145,-4.845489502,3.314605713,-2.7134552,0.715393066,1.202056885
11.16365051,-2.969512939,1.929153442,-0.565658569,0.502792358,2.102462769
10.71380615,-2.950363159,-1.081008911,2.713439941,-0.87651062,1.279022217
8.36164856,-2.390441895,-2.260681152,2.315155029,-0.700592041,0.462921143
8.309005737,-1.196426392,-1.4949646,-0.816101074,0.80456543,0.312637329
7.272918701,-2.328231812,-0.152603149,-1.802032471,1.014709473,-0.299423218
7.153274536,-3.225540161,1.263946533,-1.303573608,0.555328369,-0.383728027
7.653381348,-3.63949585,1.699447632,-0.838088989,0.639633179,-0.178482056
7.842407227,-3.462432861,1.058166504,-0.520446777,0.752044678,0.035308838
8.175018311,-2.945587158,1.041427612,-0.135604858,0.571212769,0.247879028
9.012496948,-2.648864746,0.268539429,0.34085083,0.458816528,0.416473389
10.86933899,-2.682373047,-0.221984863,0.789230347,0.168060303,0.480010986
13.53015137,-4.543991089,-0.202850342,0.629180908,-0.051849365,0.15625
14.53991699,-6.59942627,0.96963501,-0.405593872,0.280456543,-0.073410034
12.34091187,-4.307098389,1.64440918,-0.531448364,0.49180603,-0.178482056
9.828460693,-3.926635742,1.969833374,0.020767212,0.201034546,-0.548660278
9.07472229,-5.115875244,0.553283691,0.801437378,-0.14225769,-0.376403809
8.713394165,-3.732818604,0.601135254,1.136184692,-0.662704468,-0.154037476
7.658157349,-3.21836853,0.914596558,0.508239746,-0.420806885,-0.411819458
7.442810059,-4.086959839,1.476913452,-0.205230713,-0.205795288,-0.420379639
7.629455566,-4.254455566,2.233047485,0.101394653,-0.553970337,-0.287200928
7.217880249,-4.730621338,2.266540527,0.261428833,-0.619949341,-0.254226685
7.268127441,-4.78565979,2.627868652,-0.274887085,-0.360946655,-0.064865112
7.02645874,-4.874191284,2.039230347,-0.466690063,-0.084823608,0.06829834
7.213104248,-5.300125122,2.690078735,-0.173492432,-0.349945068,0.337081909
7.445205688,-4.986663818,1.783187866,0.406814575,-0.586959839,0.60585022
8.926361084,-4.134811401,1.242416382,0.054977417,-0.348724365,0.728027344
8.890472412,-3.519851685,0.328353882,-0.239440918,-0.045730591,0.363952637
10.55827332,-6.113677979,-0.918304443,-0.569320679,-0.163024902,0.009658813
12.56344604,-10.02116394,1.768844604,-1.957199097,-0.396362305,-0.127166748
8.636825562,-5.6925354,4.59475708,-2.891815186,0.573654175,0.294311523
10.47691345,-2.816375732,3.187774658,-0.175933838,0.363525391,1.131195068
9.077102661,-4.587051392,-1.595474243,3.729919434,-0.914382935,0.102508545
6.375610352,-3.330825806,-3.277618408,2.295608521,-0.240005493,-0.310424805
6.689071655,-2.409591675,-2.265457153,-1.154525757,0.821670532,-0.130828857
5.956863403,-3.87638855,-0.848907471,-1.518600464,0.494247437,-0.676925659
6.174621582,-4.622955322,0.603530884,-0.886978149,0.227920532,-0.411819458
7.617492676,-4.656448364,0.931350708,-0.464248657,0.424606323,0.131820679
8.459762573,-4.33102417,-0.219604492,0.289535522,0.383071899,0.360290527
8.780395508,-3.21836853,-0.894378662,0.629180908,0.237686157,0.467803955
9.179992676,-3.024551392,-1.315505981,0.373840332,0.330535889,0.338302612
9.888275146,-2.478988647,-0.791488647,0.09161377,0.31098938,0.256439209
10.93632507,-2.481369019,-0.37991333,-0.002426147,0.301223755,0.036529541
12.83384705,-4.984268188,-0.293777466,-0.278549194,0.291442871,-0.206573486
15.58798218,-5.857650757,1.007919312,-0.387268066,0.009231567,0.073181152
12.91758728,-2.459838867,1.64440918,0.216217041,-0.015213013,-0.366622925
10.00552368,-3.103515625,0.498245239,0.217453003,0.329315186,-1.052017212
9.572418213,-4.5703125,-0.14302063,0.541213989,-0.083618164,-0.998245239
9.318786621,-4.141998291,1.18977356,0.916290283,-0.660263062,-0.845535278
8.299438477,-3.711288452,1.527160645,0.629180908,-0.431808472,-0.911499023
8.191757202,-4.077392578,2.063156128,0.466674805,-0.387817383,-0.777114868
8.112808228,-4.256851196,2.142120361,0.805114746,-0.638275146,-0.70993042
7.569625854,-4.240097046,2.044006348,0.519210815,-0.513671875,-0.61706543
7.272918701,-4.326248169,2.309616089,0.01222229,-0.313293457,-0.424026489
7.043212891,-4.120452881,2.218688965,-0.008544922,-0.218002319,-0.112503052
7.308807373,-3.799819946,1.823867798,0.086730957,-0.259536743,0.177017212
7.418884277,-4.053451538,1.67791748,-0.028106689,-0.261978149,0.283325195
7.93572998,-3.780670166,1.589370728,-0.106277466,-0.178909302,0.423828125
8.493255615,-3.751968384,0.893066406,-0.162490845,-0.119033813,0.346847534
11.704422,-6.58984375,0.567642212,-0.510665894,-0.24609375,0.276000977
10.7855835,-6.259643555,1.18737793,-1.556472778,0.166824341,0.168487549
11.69245911,-2.08656311,1.668334961,-1.215621948,0.121612549,1.068893433
12.40074158,-1.057647705,-0.767547607,0.850311279,-0.232650757,0.703582764
9.598739624,-2.452667236,-2.263061523,0.773345947,0.109405518,-0.182128906
7.794555664,-1.861633301,-1.786895752,-0.866195679,0.89743042,0.018218994
6.784790039,-1.361526489,-0.738845825,-1.101989746,0.787460327,-0.084396362
6.246398926,-2.476593018,-0.518707275,-0.634078979,0.417282104,-0.221221924
6.57661438,-2.514877319,-0.236343384,-0.695144653,0.431930542,0.029190063
7.667739868,-2.926437378,0.699249268,-0.869857788,0.350082397,0.239349365
8.646408081,-2.682373047,1.42427063,-0.417831421,0.249893188,0.536224365
9.634628296,-2.038696289,0.493469238,0.197891235,0.229125977,0.742675781
11.51060486,-1.825744629,-0.059280396,0.618179321,0.034881592,0.768356323
12.87213135,-2.696731567,-0.631164551,0.800216675,0.004348755,0.36151123
14.49685669,-5.795440674,-0.298553467,-0.096511841,0.190032959,0.014541626
14.1714325,-4.240097046,1.469741821,-0.38117981,0.240127563,0.172134399
11.31678772,-2.002807617,2.034439087,0.149032593,0.190032959,-0.307983398
9.773422241,-2.715866089,1.012710571,0.895507813,-0.0103302,-0.624404907
9.452789307,-2.806793213,0.775817871,1.431854248,-0.513671875,-0.628067017
8.708618164,-2.407196045,0.716003418,1.276702881,-0.5234375,-0.723373413
7.828048706,-2.895339966,0.156082153,0.689041138,-0.345062256,-0.863861084
8.026657104,-3.235107422,0.660964966,0.221130371,-0.415924072,-0.689163208
8.648788452,-3.507888794,1.598953247,0.169799805,-0.606506348,-0.582870483
8.421478271,-3.735214233,2.288085938,-0.042755127,-0.485549927,-0.497360229
8.002731323,-4.139602661,2.513000488,-0.141723633,-0.303512573,-0.32019043
7.682098389,-3.840499878,2.460357666,0.164916992,-0.409805298,-0.061187744
7.646194458,-3.632324219,2.11340332,0.50088501,-0.503875732,0.123275757
7.737121582,-3.584472656,1.586990356,0.406814575,-0.359725952,0.291870117
8.108016968,-3.395431519,1.247207642,0.211334229,-0.222885132,0.382278442
8.431045532,-4.060638428,0.177612305,0.061065674,-0.092163086,0.324859619
11.09185791,-8.341400146,0.136932373,-0.723266602,-0.210678101,0.310195923
9.2709198,-7.089950562,2.364654541,-2.27973938,0.474700928,0.707260132
10.7401123,-3.596435547,2.859970093,-1.429428101,0.655502319,1.610107422
11.03204346,-3.357147217,-0.109527588,1.270584106,-0.082382202,1.032226563
8.411911011,-3.507888794,-2.361175537,1.693313599,-0.057952881,0.434799194
8.792358398,-2.213378906,-1.372940063,-0.226028442,0.638412476,0.596084595
7.48588562,-2.127243042,-0.317703247,-0.741592407,0.947494507,0.085403442
6.626861572,-3.139404297,-0.872833252,-0.550994873,0.783798218,-0.151596069
7.150878906,-3.414581299,-0.099960327,-0.679260254,0.464935303,0.014541626
8.476516724,-3.349975586,1.235244751,-0.698822021,0.339096069,0.115936279
8.636825562,-2.737411499,1.740127563,-0.755020142,0.568771362,0.118392944
9.349884033,-2.490951538,1.594161987,-0.510665894,0.679946899,0.151367188
10.06056213,-2.347381592,0.641815186,-0.03175354,0.572433472,0.106170654
12.04660034,-3.259048462,0.768630981,-0.014663696,0.438049316,0.010864258
14.90602112,-6.14239502,1.254379272,-0.2003479,0.12651062,0.031646729
14.64759827,-3.4193573,2.249801636,0.140487671,0.066650391,0.148925781
11.85757446,-1.875991821,1.890869141,0.594970703,0.15826416,-0.527893066
9.833236694,-3.531829834,-0.221984863,1.077545166,0.006790161,-0.839431763
9.428848267,-3.321258545,-0.226776123,1.462387085,-0.788543701,-0.554763794
9.52935791,-1.670211792,0.806930542,1.622436523,-1.17338562,-0.483917236
9.014892578,-2.426345825,1.266342163,0.983474731,-0.80809021,-0.656158447
8.727752686,-3.074798584,1.594161987,0.491119385,-0.606506348,-0.620742798
8.727752686,-3.122650146,1.87411499,0.571746826,-0.872848511,-0.606079102
8.438217163,-3.426544189,2.388580322,0.35307312,-0.958374023,-0.714813232
7.92376709,-4.067810059,2.938934326,-0.135604858,-0.709121704,-0.701370239
7.545700073,-4.230529785,3.068145752,-0.250442505,-0.572296143,-0.516891479
7.378204346,-3.957748413,3.041824341,-0.076965332,-0.463577271,-0.304321289
7.351882935,-3.981674194,2.678115845,0.01222229,-0.341400146,-0.139389038
7.24180603,-3.962524414,2.443618774,-0.08795166,-0.097045898,-0.026977539
7.713195801,-4.09413147,1.88369751,-0.130722046,0.106964111,0.109832764
10.27590942,-6.541992188,0.890670776,-0.211349487,0.065414429,0.206344604
9.172821045,-7.539794922,1.675521851,-1.5809021,0.431930542,0.194137573
10.24481201,-5.209197998,2.745117188,-1.973083496,0.687271118,1.257034302
12.15905762,-2.581878662,0.780609131,-0.017105103,0.284103394,1.665084839
10.74729919,-2.28515625,-1.27722168,1.492950439,-0.260772705,0.95892334
10.3453064,-2.928833008,-1.389694214,0.73789978,0.038543701,0.713378906
8.352081299,-1.739593506,-1.595474243,0.037857056,0.738601685,0.448242188
6.78956604,-2.297134399,-2.19367981,-0.195465088,0.612762451,0.155044556
7.327957153,-2.938400269,-0.83454895,-0.634078979,0.32321167,0.245437622
8.270721436,-2.392837524,0.627456665,-0.687820435,0.270675659,0.34928894
8.938323975,-2.581878662,1.314208984,-0.547332764,0.286560059,0.300415039
8.8306427,-2.467010498,1.074920654,-0.125839233,0.379394531,0.324859619
8.797149658,-2.007598877,0.084289551,0.173477173,0.364746094,0.328521729
9.761459351,-2.057846069,-0.049713135,0.235778809,0.22303772,0.338302612
11.30003357,-2.222946167,0.51260376,0.254104614,0.038543701,0.166030884
13.42965698,-4.280776978,1.029449463,-0.193023682,0.193710327,-0.222457886
14.13314819,-5.22833252,1.622879028,-0.676818848,0.463699341,-0.285995483
12.59934998,-2.98387146,2.398147583,-0.175933838,0.24256897,-0.436264038
10.09165955,-2.706298828,2.134933472,0.356735229,0.265777588,-0.933502197
9.622665405,-3.89553833,0.878707886,0.904052734,-0.009094238,-0.890731812
9.651382446,-3.340393066,1.500839233,1.302352905,-0.63583374,-0.639068604
9.019683838,-2.560333252,1.620483398,1.196044922,-0.589401245,-0.725814819
8.186981201,-3.156143188,1.472122192,0.587631226,-0.261978149,-0.805221558
7.557662964,-3.696929932,1.754486084,0.434906006,-0.304748535,-0.670837402
7.23223877,-3.596435547,2.048797607,0.676834106,-0.522201538,-0.438705444
7.050384521,-3.692138672,1.754486084,0.585189819,-0.469665527,-0.207809448
7.48828125,-3.960144043,1.957870483,0.409255981,-0.483108521,0.074401855
7.607910156,-3.828536987,1.519989014,0.327407837,-0.451339722,0.211227417
8.1534729,-3.900314331,1.921981812,-0.101394653,-0.367050171,0.315078735
8.069732666,-4.051071167,1.962661743,-0.414154053,-0.122711182,0.288208008
8.292266846,-4.120452881,1.673126221,-0.640167236,0.044647217,0.357849121
11.06793213,-6.884170532,0.491073608,-0.736709595,-0.132476807,0.329742432
10.55587769,-8.513687134,2.280899048,-2.332275391,0.088638306,0.096389771
9.706420898,-5.852859497,4.264556885,-3.160598755,0.763031006,0.894180298
12.3768158,-2.462234497,2.431655884,-0.202789307,0.235244751,1.743270874
10.20173645,-2.950363159,-1.322692871,2.607147217,-0.604064941,0.560653687
8.416687012,-2.313873291,-2.533462524,0.877182007,0.262130737,0.337081909
7.000137329,-1.37828064,-1.535644531,-1.149642944,1.105117798,0.108612061
6.153076172,-2.96711731,-0.38710022,-1.095870972,0.721481323,-0.106399536
7.052780151,-3.113082886,0.034042358,-0.587646484,0.302429199,0.177017212
8.242019653,-2.679977417,0.96723938,-0.711029053,0.193710327,0.238113403
8.701431274,-3.584472656,1.936340332,-0.659729004,0.241363525,0.170928955
8.588973999,-2.880981445,1.496063232,-0.136825562,0.396514893,0.390823364
9.613098145,-2.124847412,0.471923828,0.350616455,0.308547974,0.538665771
10.64440918,-1.237106323,0.239822388,0.365280151,0.29510498,0.344406128
12.33853149,-3.622756958,0.177612305,0.024414063,0.19859314,-0.20413208
14.84620667,-6.044281006,1.919586182,-0.590087891,0.065414429,-0.224899292
13.03244019,-4.012786865,2.864746094,-0.461807251,0.31098938,-0.509567261
10.59655762,-3.768707275,2.879104614,-0.166137695,0.47958374,-0.821105957
9.838027954,-4.122848511,1.340530396,1.122741699,0.060531616,-0.636627197
9.017288208,-2.672805786,1.158660889,1.783706665,-0.531982422,-0.582870483
7.988372803,-2.593841553,0.948104858,1.343887329,-0.435455322,-0.712371826
7.856765747,-3.113082886,1.096450806,1.021362305,-0.489227295,-0.624404907
8.37361145,-3.050872803,1.347702026,1.037231445,-0.756774902,-0.448471069
8.756469727,-3.287750244,1.66116333,0.613296509,-0.715240479,-0.463150024
8.519577026,-3.749572754,2.31678772,-0.102615356,-0.436691284,-0.510772705
8.127151489,-4.366912842,2.690078735,-0.423919678,-0.250976563,-0.439910889
7.964447021,-4.366912842,2.99395752,-0.351852417,-0.285186768,-0.238342285
7.670135498,-4.122848511,2.955673218,0.004898071,-0.354827881,-0.092956543
7.237030029,-4.048675537,2.142120361,0.205245972,-0.269302368,0.059753418
7.107818604,-3.835708618,1.261566162,0.161254883,-0.13369751,0.236907959
8.809112549,-3.905105591,0.388183594,0.190567017,-0.164245605,0.366394043
11.64221191,-8.575897217,0.625076294,-0.713470459,-0.480667114,0.119598389
9.031646729,-7.477584839,2.974822998,-2.772094727,0.358627319,0.460479736
10.31658936,-4.019958496,4.015701294,-1.650558472,0.342758179,1.739624023
11.23065186,-2.443084717,0.828460693,2.101364136,-0.593063354,1.588119507
8.945510864,-2.687164307,-2.545425415,3.161819458,-0.601623535,0.60585022
8.036224365,-1.263427734,-3.076629639,0.276107788,0.556549072,0.445800781
7.277709961,-1.959732056,-0.793869019,-1.584579468,0.891311646,-0.018417358
7.409317017,-2.907302856,0.646606445,-1.244934082,0.57611084,-0.13571167
8.16305542,-2.770904541,1.448196411,-0.819778442,0.427047729,-0.007446289
8.813903809,-2.813980103,1.500839233,-0.70614624,0.601760864,0.05607605
8.641616821,-2.502914429,1.144317627,-0.270004272,0.550445557,0.144042969
8.823471069,-2.115280151,0.28767395,0.140487671,0.469818115,0.282089233
10.14430237,-1.952560425,0.048400879,0.410491943,0.268218994,0.329742432
11.77381897,-3.048477173,-0.030563354,0.50944519,0.029998779,0.107391357
14.87252808,-6.424743652,0.857177734,-0.08795166,-0.128814697,0.005981445
14.33892822,-3.960144043,2.12059021,-0.250442505,0.111846924,-0.095397949
11.39814758,-3.031723022,2.192367554,-0.251678467,0.341537476,-0.772232056
9.957672119,-4.127639771,1.498443604,0.094055176,0.291442871,-0.909057617
9.258956909,-3.366714478,1.761657715,0.884521484,-0.352386475,-0.658599854
8.60333252,-2.266021729,2.044006348,1.106872559,-0.444015503,-0.681838989
7.930938721,-2.890548706,1.326171875,0.764785767,-0.205795288,-0.717254639
7.828048706,-3.113082886,1.402740479,0.823425293,-0.491668701,-0.551101685
8.055374146,-3.558151245,1.527160645,0.864959717,-0.781219482,-0.415496826
8.189376831,-3.773498535,1.993759155,0.482559204,-0.804428101,-0.2762146
8.371231079,-3.866821289,2.615890503,0.105056763,-0.661483765,-0.168701172
8.510009766,-3.783065796,2.912612915,-0.064743042,-0.480667114,-0.066070557
7.957260132,-3.845275879,2.479507446,-0.006103516,-0.347503662,-0.103942871
6.784790039,-4.898132324,1.737731934,-0.260223389,-0.13369751,-0.085632324
6.629257202,-3.909896851,1.716201782,-0.127044678,-0.188674927,0.30897522
8.37600708,-3.677780151,0.610717773,0.355514526,-0.447692871,0.398147583
13.05636597,-8.951568604,1.010314941,-0.393386841,-0.8203125,0.272323608
9.639419556,-6.161529541,3.137527466,-2.221099854,0.171707153,0.377380371
10.79754639,-2.505310059,2.367050171,-1.527145386,0.745925903,1.241149902
10.51759338,-2.921661377,-1.088195801,1.147186279,-0.141021729,0.604629517
8.309005737,-2.639297485,-2.892379761,1.997512817,-0.346282959,0.183135986
6.942703247,-1.986053467,-2.758377075,-0.394622803,0.736160278,0.090286255
6.447402954,-2.723052979,-0.769943237,-1.772720337,1.081893921,0.010864258
