4.53074646,-12.87818909,1.072525024,0.053741455,0.878479004,0.074417114
0.805114746,-9.942199707,-1.069046021,0.053741455,0.878479004,0.074417114
1.214294434,-10.03312683,-1.179122925,-0.108123779,0.191864014,-0.036758423
1.176010132,-9.53302002,-1.028366089,-0.139282227,-0.27053833,0.20880127
-0.644927979,-7.164123535,-1.377716064,-0.139282227,-0.27053833,0.20880127
-1.056503296,-9.894332886,-1.121688843,-0.251052856,-0.334686279,1.084777832
-0.917709351,-10.41119385,-0.710128784,-0.398269653,-0.466018677,1.474502563
-0.829177856,-10.32504272,-0.190887451,-0.418441772,0.622543335,1.986404419
-0.568359375,-9.851272583,-0.628768921,-0.083068848,0.802124023,2.027328491
2.441818237,-11.86602783,-1.75100708,-0.083068848,0.802124023,2.027328491
-0.104156494,-11.06442261,-1.346618652,0.054367065,0.502197266,1.065231323
-1.826980591,-10.08816528,-1.155197144,-0.030548096,0.505859375,0.240570068
-2.73387146,-9.013778687,-1.370544434,-0.145996094,0.568771362,0.201461792
-1.893981934,-10.26522827,-1.408828735,0.028106689,-0.290084839,0.266830444
-2.700363159,-9.243484497,-0.473236084,-0.190582275,-0.354232788,-0.226730347
-0.68081665,-10.35136414,-2.059677124,-0.108734131,-0.326126099,-0.913955688
-1.865264893,-9.631134033,-1.547607422,-0.108734131,-0.326126099,-0.913955688
-0.065872192,-12.07420349,-1.282012939,0.296264648,0.52784729,-1.409988403
0.080093384,-10.48057556,-1.758178711,0.098342896,0.445999146,-0.642120361
-0.262084961,-8.671600342,-0.918304443,0.028701782,0.066040039,-0.361129761
-0.788497925,-9.611984253,-1.425582886,-0.070251465,-0.096435547,-0.565765381
0.041809082,-8.324645996,-1.339431763,0.565032959,-0.494110107,-2.194320679
1.908218384,-11.32763672,0.328353882,-0.098358154,-0.099502563,-0.789352417
1.199935913,-9.006607056,-0.896759033,0.185073853,0.300003052,-0.382522583
-0.025192261,-8.226547241,-1.7318573,0.185073853,0.300003052,-0.382522583
2.142715454,-9.451660156,-1.703140259,0.471572876,0.91758728,-0.682449341
2.015884399,-6.367324829,-1.73425293,-0.094665527,0.667129517,0.362121582
2.862945557,-8.004013062,-1.159973145,0.337799072,-0.429977417,0.593643188
2.140319824,-8.997024536,-1.29637146,0.711029053,0.262115479,0.97543335
0.065734863,-10.09054565,-0.628768921,0.711029053,0.262115479,0.97543335
-1.463272095,-8.372497559,0.474319458,0.56137085,-0.053695679,0.604019165
-1.781524658,-13.4979248,0.692062378,-0.021392822,-0.428131104,-0.663513184
1.81010437,-12.88775635,-0.262664795,-0.322540283,-0.224716187,-1.068511963
1.376998901,-8.41078186,-0.889587402,-0.273666382,-0.381713867,-0.39289856
1.647399902,-12.35894775,-0.308135986,-0.118499756,-0.183792114,0.35723877
1.384185791,-8.86781311,-0.62159729,-0.118499756,-0.183792114,0.35723877
0.695053101,-10.88735962,-0.530670166,-0.164932251,-0.483734131,0.781188965
-0.144836426,-11.66981506,-0.681411743,-0.137435913,-0.374984741,0.75491333
0.355270386,-11.06681824,-0.884796143,0.067184448,-0.106826782,-0.008666992
1.281295776,-11.03092957,-0.693374634,0.483184814,-0.021316528,-0.330581665
0.312194824,-8.075790405,-0.296173096,0.040313721,-0.161804199,0.188644409
0.857757568,-10.34896851,-0.674240112,0.209518433,-0.046356201,0.186798096
1.171218872,-10.3441925,0.0675354,0.15637207,-0.297424316,0.140380859
1.046798706,-10.28198242,-0.872833252,-0.213806152,0.125900269,0.080505371
0.88168335,-9.698120117,-0.578521729,0.206466675,-0.152633667,0.145263672
0.427047729,-10.74139404,-1.150405884,0.475845337,-0.601013184,0.13671875
0.427047729,-10.18386841,1.20413208,0.475845337,-0.601013184,0.13671875
0.029846191,-10.16233826,-0.011428833,0.004882813,-0.104385376,-0.025161743
0.039413452,-9.994842529,-0.14781189,0.029312134,-0.057952881,-0.059356689
0.46295166,-9.619171143,-0.028167725,0.050079346,-0.03352356,-0.03553772
0.257156372,-10.29872131,-0.020996094,0.018325806,-0.012145996,0.010864258
0.120773315,-9.604812622,-0.066452026,0.018325806,-0.012145996,0.010864258
0.340911865,-9.908691406,0.124969482,0.015274048,-0.073226929,-0.004394531
0.439025879,-10.09533691,0.227859497,0.028076172,0.01411438,0.020645142
0.271514893,-10.42555237,0.148895264,0.139266968,0.04649353,0.059127808
0.300231934,-10.27719116,0.414505005,0.139266968,0.04649353,0.059127808
0.166229248,-10.09533691,0.330749512,0.006713867,-0.116607666,-0.000717163
0.211700439,-10.45425415,0.29246521,-0.016494751,-0.10194397,-0.038589478
0.147094727,-9.937408447,0.266143799,-0.065979004,-0.100112915,-0.052032471
0.149490356,-10.06422424,0.469528198,-0.084899902,-0.068954468,-0.113723755
0.269134521,-9.975692749,0.29246521,-0.090408325,-0.106826782,-0.069747925
0.156661987,-9.734024048,0.390579224,-0.122161865,-0.226547241,-0.036758423
0.151885986,-9.822555542,0.495849609,-0.122161865,-0.226547241,-0.036758423
0.20930481,-9.793838501,0.359466553,-0.06413269,-0.223495483,-0.005004883
-0.262084961,-8.886962891,0.27571106,-0.253509521,-0.561920166,-0.06791687
-0.132873535,-9.370315552,0.27571106,-0.087356567,-0.228988647,-0.06791687
-0.814819336,-10.48297119,0.201538086,-0.087356567,-0.228988647,-0.06791687
-1.204849243,-10.28915405,-0.198059082,-0.138671875,-0.135543823,-0.093566895
0.553878784,-7.561340332,7.1144104,-0.565048218,0.591384888,-0.206573486
0.077697754,-11.24867249,-4.804244995,0.253494263,-0.841690063,0.071350098
1.755065918,-9.793838501,-0.813018799,0.516784668,-0.738449097,0.510559082
2.03742981,-9.734024048,-1.114517212,0.516784668,-0.738449097,0.510559082
1.094650269,-7.987258911,-1.2915802,0.600463867,-1.327941895,0.657791138
-0.360183716,-9.114273071,-0.961380005,0.943771362,-1.532577515,0.580810547
-1.654708862,-11.99763489,-0.430160522,1.028076172,-0.842315674,0.565536499
-2.27204895,-11.88995361,-0.521087646,0.555877686,-0.388427734,0.595474243
-1.34602356,-11.3850708,-0.169342041,0.555877686,-0.388427734,0.595474243
-1.58770752,-10.97828674,0.804534912,0.257171631,-0.33895874,0.571655273
-1.506347656,-10.152771,1.273529053,0.138656616,-0.482513428,0.359069824
-1.786300659,-9.640701294,0.785385132,-0.18081665,0.029998779,0.029815674
-1.999267578,-9.214782715,1.20892334,-0.18081665,0.029998779,0.029815674
-2.087799072,-8.606994629,1.417098999,-0.357955933,0.14666748,-0.181533813
-2.085403442,-8.109298706,1.397949219,-0.460586548,0.306106567,-0.370285034
-1.951416016,-8.221755981,1.486480713,-0.467910767,0.370239258,-0.438690186
-2.473052979,-8.42036438,1.756881714,-0.467910767,0.370239258,-0.438690186
-3.710128784,-8.6381073,1.907623291,-0.328643799,0.34336853,-0.394104004
-4.023590088,-9.561737061,1.529556274,0.37689209,0.936508179,-0.173583984
-1.831771851,-11.96891785,0.495849609,0.178970337,1.251113892,-0.172988892
1.238220215,-14.46463013,-0.595275879,0.178970337,1.251113892,-0.172988892
1.673721313,-16.35974121,0.507827759,-0.016494751,1.269439697,-0.104553223
0.580200195,-8.20022583,0.857177734,-0.464248657,1.446594238,-0.292098999
1.408111572,-8.020751953,-0.111923218,-0.306030273,1.045852661,-0.594467163
3.123764038,-8.372497559,0.254180908,-0.017105103,0.861984253,-0.480865479
3.544906616,-9.085571289,0.239822388,-0.259002686,1.055633545,-0.314697266
2.202529907,-10.18386841,0.129760742,-0.259002686,1.055633545,-0.314697266
1.12097168,-9.935012817,0.605926514,-0.171035767,0.6640625,-0.143051147
2.04460144,-9.652664185,-0.095169067,-0.009170532,0.394073486,-0.1925354
2.152282715,-10.14558411,-0.351196289,-0.122177124,0.464324951,-0.411834717
1.556472778,-10.49015808,0.75189209,-0.122177124,0.464324951,-0.411834717
1.613891602,-9.868011475,0.909820557,-0.288330078,0.665908813,-0.414260864
2.24798584,-9.226745605,1.022277832,-0.235794067,0.165618896,-0.201080322
1.522964478,-9.501922607,1.003128052,-0.006729126,-0.150192261,-0.166259766
1.032440186,-9.829727173,0.570037842,-0.006729126,-0.150192261,-0.166259766
1.238220215,-10.23651123,0.601135254,-0.103240967,-0.202102661,-0.102722168
1.379394531,-9.748382568,0.634643555,-0.320709229,-0.23449707,-0.096008301
1.018081665,-9.339202881,0.936141968,-0.290161133,-0.439743042,-0.012329102
0.812301636,-9.927841187,1.151489258,-0.290161133,-0.439743042,-0.012329102
0.893661499,-10.31787109,1.225662231,-0.207687378,-0.728088379,0.115341187
0.764434814,-10.48057556,1.125167847,-0.194869995,-0.869186401,-0.070358276
0.771621704,-10.16711426,0.692062378,-0.194869995,-0.869186401,-0.070358276
0.216491699,-10.42076111,-0.317703247,0.263275146,-0.790390015,-0.102737427
0.187774658,-11.20561218,-1.327468872,0.263275146,-0.790390015,-0.102737427
-0.116119385,-10.78686523,-2.399459839,0.337799072,-0.538101196,0.46963501
-0.376937866,-9.777084351,-2.157791138,0.337799072,-0.538101196,0.46963501
-1.432174683,-9.171707153,-1.164764404,0.387283325,-0.111709595,0.487350464
-0.92250061,-10.27958679,-0.690979004,0.450805664,-0.088500977,0.622955322
-0.003646851,-11.09553528,-1.181518555,0.631622314,-0.288253784,0.572875977
0.194946289,-10.49493408,-1.325088501,0.404373169,0.087432861,0.386566162
-0.587509155,-9.150177002,-0.59765625,0.404373169,0.087432861,0.386566162
-1.58291626,-9.470809937,-0.102355957,0.255325317,0.489974976,0.312652588
-2.05430603,-9.628738403,0.280502319,0.299301147,0.219985962,0.401229858
-1.781524658,-9.279388428,0.589172363,0.354904175,0.400177002,0.384109497
-1.527877808,-8.774505615,0.716003418,0.369567871,0.653076172,0.206970215
-1.774337769,-8.927642822,1.1849823,0.268157959,0.671386719,0.026153564
-1.848526001,-9.150177002,1.290267944,0.268157959,0.671386719,0.026153564
-1.860488892,-8.717071533,1.297454834,0.116668701,0.677505493,-0.11555481
-2.142837524,-7.905899048,1.606124878,0.011611938,0.690338135,-0.206573486
-2.465866089,-8.513687134,2.11579895,0.255340576,0.654296875,-0.207794189
-2.922897339,-10.25326538,1.553482056,0.255340576,0.654296875,-0.207794189
-1.446533203,-14.4239502,-0.020996094,0.671325684,0.693389893,-0.159545898
1.283691406,-13.80181885,1.218490601,0.736083984,0.565719604,0.108001709
-0.130477905,-8.451461792,0.637039185,-0.745864868,0.772796631,-0.70993042
0.90083313,-11.44488525,-0.186096191,-0.745864868,0.772796631,-0.70993042
2.453781128,-10.37051392,0.031646729,-0.399505615,0.095977783,-0.701385498
2.097244263,-7.788650513,0.232650757,-0.563217163,0.340927124,-0.390441895
0.410308838,-7.96812439,1.407516479,-0.563217163,0.340927124,-0.390441895
0.025054932,-8.621353149,1.89805603,-0.417221069,0.312210083,-0.208404541
0.927154541,-9.219558716,0.888275146,0.108718872,-0.191741943,-0.249328613
1.515792847,-10.64329529,-0.260269165,-0.114227295,-0.197219849,-0.259719849
-0.367355347,-9.621551514,0.809310913,-0.200973511,0.047714233,-0.244445801
0.104019165,-9.09753418,0.428863525,-0.118515015,0.269454956,-0.197418213
1.692855835,-9.820159912,0.457565308,-0.070846558,0.210800171,-0.226730347
2.011108398,-9.968521118,0.74710083,-0.163711548,0.167449951,-0.263397217
1.290863037,-9.621551514,0.663360596,-0.245559692,-0.142868042,-0.311645508
0.419876099,-9.884765625,1.043807983,-0.204650879,-0.307189941,-0.300048828
0.168624878,-9.77947998,1.029449463,-0.233337402,-0.457458496,-0.17175293
0.415084839,-9.973297119,0.656173706,-0.331085205,-0.767166138,0.015151978
0.776412964,-10.73182678,0.869140625,-0.331085205,-0.767166138,0.015151978
0.391159058,-11.23193359,1.180206299,-0.488067627,-1.071990967,0.076858521
0.00592041,-10.68637085,0.141723633,-0.50579834,-1.080535889,0.049972534
-0.209442139,-10.85386658,-0.693374634,0.194854736,-1.007843018,0.039596558
0.884078979,-10.53321838,-0.980514526,0.707977295,-0.663925171,0.126937866
1.470321655,-9.238708496,-1.150405884,0.719573975,-0.767776489,0.326690674
0.477310181,-9.176498413,-1.468658447,1.076934814,-1.007843018,0.584472656
-0.513320923,-10.19822693,-1.621795654,1.076934814,-1.007843018,0.584472656
-1.614028931,-11.80859375,-1.53086853,1.050689697,-1.035339355,0.668777466
-0.853103638,-11.07400513,-0.39666748,0.422714233,-0.673706055,0.609527588
-0.628173828,-10.81796265,0.366638184,0.250442505,-0.257720947,0.676101685
-1.700164795,-9.245880127,0.101043701,0.271835327,-0.373779297,0.552093506
-1.83656311,-8.973098755,0.369033813,0.048248291,-0.13369751,0.347473145
-1.826980591,-8.463424683,0.97442627,-0.065368652,0.017776489,0.113494873
-1.501556396,-7.927444458,1.134735107,-0.065368652,0.017776489,0.113494873
-1.702560425,-7.642700195,1.235244751,-0.081848145,0.117355347,-0.259719849
-2.501754761,-7.848480225,1.66355896,-0.123382568,0.193695068,-0.570037842
-3.741241455,-7.843688965,2.235443115,-0.097122192,0.313430786,-0.502853394
-4.578735352,-9.056854248,3.350494385,0.417221069,0.585266113,-0.080734253
-4.109741211,-11.16732788,3.118392944,0.417221069,0.585266113,-0.080734253
-0.841140747,-20.25765991,-0.805831909,0.546707153,0.822280884,0.005996704
1.290863037,-14.65605164,1.405136108,-0.646286011,1.289596558,-0.065475464
1.290863037,-7.475189209,1.1849823,-0.503967285,1.217514038,-0.522384644
0.529953003,-10.86343384,0.486282349,-0.503967285,1.217514038,-0.522384644
1.757461548,-8.886962891,-0.705337524,-0.461807251,0.725158691,-0.559051514
2.066131592,-7.29095459,0.05557251,-0.54977417,0.833282471,-0.449691772
1.11857605,-7.645080566,1.280700684,-0.339019775,0.770980835,-0.316543579
0.843399048,-8.056655884,1.496063232,-0.339019775,0.770980835,-0.316543579
1.58757019,-9.600021362,0.227859497,0.086730957,0.282272339,-0.102722168
2.152282715,-10.52844238,-0.408630371,-0.037261963,0.241973877,-0.131439209
1.487075806,-9.480377197,0.110610962,-0.22479248,0.422164917,-0.209640503
1.585174561,-8.896530151,0.383392334,-0.24861145,0.267623901,-0.201080322
1.731140137,-9.722061157,0.254180908,-0.097122192,0.135681152,-0.217575073
1.010910034,-10.07380676,0.302032471,-0.085525513,0.121627808,-0.231628418
0.879302979,-9.951766968,0.421676636,-0.085525513,0.121627808,-0.231628418
1.001327515,-10.08576965,0.560455322,-0.222961426,-0.060394287,-0.221862793
0.924758911,-10.42076111,0.857177734,-0.31703186,-0.243057251,-0.199234009
0.345703125,-10.41836548,0.682495117,-0.391571045,-0.311462402,-0.205337524
-0.01083374,-10.11447144,0.854782104,-0.461196899,-0.429962158,-0.165039063
-0.161575317,-9.860839844,1.381195068,-0.434326172,-0.693252563,-0.04347229
0.977401733,-10.06184387,0.742324829,-0.217468262,-1.027389526,0.1043396
0.90322876,-10.65765381,-0.427780151,-0.217468262,-1.027389526,0.1043396
1.1353302,-10.94717407,-1.695968628,0.407440186,-1.139190674,0.230789185
0.711807251,-9.576095581,-2.318099976,1.056793213,-1.046951294,0.279663086
0.381591797,-9.54737854,-2.042922974,1.032958984,-0.939422607,0.4818573
-0.367355347,-10.00201416,-1.693572998,0.917510986,-0.845352173,0.77507019
-1.269454956,-11.49992371,-0.939834595,0.613296509,-0.478225708,0.664505005
-1.049316406,-10.54040527,-0.556991577,0.401321411,-0.081787109,0.56980896
-0.312332153,-10.13601685,0.0675354,0.401321411,-0.081787109,0.56980896
-0.618606567,-9.504302979,0.280502319,0.400115967,-0.240615845,0.599136353
-1.424987793,-9.10710144,0.383392334,0.221115112,-0.117202759,0.43359375
-1.925094604,-8.4347229,0.97442627,-0.046432495,0.047714233,0.054855347
-1.714523315,-8.358154297,1.058166504,-0.041534424,0.157058716,-0.240783691
-2.083023071,-8.444290161,1.390777588,-0.074523926,0.278015137,-0.505889893
-2.848724365,-8.370117188,1.88369751,-0.074523926,0.278015137,-0.505889893
-4.432769775,-8.705108643,2.532150269,-0.133773804,0.395904541,-0.530944824
-3.827377319,-11.0213623,1.718582153,0.285263062,0.566940308,-0.234664917
0.2212677,-25.07440186,0.689682007,0.505783081,0.698898315,-0.007446289
1.898635864,-8.169113159,0.76385498,-0.708602905,1.210800171,-0.046539307
0.998931885,-10.57389832,0.821273804,-0.632247925,1.199798584,-0.676940918
2.080490112,-10.75814819,0.06036377,-0.241897583,0.541900635,-0.614028931
2.221664429,-7.788650513,-0.631164551,-0.532058716,0.810073853,-0.384338379
1.37461853,-7.879577637,0.821273804,-0.532058716,0.810073853,-0.384338379
1.262145996,-8.145187378,1.400344849,-0.391571045,0.78074646,-0.273773193
1.613891602,-8.659637451,0.433639526,-0.023208618,0.413009644,-0.166259766
1.707214355,-10.35136414,-0.36555481,-0.115447998,0.348861694,-0.230407715
1.104217529,-9.99005127,0.235046387,-0.109954834,0.400787354,-0.257293701
1.216690063,-9.183670044,0.541320801,-0.175323486,0.395904541,-0.092956543
1.673721313,-9.678985596,0.321182251,-0.175323486,0.395904541,-0.092956543
1.606719971,-10.52604675,0.340316772,-0.176528931,0.183319092,-0.098464966
1.202331543,-10.63372803,0.414505005,-0.204650879,0.207138062,-0.202316284
1.068328857,-10.6313324,0.385787964,-0.321914673,-0.015808105,-0.273162842
0.824264526,-9.801025391,0.704025269,-0.321914673,-0.015808105,-0.273162842
0.197341919,-9.379882813,1.024673462,-0.443481445,-0.284591675,-0.198638916
-0.281219482,-9.370315552,0.759063721,-0.235183716,-0.709136963,0.130004883
-0.242935181,-9.631134033,0.610717773,-0.235183716,-0.709136963,0.130004883
1.058761597,-9.724441528,0.558074951,-0.015289307,-1.010284424,0.227111816
1.877105713,-11.28218079,-0.348815918,1.214385986,-1.258911133,0.663894653
1.487075806,-10.91847229,-1.880218506,1.214385986,-1.258911133,0.663894653
0.415084839,-10.1958313,-2.799057007,1.306625366,-1.134292603,0.497116089
-1.14024353,-9.712478638,-1.143234253,1.073898315,-1.237533569,0.623580933
-1.776733398,-10.07380676,-0.104736328,0.322525024,-0.513656616,0.641296387
-1.496780396,-9.621551514,-0.102355957,0.167373657,-0.112930298,0.541717529
-1.025390625,-9.434921265,0.29246521,0.296859741,-0.317565918,0.453125
-0.984710693,-9.169311523,0.878707886,0.098342896,0.00617981,0.351135254
-1.37713623,-9.5521698,0.668136597,0.098342896,0.00617981,0.351135254
-1.989700317,-9.944595337,0.656173706,0.069015503,-0.100708008,0.139160156
-2.406051636,-9.245880127,1.1849823,0.010391235,0.04649353,-0.151596069
-2.542434692,-8.898925781,1.8621521,-0.073303223,0.285949707,-0.350128174
-3.140640259,-8.827133179,2.032043457,-0.094680786,0.50769043,-0.442367554
-4.741439819,-9.238708496,1.280700684,-0.094680786,0.50769043,-0.442367554
-4.401657104,-9.54737854,1.340530396,0.004882813,0.670181274,-0.356246948
-2.922897339,-10.36332703,1.43862915,0.128265381,1.074569702,-0.298202515
0.211700439,-14.96711731,0.52696228,0.128265381,1.074569702,-0.298202515
3.202728271,-16.51289368,-0.542633057,-0.27734375,0.904754639,-0.181533813
1.802932739,-9.085571289,0.402542114,-0.723876953,0.809463501,-0.218795776
1.305221558,-8.87739563,-0.255493164,-0.723876953,0.809463501,-0.218795776
1.994354248,-8.255249023,0.407318115,-0.636520386,0.556564331,-0.359298706
2.006317139,-8.169113159,1.409912109,-0.356735229,0.373291016,-0.347686768
1.57800293,-9.389450073,0.821273804,-0.161880493,0.420333862,-0.229782104
1.348297119,-9.499526978,0.818893433,-0.025650024,-0.00604248,-0.261550903
0.951080322,-9.1118927,1.079711914,0.132553101,-0.155075073,-0.290878296
0.824264526,-9.889556885,0.806930542,0.227218628,-0.244873047,-0.177856445
0.927154541,-10.62654114,0.596359253,0.06413269,-0.285202026,-0.215118408
1.092254639,-10.69593811,0.565246582,0.06413269,-0.285202026,-0.215118408
1.051574707,-10.32026672,0.491073608,-0.170440674,-0.210662842,-0.271942139
1.106613159,-9.669418335,0.541320801,-0.266326904,-0.202728271,-0.240783691
1.063537598,-9.401412964,0.601135254,-0.214401245,-0.223510742,-0.219406128
0.91519165,-9.757949829,0.924179077,-0.120941162,-0.355438232,-0.193756104
0.795547485,-9.757949829,1.20892334,-0.061080933,-0.537475586,-0.13999939
0.381591797,-10.30351257,0.96484375,-0.061080933,-0.537475586,-0.13999939
-0.173538208,-10.60021973,0.890670776,-0.124008179,-0.56741333,-0.072189331
-0.597076416,-10.51885986,0.955276489,-0.241897583,-0.525878906,-0.009887695
-0.388900757,-10.56912231,1.017486572,-0.33291626,-0.367050171,0.095184326
0.060958862,-10.37528992,1.22088623,-0.447753906,-0.127593994,0.087844849
-0.252502441,-10.38008118,1.366836548,-0.423324585,-0.200897217,0.096389771
-0.23097229,-10.0307312,1.218490601,-0.349411011,-0.27053833,0.109222412
-0.68321228,-9.829727173,0.857177734,-0.349411011,-0.27053833,0.109222412
-0.362579346,-9.841690063,-0.195663452,-0.058029175,-0.12210083,0.176422119
0.369628906,-9.291351318,-0.954193115,0.301757813,-0.078125,0.329742432
1.046798706,-8.678787231,-1.430358887,0.547332764,-0.116607666,0.459869385
0.788375854,-9.119064331,-1.51651001,0.835647583,-0.208847046,0.527664185
-0.125686646,-10.32743835,-1.506942749,0.998138428,-0.079330444,0.616851807
-1.159393311,-11.65066528,-1.224578857,0.998138428,-0.079330444,0.616851807
-1.221603394,-11.69374084,-0.743621826,0.740356445,0.246856689,0.500778198
-0.977539063,-10.89692688,0.282897949,0.346359253,0.491210938,0.406707764
-0.752609253,-10.81318665,0.76385498,0.298095703,0.258453369,0.407333374
-1.374740601,-9.896728516,0.270935059,0.243118286,0.444152832,0.272323608
-1.633163452,-9.418167114,0.247009277,0.243118286,0.444152832,0.272323608
-1.326889038,-8.786468506,0.790176392,0.053131104,0.505249023,0.127548218
-0.982315063,-8.525650024,1.094055176,0.003051758,0.465545654,-0.058746338
-1.439346313,-8.6381073,0.897857666,0.025650024,0.441711426,-0.282943726
-1.867660522,-8.980285645,1.144317627,-0.125213623,0.342147827,-0.457641602
-2.114120483,-7.951370239,1.969833374,-0.27305603,0.344589233,-0.395950317
-2.786514282,-7.06602478,3.092071533,-0.27305603,0.344589233,-0.395950317
-3.030578613,-7.628341675,3.599349976,0.019546509,0.419723511,-0.140594482
-3.111923218,-10.00201416,2.709213257,0.619400024,0.405685425,-0.162597656
-1.915512085,-17.86961365,1.374023438,0.626739502,0.282287598,-0.179092407
0.199737549,-19.63551331,-0.777130127,-0.056808472,0.767303467,0.34135437
0.809906006,-9.626342773,0.371429443,-0.056808472,0.767303467,0.34135437
1.381790161,-9.343994141,-0.178924561,-0.631027222,0.857711792,-0.546829224
2.228851318,-10.24607849,-0.322494507,-0.631027222,0.857711792,-0.546829224
1.743103027,-8.793640137,-0.059280396,-0.373245239,0.498535156,-0.486343384
0.994155884,-7.932220459,0.211105347,-0.521682739,0.733108521,-0.278656006
0.939117432,-7.817367554,0.402542114,-0.153320313,0.356201172,-0.170532227
1.35307312,-8.776885986,0.397750854,-0.153320313,0.356201172,-0.170532227
1.642608643,-10.21737671,-0.001846313,-0.142944336,0.32321167,-0.333023071
1.35067749,-10.9495697,-0.123886108,-0.142944336,0.32321167,-0.333023071
1.046798706,-10.04508972,-0.073638916,-0.142944336,0.32321167,-0.333023071
1.109008789,-9.420562744,0.084289551,-0.430038452,0.23890686,-0.331192017
0.836227417,-9.540206909,0.194366455,-0.482574463,0.125289917,-0.331192017
0.551483154,-9.731628418,0.421676636,-0.304214478,0.017166138,-0.388015747
0.357666016,-9.217163086,0.785385132,-0.328033447,-0.239990234,-0.435653687
0.025054932,-9.1118927,1.266342163,-0.406829834,-0.483123779,-0.297607422
-0.309936523,-9.300918579,1.405136108,-0.36529541,-0.756774902,-0.095397949
0.147094727,-9.408599854,0.615493774,-0.238861084,-1.134918213,0.069519043
1.463150024,-9.32484436,-0.14302063,0.162475586,-1.422622681,0.024932861
1.307617188,-9.53302002,-0.714904785,0.162475586,-1.422622681,0.024932861
1.530151367,-15.04130554,-2.258285522,1.486221313,-1.013946533,-0.042877197
0.68309021,-13.55296326,-3.148406982,1.486221313,-1.013946533,-0.042877197
-0.381713867,-9.157348633,-2.64112854,0.478302002,-0.532592773,0.166030884
-1.135452271,-7.948974609,-1.186294556,0.211975098,-0.685317993,0.541107178
-0.068252563,-10.26522827,-0.499557495,0.390335083,-1.27784729,0.762237549
0.67829895,-10.37528992,-0.420593262,0.390335083,-1.27784729,0.762237549
-1.104354858,-8.020751953,-0.195663452,0.328033447,-0.557037354,0.432373047
-2.49458313,-8.702713013,0.407318115,0.328033447,-0.557037354,0.432373047
-2.506546021,-9.389450073,0.701644897,0.010986328,-0.694473267,0.478790283
-2.374938965,-9.209991455,0.620285034,0.043365479,-0.444625854,0.290649414
-2.889404297,-8.537612915,0.833251953,0.038482666,-0.125762939,-0.072799683
-2.985107422,-8.693145752,1.254379272,-0.076965332,0.031829834,-0.305526733
-3.442138672,-8.985061646,1.699447632,-0.076965332,0.031829834,-0.305526733
-4.344238281,-8.944381714,2.907821655,0.044586182,0.130783081,-0.295150757
-3.497177124,-12.08616638,1.113204956,0.298080444,0.448440552,-0.130218506
0.257156372,-24.77052307,-0.994873047,0.45324707,0.833267212,-0.145492554
1.080291748,-7.98008728,0.991165161,-0.645065308,1.190628052,0.028594971
1.618682861,-9.700515747,0.75189209,-0.759307861,1.234008789,-0.381896973
2.585372925,-9.643096924,0.29246521,-0.254730225,0.55166626,-0.468032837
2.209701538,-8.334213257,-0.372741699,-0.299316406,0.606643677,-0.381896973
1.534927368,-9.066421509,0.864349365,-0.270599365,0.553512573,-0.323257446
1.463150024,-8.528030396,1.484085083,0.032989502,0.314041138,-0.175430298
1.968032837,-9.049667358,0.371429443,-0.003067017,0.248672485,-0.13571167
2.03742981,-9.951766968,-0.39666748,-0.003067017,0.248672485,-0.13571167
1.585174561,-9.525848389,0.414505005,-0.08001709,0.323822021,-0.237731934
1.857955933,-9.269805908,0.101043701,-0.113006592,0.264572144,-0.2084198
2.113998413,-9.889556885,-0.308135986,-0.282211304,0.217529297,-0.183364868
1.013290405,-9.32244873,0.414505005,-0.384231567,0.33114624,-0.194366455
0.563446045,-9.09513855,0.737533569,-0.258407593,0.064819336,-0.166259766
0.436630249,-10.16233826,0.921783447,-0.258407593,0.064819336,-0.166259766
0.295455933,-10.9495697,0.957672119,-0.186309814,-0.239990234,-0.114334106
-0.113723755,-11.28218079,1.256774902,-0.361618042,-0.373168945,-0.020874023
-0.575531006,-11.24389648,1.383590698,-0.462432861,-0.485549927,0.099456787
0.202133179,-11.40182495,0.895462036,-0.463043213,-0.643768311,0.183761597
0.91998291,-10.69114685,0.182403564,0.062911987,-0.72807312,0.141601563
1.094650269,-9.083175659,-1.05708313,0.062911987,-0.72807312,0.141601563
1.211898804,-6.604202271,-1.420791626,0.930328369,-0.75189209,0.210632324
0.283477783,-7.731231689,-1.4949646,1.326782227,-0.893005371,0.413452148
0.439025879,-11.36352539,-2.435348511,1.603500366,-1.306564331,0.952835083
-0.934463501,-13.49554443,-1.085800171,0.975540161,-1.012115479,0.773849487
-0.843536377,-11.35874939,-0.016204834,0.975540161,-1.012115479,0.773849487
-1.247924805,-10.68875122,0.591567993,0.150878906,-0.178909302,0.651062012
-1.432174683,-9.915878296,1.034240723,0.094680786,-0.499008179,0.339523315
-1.448913574,-9.09034729,0.651382446,0.094680786,-0.499008179,0.339523315
-1.704956055,-8.475402832,0.378601074,-0.139892578,-0.282150269,0.112884521
-1.647521973,-7.795837402,1.029449463,-0.178985596,-0.299865723,-0.234664917
-2.595077515,-7.862838745,1.843017578,-0.178985596,-0.299865723,-0.234664917
-4.052307129,-8.116470337,1.460159302,0.02381897,-0.010314941,-0.546829224
-4.648117065,-9.643096924,1.591766357,-0.021987915,0.051986694,-0.523010254
-4.219802856,-10.74139404,2.745117188,0.120330811,0.392852783,-0.119216919
-2.877441406,-12.24649048,1.639633179,0.330474854,0.959121704,-0.114334106
-0.207046509,-19.81259155,0.225463867,0.330474854,0.959121704,-0.114334106
1.034835815,-11.48316956,0.701644897,-0.27305603,1.11366272,-0.198638916
1.250183105,-11.17689514,0.29006958,-0.58581543,1.049530029,-0.390441895
1.58996582,-10.27719116,0.364257813,-0.793518066,0.927368164,-0.596313477
1.881896973,-6.58984375,0.51499939,-0.671936035,0.86138916,-0.435043335
1.436828613,-7.058837891,0.97442627,-0.671936035,0.86138916,-0.435043335
1.278900146,-8.350967407,1.292663574,-0.469146729,0.806411743,-0.231628418
1.479888916,-9.32963562,0.861953735,-0.083679199,0.533966064,-0.103347778
1.542114258,-9.700515747,-0.004241943,-0.032989502,0.452102661,-0.191925049
1.376998901,-9.54737854,-0.083206177,-0.12828064,0.454544067,-0.231002808
1.257369995,-9.052062988,0.438430786,-0.083679199,0.523574829,-0.200469971
1.211898804,-9.473205566,0.366638184,-0.061080933,0.460037231,-0.185195923
1.656967163,-10.48297119,0.476715088,-0.061080933,0.460037231,-0.185195923
1.738327026,-10.81558228,0.598754883,-0.169219971,0.40322876,-0.261550903
1.676101685,-10.5978241,0.467147827,-0.334136963,0.288391113,-0.372116089
1.101837158,-9.748382568,0.440826416,-0.533279419,0.056274414,-0.3409729
1.020477295,-9.777084351,0.98638916,-0.495407104,-0.269927979,-0.091125488
0.211700439,-9.633514404,1.149093628,-0.42149353,-0.545425415,0.103118896
0.013092041,-10.37528992,0.976806641,-0.42149353,-0.545425415,0.103118896
0.90322876,-10.85386658,0.541320801,-0.351852417,-0.801986694,0.159317017
1.37461853,-11.07878113,0.146499634,-0.115447998,-1.253417969,0.306533813
1.527755737,-10.79164124,-1.597869873,0.356735229,-1.190490723,0.37739563
1.039611816,-9.422958374,-1.652893066,0.780059814,-0.826431274,0.302261353
0.649581909,-7.932220459,-1.392074585,0.99508667,-0.919265747,0.497131348
0.159057617,-8.035110474,-1.205444336,0.992034912,-1.186828613,0.767730713
-0.415222168,-10.38008118,-1.669647217,0.992034912,-1.186828613,0.767730713
-1.1378479,-12.73701477,-1.461471558,0.723861694,-1.054275513,0.623565674
-1.970550537,-9.803405762,-0.111923218,0.394607544,-0.260147095,0.330963135
-2.018417358,-9.729232788,0.323577881,0.219894409,-0.345062256,0.389007568
-1.956192017,-9.741195679,0.395355225,0.113006592,-0.153869629,0.241165161
-1.858093262,-8.506500244,0.409713745,0.113006592,-0.153869629,0.241165161
-1.865264893,-7.74079895,0.96963501,0.001831055,0.180252075,-0.077682495
-2.645324707,-8.39881897,2.058364868,-0.17288208,0.358642578,-0.466201782
-3.571350098,-8.803207397,2.142120361,-0.149047852,0.500976563,-0.752685547
-4.241348267,-8.750564575,3.264358521,-0.120330811,0.590774536,-0.403900146
-3.523498535,-10.39683533,2.680496216,0.291976929,0.913909912,0.016983032
0.584976196,-26.3306427,-1.954391479,0.258392334,0.995758057,0.167251587
1.982391357,-7.649871826,0.29246521,0.258392334,0.995758057,0.167251587
0.845794678,-8.444290161,0.163253784,-0.821609497,1.495452881,-0.4087677
0.745300293,-10.65286255,0.579605103,-0.472808838,0.89680481,-0.731307983
1.776611328,-8.961135864,-0.430160522,-0.366516113,0.770965576,-0.467422485
1.932144165,-7.719268799,-0.087997437,-0.551605225,0.948730469,-0.281097412
1.585174561,-8.252868652,1.278305054,-0.295043945,0.907196045,-0.185806274
1.412902832,-8.712280273,1.070129395,-0.295043945,0.907196045,-0.185806274
2.286270142,-9.32484436,-0.131057739,0.074523926,0.50769043,-0.151000977
2.597351074,-10.05944824,-0.525878906,-0.017105103,0.444778442,-0.212081909
2.331741333,-10.21737671,-0.068847656,-0.017105103,0.444778442,-0.212081909
1.566040039,-10.26043701,0.316390991,-0.058639526,0.604202271,-0.138153076
1.142501831,-10.36094666,0.790176392,-0.100784302,0.39100647,0.002944946
0.843399048,-10.46383667,0.660964966,-0.031158447,0.398345947,0.006607056
1.051574707,-9.915878296,0.282897949,-0.156997681,0.458206177,-0.191314697
0.972610474,-9.193237305,0.500640869,-0.324981689,0.139953613,-0.21697998
0.800338745,-8.886962891,1.007919312,-0.341461182,-0.357284546,0.087844849
0.991760254,-9.32963562,0.347503662,-0.31703186,-0.84046936,0.275985718
1.460754395,-10.04029846,0.170425415,-0.31703186,-0.84046936,0.275985718
1.460754395,-9.573699951,0.261352539,-0.037887573,-1.131851196,0.37739563
0.948684692,-9.140594482,-0.635955811,0.743408203,-1.315719604,0.419555664
0.111206055,-9.623947144,-1.758178711,1.357330322,-1.420806885,0.379837036
0.065734863,-12.03831482,-2.755996704,1.706741333,-1.723175049,0.652267456
-0.699966431,-13.58407593,-2.686599731,1.706741333,-1.723175049,0.652267456
-1.788696289,-12.41638184,-1.188690186,-0.149658203,-0.128829956,0.643722534
-1.953811646,-10.17909241,0.670532227,-0.149658203,-0.128829956,0.643722534
-1.893981934,-10.02354431,0.742324829,-0.052536011,-0.494720459,0.573486328
-1.606842041,-9.188461304,0.854782104,0.0519104,-0.45072937,0.3175354
-1.683410645,-7.992050171,0.103439331,-0.124008179,-0.13432312,0.014541626
-1.60206604,-7.491943359,0.771026611,-0.124008179,-0.13432312,0.014541626
-2.362976074,-7.06842041,2.225860596,-0.431884766,-0.100097656,-0.321426392
-3.674240112,-6.83152771,2.675720215,-0.205856323,0.088638306,-0.478424072
-4.09777832,-7.424942017,2.764251709,0.177139282,0.108795166,-0.392883301
-3.990097046,-8.908493042,2.178009033,0.302978516,0.370849609,-0.202301025
-2.745834351,-13.16293335,0.369033813,0.302978516,0.370849609,-0.202301025
1.465545654,-31.22874451,-1.595474243,0.078186035,0.596878052,-0.122894287
2.257568359,-6.051467896,1.072525024,-0.707977295,0.529083252,-0.035552979
0.513198853,-7.858047485,0.254180908,-1.098937988,1.017150879,-0.29699707
0.051376343,-8.676391602,0.359466553,-0.059249878,-0.01763916,-0.218185425
1.006118774,-8.133224487,-0.418197632,-0.182037354,0.47164917,-0.286605835
2.128356934,-9.085571289,-0.329666138,-0.182037354,0.47164917,-0.286605835
2.317382813,-9.10710144,0.223068237,-0.490524292,0.758132935,-0.357467651
1.917785645,-7.858047485,0.177612305,-0.204025269,0.260299683,-0.20413208
1.850784302,-8.733825684,-0.037750244,-0.204025269,0.260299683,-0.20413208
1.111404419,-10.42076111,-0.071243286,0.013442993,0.029388428,-0.057525635
0.776412964,-10.59544373,0.029251099,0.013442993,0.029388428,-0.057525635
0.415084839,-10.26522827,0.07232666,-0.21685791,0.167434692,-0.2762146
0.67590332,-10.0690155,0.019683838,-0.274276733,0.287780762,-0.293930054
1.293258667,-9.805801392,-0.001846313,-0.313369751,0.321990967,-0.23651123
1.396148682,-9.695739746,0.218292236,-0.312759399,0.056259155,-0.210861206
0.975006104,-9.083175659,0.555679321,-0.13621521,-0.216171265,-0.184585571
-0.058685303,-10.00201416,0.546112061,-0.13621521,-0.216171265,-0.184585571
0.151885986,-10.20779419,0.653778076,0.016494751,-0.44708252,-0.05569458
0.211700439,-10.7964325,1.19934082,-0.018325806,-0.654769897,0.142822266
0.21887207,-11.48796082,1.18977356,-0.07208252,-0.813598633,0.222854614
-0.422393799,-11.09074402,0.270935059,0.092849731,-0.827651978,0.247879028
-0.515716553,-10.91607666,-1.078613281,0.499069214,-0.665771484,0.268051147
0.357666016,-10.42555237,-1.655288696,0.697601318,-0.420196533,0.35357666
0.764434814,-9.166915894,-1.468658447,0.697601318,-0.420196533,0.35357666
0.025054932,-7.846084595,-1.035552979,0.847259521,-0.396377563,0.501403809
-0.554000854,-10.55476379,-1.284408569,0.873519897,-0.620559692,0.702362061
-0.67364502,-12.94996643,-0.760375977,0.670715332,-0.604675293,0.548431396
-1.037353516,-10.08576965,0.096252441,0.232116699,-0.088500977,0.396942139
-1.482421875,-10.00680542,0.52456665,0.083679199,-0.305969238,0.406707764
-2.238555908,-9.853668213,0.476715088,0.083679199,-0.305969238,0.406707764
-2.346221924,-9.229141235,0.412109375,0.056808472,-0.21434021,0.286987305
-1.80065918,-7.836517334,1.153884888,-0.077575684,0.095962524,0.060974121
-2.190689087,-7.664230347,1.857376099,-0.188140869,0.300003052,-0.276824951
-3.210037231,-7.446487427,2.041625977,-0.131332397,0.45149231,-0.383117676
-4.219802856,-7.925048828,2.33354187,-0.131332397,0.45149231,-0.383117676
-3.85369873,-9.09992981,2.79057312,0.362228394,0.551055908,-0.138168335
-1.247924805,-19.36752319,-0.15737915,0.362228394,0.551055908,-0.138168335
3.308013916,-9.32723999,0.584396362,0.38117981,0.89743042,0.141601563
0.529953003,-9.796234131,0.433639526,-0.7550354,1.118560791,-0.378845215
0.6615448,-10.07858276,1.22088623,-0.635299683,0.645751953,-0.519332886
1.35067749,-7.757553101,0.2996521,-0.255950928,0.516845703,-0.312866211
1.743103027,-7.231124878,-0.487594604,-0.348190308,0.60848999,-0.251174927
1.661743164,-8.659637451,1.034240723,-0.125228882,0.383682251,-0.201080322
1.271713257,-9.243484497,1.716201782,-0.125228882,0.383682251,-0.201080322
1.254974365,-9.908691406,-0.15977478,-0.04397583,0.223648071,-0.128387451
1.393753052,-10.0690155,-0.214813232,-0.025039673,0.130783081,-0.180908203
1.094650269,-9.683776855,0.627456665,-0.097122192,0.279220581,-0.238952637
0.975006104,-9.741195679,0.845214844,-0.018325806,0.177215576,-0.27684021
1.147293091,-9.753158569,0.919387817,-0.018325806,0.177215576,-0.27684021
1.015686035,-10.16233826,0.840423584,-0.025650024,0.121017456,-0.348297119
0.874511719,-10.47579956,0.613098145,-0.078186035,-0.023757935,-0.293319702
0.757263184,-9.726837158,0.838027954,-0.333526611,-0.304138184,-0.028213501
0.182983398,-9.576095581,1.421875,-0.412322998,-0.745788574,0.26071167
-0.068252563,-9.686157227,1.472122192,-0.412322998,-0.745788574,0.26071167
0.139907837,-10.09773254,0.672927856,-0.339645386,-1.025558472,0.371276855
1.211898804,-11.6602478,-0.128677368,0.121551514,-0.902160645,0.224075317
0.44140625,-11.18406677,-0.860870361,0.674377441,-0.614456177,0.139770508
0.498840332,-10.35136414,-1.808425903,0.900390625,-0.586959839,0.216125488
0.515594482,-9.305709839,-2.052505493,0.954147339,-0.755554199,0.457427979
-0.424789429,-9.853668213,-1.791687012,0.954147339,-0.755554199,0.457427979
-1.374740601,-11.78227234,-1.006835938,0.619415283,-0.893005371,0.721313477
-1.472854614,-11.90908813,-0.207626343,0.144760132,-0.776931763,0.566772461
-1.460876465,-9.343994141,0.548492432,0.189971924,-0.149581909,0.374343872
-1.721694946,-9.501922607,0.196746826,0.189971924,-0.149581909,0.374343872
-1.932266235,-9.274597168,0.182403564,0.22479248,-0.46295166,0.344406128
-2.214614868,-8.796035767,0.51499939,0.104446411,-0.31880188,0.221008301
-2.114120483,-8.121261597,1.110809326,0,-0.013961792,0.005386353
-2.085403442,-8.205001831,1.704238892,-0.003662109,0.13873291,-0.262161255
-2.556793213,-8.030334473,1.993759155,-0.003662109,0.13873291,-0.262161255
-3.360778809,-7.661834717,2.321578979,0.004272461,0.257247925,-0.431991577
-3.903961182,-7.747970581,3.544311523,0.139877319,0.400177002,-0.365402222
-3.645523071,-13.59124756,1.106033325,0.438583374,0.569396973,-0.289657593
1.283691406,-23.05007935,-0.224380493,-0.246185303,0.889480591,0.067077637
1.673721313,-8.64050293,0.244613647,-1.105056763,1.076400757,-0.518737793
1.12336731,-8.848678589,1.572631836,-0.549163818,0.376968384,-0.626251221
1.087478638,-7.633117676,0.507827759,-0.20463562,0.349472046,-0.355026245
1.434432983,-9.183670044,0.371429443,-0.313980103,0.216323853,-0.271331787
0.991760254,-9.126251221,1.115600586,-0.313980103,0.216323853,-0.271331787
0.613693237,-8.827133179,0.2996521,-0.226638794,0.160720825,-0.301879883
0.872116089,-9.903915405,-0.16456604,-0.006729126,0.059310913,-0.248123169
1.298034668,-10.46861267,0.156082153,-0.221740723,0.235244751,-0.257293701
1.13772583,-9.284164429,0.632247925,-0.221130371,0.15826416,-0.213912964
1.046798706,-9.509094238,0.593963623,-0.132553101,-0.048187256,-0.212081909
1.324356079,-10.41596985,0.416900635,-0.132553101,-0.048187256,-0.212081909
0.783584595,-10.64569092,0.471923828,-0.200363159,-0.123321533,-0.259109497
0.525161743,-10.18626404,0.845214844,-0.390335083,-0.53137207,-0.045318604
0.276306152,-10.12405396,1.070129395,-0.390335083,-0.53137207,-0.045318604
-0.125686646,-9.891952515,1.127563477,-0.252288818,-0.674926758,0.126327515
-0.635360718,-9.678985596,1.129959106,-0.155151367,-0.844146729,0.259506226
0.699829102,-10.58825684,0.560455322,0.03604126,-1.013961792,0.3853302
0.649581909,-11.02613831,-0.930267334,0.543060303,-0.882003784,0.411605835
0.271514893,-9.494735718,-1.416015625,0.543060303,-0.882003784,0.411605835
-0.252502441,-8.114074707,-1.382507324,0.775177002,-0.697540283,0.26499939
0.553878784,-10.05705261,-2.150604248,1.092208862,-0.942474365,0.476348877
0.381591797,-12.80879211,-1.794067383,0.882080078,-0.933929443,0.655349731
-0.331466675,-11.16493225,-0.202850342,0.059249878,-0.33833313,0.384719849
-1.176132202,-9.698120117,0.450393677,0.284042358,-0.488006592,0.403656006
-2.075836182,-8.769714355,0.706420898,0.350631714,-0.451965332,0.399993896
-2.200271606,-8.702713013,0.285293579,0.167373657,-0.059188843,0.271713257
-1.862884521,-8.037506104,1.117996216,0.167373657,-0.059188843,0.271713257
-2.135665894,-7.903503418,2.199539185,-0.11239624,0.095352173,-0.119842529
-2.894180298,-7.814971924,2.381393433,-0.137451172,0.3152771,-0.354400635
-3.444534302,-8.140396118,2.453186035,0.040924072,0.303665161,-0.196807861
-2.736251831,-9.678985596,2.907821655,0.476455688,0.301834106,-0.045303345
-1.250320435,-17.19483948,-0.262664795,0.331069946,0.681777954,-0.182144165
1.329147339,-10.56672668,1.144317627,-0.450820923,0.82901001,-0.262771606
-0.654495239,-10.17430115,0.232650757,-0.723266602,0.959121704,-0.392883301
0.520370483,-8.805603027,0.871536255,-0.273651123,0.730041504,-0.226119995
1.482284546,-7.96333313,-0.126281738,-0.28465271,1.179031372,-0.271331787
1.190368652,-9.260238647,0.51260376,-0.28465271,1.179031372,-0.271331787
1.087478638,-9.377487183,1.342910767,-0.333526611,1.157043457,-0.311645508
1.946502686,-8.918060303,0.414505005,-0.238235474,0.97744751,-0.223068237
2.429840088,-9.320068359,-0.298553467,-0.245559692,0.815567017,-0.217575073
2.178604126,-9.750762939,-0.040130615,-0.285263062,0.752044678,-0.27684021
1.204727173,-9.583267212,0.503036499,-0.285263062,0.752044678,-0.27684021
0.833831787,-9.695739746,0.682495117,-0.177764893,0.606033325,-0.220626831
1.558853149,-10.20062256,0.342712402,-0.152099609,0.549835205,-0.175430298
2.05178833,-10.77011108,0.364257813,-0.206466675,0.440490723,-0.238967896
1.544509888,-10.73899841,0.565246582,-0.206466675,0.440490723,-0.238967896
0.908004761,-10.18147278,1.062957764,-0.187545776,0.202255249,-0.232849121
0.453369141,-9.77947998,1.247207642,-0.166137695,-0.115997314,-0.104553223
0.070526123,-10.24130249,1.18977356,-0.163696289,-0.381713867,-0.030044556
-0.278823853,-10.18386841,0.938522339,-0.261444092,-0.505722046,-0.002563477
-0.123291016,-10.01158142,0.826065063,-0.261444092,-0.505722046,-0.002563477
-0.044326782,-10.07141113,0.811706543,-0.346359253,-0.614456177,0.034698486
0.178207397,-9.99961853,0.203933716,-0.074523926,-0.583908081,0.065246582
0.582580566,-9.956558228,-0.411026001,-0.074523926,-0.583908081,0.065246582
0.826660156,-9.480377197,-1.212615967,0.952926636,-0.440353394,0.24911499
1.336334229,-9.284164429,-1.882614136,0.983474731,-0.641326904,0.529495239
0.723770142,-10.43751526,-2.018997192,0.983474731,-0.641326904,0.529495239
-0.374542236,-11.92106628,-1.181518555,0.678665161,-0.724411011,0.573486328
-1.226379395,-10.72465515,0.010116577,0.450805664,-0.575363159,0.431777954
-0.805252075,-10.93760681,0.239822388,0.35307312,-0.568023682,0.526443481
-1.609237671,-10.17430115,0.436035156,0.35307312,-0.568023682,0.526443481
-2.458694458,-9.623947144,0.380996704,0.185684204,-0.358505249,0.476348877
-2.293579102,-8.592636108,0.687286377,-0.034210205,-0.078720093,0.310806274
-1.929870605,-7.932220459,1.304626465,-0.188140869,-0.001144409,-0.034927368
-2.841537476,-7.472808838,2.039230347,-0.08001709,0.253570557,-0.526672363
-4.191101074,-7.5206604,2.759460449,0.231521606,0.404464722,-0.19619751
-4.181518555,-8.85824585,3.123168945,0.231521606,0.404464722,-0.19619751
1.613891602,-25.28019714,0.617889404,0.637115479,0.957275391,0.028594971
1.848388672,-8.015975952,0.845214844,-0.524734497,0.864425659,-0.207794189
0.350479126,-10.27001953,1.141921997,-0.299926758,0.932235718,-0.575546265
0.577804565,-11.26063538,0.98638916,-0.299926758,0.932235718,-0.575546265
1.333938599,-8.406005859,0.211105347,-0.150268555,0.808242798,-0.402664185
1.695251465,-8.468215942,0.962463379,-0.393386841,1.120391846,-0.267669678
1.712005615,-8.489746094,1.421875,-0.312149048,1.088623047,-0.378234863
1.860351563,-8.348571777,-0.109527588,-0.102615356,0.834503174,-0.290878296
2.70501709,-9.205200195,-0.786697388,-0.253509521,0.703796387,-0.254226685
2.4896698,-9.396636963,0.110610962,-0.338409424,0.628036499,-0.244445801
1.903427124,-9.731628418,0.129760742,-0.34147644,0.455764771,-0.248733521
1.412902832,-10.12882996,0.127365112,-0.34147644,0.455764771,-0.248733521
1.022872925,-10.38487244,0.522171021,-0.324981689,0.309768677,-0.269500732
1.044403076,-10.53321838,0.809310913,-0.318862915,0.240127563,-0.24810791
1.472717285,-10.24847412,0.804534912,-0.318862915,0.240127563,-0.24810791
1.551681519,-9.997238159,0.826065063,-0.326812744,-0.027420044,-0.24017334
1.13053894,-10.04986572,1.003128052,-0.375671387,-0.30291748,-0.192520142
0.295455933,-9.877593994,1.1849823,-0.251068115,-0.640106201,0.005996704
0.264343262,-9.875198364,1.1849823,-0.078796387,-1.059158325,0.190475464
0.687866211,-10.93283081,0.976806641,0.009765625,-1.363983154,0.218566895
0.479690552,-11.72485352,0.0675354,0.009765625,-1.363983154,0.218566895
0.936721802,-11.13861084,-1.451904297,0.37689209,-1.337112427,0.254608154
1.128158569,-8.164321899,-1.171936035,0.755020142,-0.942489624,0.269882202
0.391159058,-8.133224487,-0.894378662,0.831985474,-1.169723511,0.839813232
-0.498962402,-10.69354248,-0.915908813,0.831985474,-1.169723511,0.839813232
-1.494384766,-12.42115784,-0.61920166,0.805709839,-0.98890686,0.589981079
-1.532669067,-10.32264709,-0.494766235,0.510070801,-0.369491577,0.443984985
-1.212036133,-9.839309692,-0.009033203,0.182022095,-0.277862549,0.536834717
-1.212036133,-9.523452759,0.302032471,0.182022095,-0.277862549,0.536834717
-1.113922119,-9.006607056,0.426467896,0.123382568,-0.1300354,0.404266357
-1.453704834,-8.212188721,0.51260376,0.019561768,0.016555786,0.142822266
-1.527877808,-7.757553101,0.668136597,-0.074523926,0.094741821,-0.047149658
-1.393890381,-7.597229004,1.326171875,-0.074523926,0.094741821,-0.047149658
-1.977737427,-7.881973267,1.682693481,-0.037872314,0.091690063,-0.537658691
-3.315322876,-8.066223145,2.139724731,-0.037872314,0.091690063,-0.537658691
-4.159988403,-9.387054443,2.879104614,0.098342896,0.246856689,-0.479629517
-3.090393066,-12.81358337,1.393157959,0.485641479,0.543731689,-0.145492554
0.805114746,-22.61697388,-0.087997437,0.412948608,0.805175781,0.039581299
0.127944946,-9.626342773,1.469741821,-0.695770264,1.023864746,-0.119842529
0.939117432,-10.38964844,0.629852295,-0.695770264,1.023864746,-0.119842529
2.214492798,-10.48536682,-0.631164551,-0.601699829,0.890701294,-0.750244141
2.642807007,-6.778884888,0.522171021,-0.616363525,0.520523071,-0.829040527
0.953475952,-7.757553101,1.385986328,-0.683547974,0.692169189,-0.626235962
0.541915894,-8.260040283,1.407516479,-0.362854004,0.536407471,-0.368453979
1.566040039,-9.174102783,0.325973511,-0.098953247,0.293289185,-0.201690674
1.453582764,-9.365524292,-0.032958984,-0.13621521,0.496078491,-0.198638916
1.12336731,-9.592849731,0.639419556,-0.13621521,0.496078491,-0.198638916
1.190368652,-9.291351318,0.716003418,-0.051315308,0.441101074,-0.123504639
1.721572876,-9.212387085,0.653778076,-0.051925659,0.356811523,-0.04776001
1.709609985,-9.956558228,0.790176392,-0.02015686,0.252975464,-0.146713257
1.582794189,-10.55714417,0.457565308,-0.02015686,0.252975464,-0.146713257
1.343505859,-10.24607849,0.280502319,-0.145385742,0.172927856,-0.161987305
1.568435669,-9.741195679,0.51020813,-0.357345581,0.066650391,-0.105178833
1.458358765,-9.631134033,0.550888062,-0.404388428,-0.201507568,-0.078292847
1.085083008,-10.02354431,0.605926514,-0.404388428,-0.201507568,-0.078292847
0.635223389,-10.41119385,0.739929199,-0.328643799,-0.604064941,0.060974121
0.20690918,-10.46144104,1.170639038,-0.414154053,-0.954101563,0.25340271
0.721374512,-11.22953796,0.53175354,-0.414154053,-0.954101563,0.25340271
1.092254639,-12.25845337,-0.580917358,-0.334747314,-1.126968384,0.380462646
1.826858521,-11.53103638,-1.657684326,0.236404419,-1.042068481,0.254623413
1.006118774,-9.729232788,-1.686401367,0.510665894,-0.81237793,0.232009888
-0.128082275,-7.623550415,-1.016403198,0.597412109,-0.784881592,0.381057739
-0.994277954,-8.559143066,-1.27482605,0.856430054,-0.807479858,0.60585022
-1.056503296,-10.82035828,-1.645721436,0.827102661,-0.8203125,0.620513916
-0.479827881,-11.51905823,-1.052307129,0.485015869,-0.215560913,0.508117676
-0.611434937,-10.39204407,-0.542633057,0.485015869,-0.215560913,0.508117676
-1.547027588,-9.614379883,-0.016204834,0.215011597,-0.083618164,0.517883301
-1.994476318,-9.248275757,0.761459351,0.207077026,-0.114761353,0.509338379
-2.224197388,-8.721862793,0.536529541,0.154541016,0.11428833,0.343185425
-2.599868774,-7.96333313,0.625076294,0.154541016,0.11428833,0.343185425
-2.353408813,-7.889160156,1.003128052,0.058639526,0.440490723,-0.120437622
-2.336654663,-7.697723389,1.254379272,-0.003662109,0.445983887,-0.34463501
-3.463668823,-8.097335815,1.826263428,-0.032974243,0.412399292,-0.416717529
-4.420806885,-9.150177002,2.182800293,0.187530518,0.722106934,-0.391662598
-3.935058594,-9.748382568,1.627655029,0.508834839,0.982330322,-0.450302124
-1.867660522,-11.63153076,1.18977356,0.419662476,1.045257568,-0.334243774
0.575408936,-17.22355652,0.778213501,0.419662476,1.045257568,-0.334243774
1.922561646,-17.4460907,-0.430160522,0.419662476,1.045257568,-0.334243774
-0.869857788,-12.02635193,0.51260376,0.058029175,1.039749146,0.223449707
2.513595581,-8.018371582,1.127563477,-0.444091797,0.865646362,0.104354858
3.17640686,-10.69114685,0.132141113,-0.228469849,0.905975342,-0.763061523
2.367630005,-10.06661987,0.905029297,-0.219909668,0.417892456,-0.768585205
1.020477295,-9.231521606,0.928955078,-0.486862183,0.6121521,-0.528503418
0.781188965,-8.489746094,1.115600586,-0.486862183,0.6121521,-0.528503418
1.444000244,-7.712081909,1.120376587,-0.408050537,0.341537476,-0.436889648
1.824462891,-8.41796875,0.782989502,-0.131942749,0.320770264,-0.401443481
0.838623047,-9.688552856,0.328353882,-0.161270142,0.477142334,-0.337905884
0.568237305,-9.808197021,0.866744995,-0.161270142,0.477142334,-0.337905884
1.630645752,-8.961135864,0.890670776,-0.2290802,0.505859375,-0.176651001
1.841217041,-9.018569946,0.739929199,-0.2290802,0.505859375,-0.176651001
1.470321655,-9.32244873,0.905029297,-0.095291138,0.414840698,-0.209640503
1.307617188,-9.631134033,1.115600586,-0.070251465,0.304275513,-0.269500732
1.508605957,-9.688552856,1.072525024,-0.070251465,0.304275513,-0.269500732
1.834030151,-9.796234131,0.806930542,-0.169815063,0.101470947,-0.144882202
1.089859009,-10.11209106,0.665740967,-0.342697144,-0.198455811,0.029205322
0.182983398,-10.83950806,1.237625122,-0.436157227,-0.552749634,0.189239502
0.800338745,-10.87060547,1.689880371,-0.243728638,-0.866729736,0.326080322
1.3722229,-11.8636322,0.191970825,0.120941162,-1.138580322,0.436645508
1.104217529,-10.50450134,-1.483001709,0.669494629,-0.866119385,0.292480469
-0.020401001,-8.339004517,-1.593078613,0.792282104,-0.830688477,0.470855713
-0.795684814,-8.291152954,-1.198257446,0.842987061,-1.086044312,0.932678223
-0.400863647,-10.48776245,-1.676834106,0.842987061,-1.086044312,0.932678223
-0.197479248,-14.14399719,-1.380111694,-0.009780884,-0.114776611,0.261947632
-0.68081665,-10.00920105,0.108215332,-0.009780884,-0.114776611,0.261947632
-1.302963257,-9.207595825,0.577209473,0.063522339,-0.136154175,0.356018066
-1.384307861,-9.047286987,0.522171021,0.047027588,-0.357894897,0.404876709
-1.228775024,-8.882171631,0.541320801,-0.020767212,-0.096450806,0.20085144
-1.968154907,-7.898727417,0.814102173,-0.067810059,0.037322998,-0.062423706
-2.748214722,-7.692947388,1.649200439,-0.067810059,0.037322998,-0.062423706
-3.119110107,-8.370117188,2.041625977,0.16859436,0.163162231,-0.319595337
-4.025985718,-7.661834717,2.824066162,0.175308228,0.248077393,-0.369064331
-3.958984375,-8.047073364,3.321777344,0.226623535,0.677505493,-0.169311523
-2.461090088,-11.73202515,1.354873657,0.560760498,0.902923584,-0.070358276
0.333740234,-25.41897583,-0.564163208,-0.18081665,0.992721558,0.01272583
2.276702881,-9.279388428,-0.277023315,-0.588256836,1.16192627,-0.136947632
1.750289917,-8.678787231,0.833251953,-0.588256836,1.16192627,-0.136947632
1.333938599,-10.87060547,-0.025772095,-0.141723633,0.669570923,-0.431365967
1.762252808,-9.571304321,0.086685181,-0.205245972,0.741043091,-0.47718811
1.508605957,-9.403808594,1.316589355,-0.243118286,0.744094849,-0.488204956
0.991760254,-8.441894531,1.390777588,-0.243118286,0.744094849,-0.488204956
1.082687378,-8.999420166,0.191970825,-0.089797974,0.60848999,-0.292709351
1.451187134,-9.616775513,-0.15020752,-0.10446167,0.650024414,-0.209014893
1.941711426,-9.432525635,0.397750854,-0.248001099,0.752655029,-0.302490234
2.386779785,-8.836715698,0.75428772,-0.260848999,0.559005737,-0.281723022
2.164245605,-9.016174316,0.797348022,-0.207687378,0.383682251,-0.290267944
1.109008789,-9.662231445,0.895462036,-0.169815063,0.152786255,-0.235900879
0.22605896,-10.05705261,1.400344849,-0.169815063,0.152786255,-0.235900879
0.051376343,-10.06422424,1.20413208,-0.119720459,-0.249771118,-0.024551392
-0.348220825,-10.94717407,0.53414917,-0.28527832,-0.497177124,0.153213501
0.360061646,-11.17210388,0.270935059,-0.401947021,-0.720123291,0.225296021
1.269332886,-11.36114502,0.168045044,-0.334136963,-1.007858276,0.151367188
1.862747192,-10.60261536,-0.255493164,0.012207031,-0.893630981,0.034088135
1.874710083,-10.3944397,-0.985305786,0.012207031,-0.893630981,0.034088135
0.814697266,-8.925247192,-1.791687012,0.433105469,-0.805053711,0.059753418
-0.400863647,-8.535217285,-1.846710205,0.489898682,-0.84413147,0.662658691
-1.164169312,-10.89692688,-1.471038818,0.489898682,-0.84413147,0.662658691
-1.36517334,-12.60061646,-1.045120239,0.400100708,-1.041442871,0.586303711
-0.728683472,-10.95196533,-0.765167236,0.255340576,-0.764724731,0.42137146
-1.092391968,-9.257843018,-0.068847656,0.121551514,-0.264434814,0.444595337
-1.893981934,-9.796234131,0.079498291,0.082458496,-0.132476807,0.41343689
-1.59967041,-8.939605713,-0.006637573,0.012207031,-0.091552734,0.211853027
-1.893981934,-8.310287476,0.180007935,0.012207031,-0.091552734,0.211853027
-2.451507568,-8.205001831,1.003128052,-0.113006592,0.136901855,-0.049591064
-3.774749756,-8.154754639,1.673126221,-0.061096191,0.380630493,-0.273773193
-4.595474243,-8.724243164,1.42666626,-0.111175537,0.70803833,-0.366012573
-4.289199829,-8.934814453,1.146697998,0.163711548,0.889480591,-0.249954224
-1.539840698,-13.35675049,1.22088623,0.503952026,1.01348877,-0.283538818
0.970230103,-16.53681946,0.022079468,-0.243118286,1.264556885,-0.595077515
0.606521606,-10.56433105,0.270935059,-0.243118286,1.264556885,-0.595077515
0.553878784,-10.71746826,0.718383789,-0.461212158,1.121002197,-0.755126953
0.864944458,-8.841491699,0.74710083,-0.48991394,0.767913818,-0.591415405
2.159454346,-7.542190552,0.811706543,-0.500289917,0.80456543,-0.293930054
1.936920166,-8.276794434,1.524765015,-0.311538696,0.785629272,-0.265228271
1.214294434,-9.303314209,1.165847778,-0.233963013,0.661026001,-0.205978394
1.410507202,-10.05944824,0.598754883,-0.045806885,0.532730103,-0.202911377
1.601928711,-9.710098267,0.469528198,-0.021987915,0.587097168,-0.229187012
1.932144165,-9.621551514,0.905029297,-0.021987915,0.587097168,-0.229187012
2.209701538,-10.04508972,0.785385132,0.013442993,0.548629761,-0.179092407
2.350891113,-10.62893677,0.897857666,-0.050079346,0.413009644,-0.268890381
2.056564331,-10.64089966,1.20892334,-0.046417236,0.246856689,-0.322631836
1.649780273,-9.477981567,1.292663574,-0.062301636,-0.039642334,-0.290267944
1.006118774,-9.006607056,1.330947876,-0.059249878,-0.473342896,-0.105178833
0.084884644,-8.875,1.259170532,-0.094070435,-0.844146729,0.278427124
0.171020508,-9.791442871,0.450393677,-0.094070435,-0.844146729,0.278427124
1.298034668,-11.73681641,-0.190887451,-0.111175537,-1.097640991,0.491012573
0.797943115,-11.35874939,0.062759399,0.093444824,-1.431182861,0.481246948
0.984588623,-10.32743835,-1.552398682,0.511291504,-1.480056763,0.503845215
0.498840332,-10.41596985,-2.227172852,0.960876465,-1.445831299,0.648010254
-0.381713867,-11.17449951,-2.2056427,0.960876465,-1.445831299,0.648010254
-0.539642334,-11.62434387,-1.200653076,0.685379028,-1.120254517,0.820877075
-0.386505127,-9.848876953,0.637039185,0.211349487,-0.899108887,0.6302948
-1.133071899,-9.293746948,0.247009277,0.365890503,-0.646224976,0.492233276
-1.685806274,-8.664428711,0.215896606,0.330474854,-0.828872681,0.46534729
-2.066268921,-8.578292847,0.251785278,0.065353394,-0.562530518,0.364562988
-2.171554565,-8.149978638,0.826065063,-0.044586182,-0.322463989,0.095184326
-2.200271606,-7.04927063,1.407516479,-0.044586182,-0.322463989,0.095184326
-2.7290802,-7.343597412,1.893264771,0.092834473,-0.117218018,-0.227966309
-3.693389893,-7.075592041,3.084884644,0.295654297,0.130783081,-0.406326294
-4.234161377,-7.669006348,4.723968506,0.352462769,0.384292603,-0.39289856
-4.499771118,-10.29634094,2.084686279,0.474029541,0.68057251,-0.492462158
1.259750366,-42.07061768,-1.724685669,0.262664795,0.776473999,0.019439697
2.649993896,-7.94418335,-0.190887451,-1.233322144,1.077011108,0.095184326
1.393753052,-8.219360352,1.039031982,-0.479522705,0.565719604,-0.60546875
1.223861694,-10.60740662,-0.097564697,-0.479522705,0.565719604,-0.60546875
1.061157227,-8.42276001,-0.451705933,-0.352462769,0.420349121,-0.673904419
0.991760254,-8.116470337,1.103637695,-0.352462769,0.420349121,-0.673904419
1.176010132,-7.200027466,1.66355896,-0.521057129,0.521133423,-0.538894653
1.35067749,-6.671203613,0.402542114,0.210739136,0.173553467,-0.210861206
1.704818726,-9.745986938,-0.681411743,0.210739136,0.173553467,-0.210861206
1.506210327,-10.42315674,0.206329346,-0.114227295,0.215087891,-0.209640503
0.795547485,-9.509094238,0.419281006,-0.231521606,0.246856689,-0.20413208
0.943908691,-9.102310181,0.223068237,-0.199752808,0.245010376,-0.061798096
1.367431641,-9.827346802,0.239822388,-0.106292725,0.097198486,-0.09173584
1.695251465,-10.33462524,0.335540771,-0.106292725,0.097198486,-0.09173584
1.209503174,-10.82514954,0.479110718,-0.26449585,0.005569458,-0.18031311
0.951080322,-10.75335693,0.598754883,-0.333526611,-0.335281372,-0.114944458
0.654373169,-10.81318665,0.826065063,-0.37689209,-0.590637207,-0.045318604
-0.257293701,-10.1910553,0.711212158,-0.320083618,-0.756790161,-0.00743103
-0.800460815,-9.98765564,0.823669434,-0.320083618,-0.756790161,-0.00743103
0.070526123,-9.877593994,0.505432129,-0.259002686,-0.991348267,0.081115723
1.36026001,-10.60261536,0.30682373,0.111785889,-1.336486816,0.357849121
1.597137451,-10.34896851,-0.60005188,0.630401611,-1.352371216,0.450698853
0.958267212,-9.1118927,-1.698364258,1.119094849,-1.203933716,0.36946106
0.391159058,-9.463638306,-1.992675781,1.13130188,-1.448898315,0.721923828
-0.140045166,-10.157547,-1.861068726,1.13130188,-1.448898315,0.721923828
-1.087600708,-11.59085083,-0.274627686,0.521057129,-1.14163208,0.744537354
-1.408233643,-10.63372803,0.101043701,0.387893677,-0.613235474,0.472686768
-1.233566284,-9.638305664,-0.004241943,0.389724731,-0.618118286,0.429321289
-1.221603394,-9.123855591,0.158462524,0.150863647,-0.455627441,0.371276855
-1.233566284,-8.159545898,0.75189209,-0.093460083,-0.105606079,0.123275757
-1.470458984,-7.513473511,1.031845093,-0.093460083,-0.105606079,0.123275757
-1.999267578,-7.434524536,1.474517822,-0.189987183,-0.020095825,-0.171768188
-2.913330078,-7.841293335,2.300048828,-0.085510254,0.172927856,-0.502227783
-3.899169922,-8.336608887,2.515396118,0.056808472,0.353134155,-0.59753418
-4.353805542,-9.944595337,2.936538696,0.438583374,0.413009644,-0.193756104
-2.317520142,-14.83790588,1.491271973,0.633453369,0.903533936,-0.007446289
-0.099365234,-20.65246582,0.629852295,0.633453369,0.903533936,-0.007446289
0.687866211,-10.35375977,0.555679321,-0.695770264,1.051361084,-0.222457886
1.065933228,-10.44947815,0.438430786,-0.695770264,1.051361084,-0.222457886
2.094848633,-8.717071533,0.491073608,-0.588867188,0.570007324,-0.394104004
2.116394043,-7.042098999,0.089080811,-0.588867188,0.570007324,-0.394104004
1.384185791,-8.303115845,1.050994873,-0.466094971,0.473480225,-0.301269531
0.517974854,-9.166915894,1.548706055,-0.211975098,0.324432373,-0.242630005
0.398345947,-9.449279785,0.498245239,-0.021377563,0.217529297,-0.170532227
0.738128662,-9.343994141,-0.15020752,-0.160049438,0.364746094,-0.181533813
0.723770142,-9.257843018,0.201538086,-0.160049438,0.364746094,-0.181533813
0.876907349,-9.317672729,0.584396362,-0.236999512,0.436828613,-0.153442383
1.080291748,-9.729232788,0.493469238,-0.2162323,0.474700928,-0.144882202
1.032440186,-10.33700562,0.124969482,-0.230300903,0.368408203,-0.216964722
0.625656128,-9.710098267,0.258972168,-0.292602539,0.260894775,-0.282943726
0.699829102,-9.877593994,0.397750854,-0.392776489,0.241958618,-0.207199097
0.975006104,-9.875198364,0.802139282,-0.491134644,-0.003585815,-0.096008301
0.862548828,-10.29154968,1.254379272,-0.518005371,-0.209442139,-0.087463379
0.800338745,-10.71746826,1.034240723,-0.357955933,-0.4556427,-0.156494141
0.783584595,-10.9065094,1.074920654,-0.357955933,-0.4556427,-0.156494141
0.376800537,-10.89215088,0.479110718,-0.214416504,-0.761062622,-0.1925354
0.618484497,-11.42575073,-1.148010254,-0.064147949,-0.918670654,0.001724243
0.860153198,-10.90411377,-1.73425293,0.380554199,-0.89239502,0.206970215
1.276504517,-9.250671387,-1.944824219,0.747085571,-0.652328491,0.348083496
1.37461853,-8.355758667,-1.250900269,0.689651489,-0.942474365,0.66267395
1.599533081,-9.001815796,-1.420791626,0.689651489,-0.942474365,0.66267395
0.525161743,-10.97349548,-1.657684326,0.759902954,-1.108642578,0.65838623
-0.92250061,-11.49035645,-1.392074585,0.877807617,-0.710968018,0.367630005
-1.496780396,-9.652664185,-0.226776123,0.761123657,-0.48739624,0.542327881
-1.704956055,-9.284164429,0.29486084,0.311538696,-0.293762207,0.709091187
-2.016021729,-9.403808594,0.330749512,0.266952515,0.180877686,0.566146851
-1.987304688,-8.429931641,0.452789307,0.126434326,0.336639404,0.136108398
-1.901168823,-7.733627319,1.039031982,-0.036651611,0.532730103,-0.299423218
-2.626190186,-7.319656372,2.11100769,-0.036651611,0.532730103,-0.299423218
-3.911132813,-7.578094482,2.524963379,-0.061691284,0.681793213,-0.527893066
-4.250915527,-8.616577148,3.23324585,0.045211792,0.777084351,-0.309814453
-3.344039917,-9.690948486,3.020278931,0.431243896,0.880935669,-0.122894287
-1.858093262,-12.3924408,1.251983643,0.243118286,1.125274658,-0.36050415
1.3387146,-16.27120972,-0.229171753,0.243118286,1.125274658,-0.36050415
1.956069946,-12.41398621,-0.178924561,-0.081848145,0.988449097,-0.23223877
1.692855835,-6.83152771,0.199142456,-0.744033813,1.077011108,0.188034058
1.688064575,-7.860443115,0.144104004,-0.709197998,1.125274658,-0.034927368
2.530349731,-9.671813965,1.108413696,0.065963745,0.530288696,-0.335479736
1.247787476,-9.688552856,1.055770874,-0.147201538,0.683013916,-0.361129761
0.551483154,-9.401412964,0.225463867,-0.279159546,0.296951294,-0.209640503
0.970230103,-8.300720215,0.708816528,-0.279159546,0.296951294,-0.209640503
1.113800049,-8.372497559,0.704025269,-0.087966919,0.122238159,-0.160766602
0.886474609,-9.762741089,0.177612305,-0.087966919,0.122238159,-0.160766602
0.67829895,-10.40161133,-0.001846313,-0.07635498,0.180267334,-0.157699585
0.288269043,-9.78666687,0.565246582,-0.290145874,0.117965698,-0.181533813
0.178207397,-9.568908691,0.670532227,-0.52166748,0.166229248,-0.1796875
0.204528809,-9.281784058,0.771026611,-0.408050537,0.052597046,-0.165039063
0.046600342,-9.583267212,1.031845093,-0.346359253,-0.138595581,-0.118011475
0.642410278,-9.884765625,1.235244751,-0.256561279,-0.476394653,-0.064239502
0.934326172,-9.753158569,1.338134766,-0.164932251,-0.710968018,-0.077072144
-0.075439453,-9.736419678,1.273529053,-0.164932251,-0.710968018,-0.077072144
-0.762176514,-10.80599976,1.067733765,0.043365479,-0.847198486,-0.011108398
-0.618606567,-13.03372192,-0.489990234,0.334747314,-0.961425781,0.232009888
0.986968994,-12.84230042,-1.762969971,0.666442871,-0.637054443,0.188644409
0.494049072,-9.162139893,-1.272445679,0.747695923,-0.191116333,0.326080322
-0.458297729,-7.932220459,-0.824981689,0.747695923,-0.191116333,0.326080322
-0.47026062,-9.372711182,-1.229370117,1.066558838,-0.474563599,0.73475647
-1.35798645,-12.44030762,-0.578521729,0.879013062,-0.600402832,0.673675537
-1.056503296,-10.84907532,0.031646729,0.512496948,0.055038452,0.430541992
-0.762176514,-9.434921265,0.184783936,0.142929077,0.135665894,0.454360962
-1.386703491,-9.119064331,0.905029297,0.090408325,0.120407104,0.406707764
-1.692993164,-8.700317383,0.821273804,0.090408325,0.120407104,0.406707764
-1.731277466,-8.551971436,0.687286377,0.083068848,0.271896362,0.158096313
-1.673843384,-8.264831543,0.943313599,-0.015274048,0.315261841,-0.126541138
-2.03755188,-8.276794434,1.594161987,-0.106903076,0.375747681,-0.460098267
-2.882217407,-8.329437256,2.005722046,-0.204025269,0.408126831,-0.61769104
-4.219802856,-8.365325928,2.606323242,-0.189987183,0.568771362,-0.471084595
-3.652709961,-9.528244019,3.312210083,0.331085205,0.738601685,-0.279876709
-2.264877319,-11.63392639,2.256973267,0.279769897,0.838165283,-0.199859619
1.8125,-17.69732666,-0.851303101,0.279769897,0.838165283,-0.199859619
1.171218872,-12.77290344,0.337936401,-0.181427002,0.716003418,-0.163818359
0.776412964,-9.044891357,0.483886719,-0.775802612,0.871154785,-0.152832031
1.477508545,-9.681381226,0.347503662,-0.775802612,0.871154785,-0.152832031
2.94430542,-8.528030396,0.09147644,-0.262664795,0.128341675,-0.400817871
1.671325684,-8.343795776,0.933746338,-0.262664795,0.128341675,-0.400817871
0.204528809,-8.511291504,1.371627808,-0.277328491,0.08253479,-0.295150757
0.489273071,-8.824752808,0.818893433,-0.042755127,-0.209457397,-0.125335693
1.020477295,-9.583267212,0.019683838,-0.086746216,-0.061019897,-0.150375366
0.211700439,-9.231521606,0.337936401,-0.193649292,0.110626221,-0.190689087
-0.063476563,-9.006607056,0.692062378,-0.321914673,0.073974609,-0.14793396
-0.001266479,-10.00440979,0.562850952,-0.160644531,0.081314087,-0.162597656
0.147094727,-10.44468689,0.342712402,-0.113006592,0.037338257,-0.229782104
-0.144836426,-10.13122559,0.869140625,-0.113006592,0.037338257,-0.229782104
-0.45111084,-9.906311035,1.151489258,-0.337814331,-0.098266602,-0.154663086
1.511001587,-9.865631104,-0.044921875,-0.518630981,-0.309631348,0.015762329
2.70980835,-12.47619629,-0.049713135,-0.615127563,-0.754943848,-0.022705078
1.180786133,-12.48336792,0.010116577,0.131942749,-0.902175903,-0.033096313
0.46055603,-11.36831665,-1.191085815,0.847869873,-0.781219482,0.096405029
-0.398468018,-8.733825684,-1.73664856,0.811218262,-0.263824463,0.236282349
-0.527679443,-8.489746094,-1.411224365,0.784332275,-0.342010498,0.679779053
-0.003646851,-10.44468689,-1.262863159,0.784332275,-0.342010498,0.679779053
0.910400391,-12.32066345,-0.650299072,0.591918945,-0.985244751,0.794006348
-0.46307373,-9.602416992,-0.260269165,0.48135376,-0.602233887,0.503219604
-2.006439209,-8.937210083,0.29006958,0.202178955,-0.29864502,0.508728027
-2.004058838,-9.104705811,0.840423584,-0.039718628,-0.529541016,0.456802368
-1.695373535,-8.288757324,0.416900635,-0.078186035,-0.29069519,0.126327515
-2.27204895,-7.317276001,0.775817871,-0.284667969,-0.073226929,-0.306137085
-2.750610352,-7.448867798,1.493667603,-0.262054443,0.125289917,-0.656784058
-4.210235596,-8.339004517,1.737731934,0.01159668,0.266403198,-0.640899658
-4.356201172,-9.903915405,1.42906189,0.01159668,0.266403198,-0.640899658
-2.927688599,-11.85884094,1.280700684,0.423919678,0.384292603,-0.187042236
-0.589889526,-17.67579651,-0.487594604,0.367111206,0.842453003,0.023712158
2.0493927,-18.38168335,-1.040328979,-0.21685791,0.947509766,0.001724243
0.66633606,-8.456253052,0.74949646,-0.21685791,0.947509766,0.001724243
1.848388672,-8.312683105,0.591567993,-0.587646484,0.910858154,-0.060577393
2.106811523,-9.824951172,0.050796509,-0.483810425,0.604217529,-0.361740112
3.532943726,-8.805603027,0.617889404,-0.33291626,0.146682739,-0.287216187
2.188171387,-8.458648682,1.240020752,-0.288330078,0.109405518,-0.226730347
0.118377686,-9.080780029,0.952880859,-0.190582275,-0.173416138,-0.151596069
0.249984741,-9.142990112,0.888275146,-0.190582275,-0.173416138,-0.151596069
0.388763428,-9.288955688,0.330749512,-0.073303223,0.031845093,-0.221237183
0.388763428,-9.693344116,0.081893921,-0.073303223,0.031845093,-0.221237183
0.520370483,-9.293746948,0.392959595,-0.130111694,0.27494812,-0.174804688
0.977401733,-9.083175659,0.768630981,-0.222961426,0.224853516,-0.168701172
0.934326172,-9.420562744,0.771026611,-0.109344482,0.187591553,-0.20413208
0.582580566,-9.894332886,0.7447052,-0.059249878,0.169265747,-0.242004395
0.374404907,-9.834518433,0.663360596,-0.205245972,-0.043914795,-0.185806274
0.529953003,-9.489959717,0.888275146,-0.306640625,-0.35484314,-0.024536133
1.092254639,-9.942199707,0.921783447,-0.384841919,-0.707901001,0.006607056
0.994155884,-10.73422241,0.804534912,-0.384841919,-0.707901001,0.006607056
0.943908691,-11.20561218,0.778213501,-0.384841919,-0.707901001,0.006607056
1.092254639,-12.00959778,0.30921936,-0.499069214,-0.952865601,-0.033706665
0.192550659,-13.08157349,-0.789093018,-0.241287231,-1.075653076,-0.237747192
0.204528809,-12.27519226,-2.023788452,0.413543701,-0.674942017,-0.319595337
0.372024536,-10.49493408,-2.028564453,0.375671387,-0.332244873,-0.05569458
0.060958862,-7.386657715,-1.014007568,0.396438599,-0.359115601,0.200241089
0.453369141,-8.451461792,-0.987686157,0.877197266,-0.474563599,0.473297119
1.013290405,-10.57868958,-1.798858643,0.877197266,-0.474563599,0.473297119
1.458358765,-11.64588928,-1.853897095,0.84664917,-0.77633667,0.474533081
0.264343262,-9.102310181,-0.688583374,0.403778076,-0.405532837,0.356018066
-1.544631958,-9.456451416,0.172821045,0.330474854,-0.404922485,0.503845215
-1.968154907,-9.659835815,0.361862183,0.35307312,-0.469070435,0.511184692
-1.712127686,-9.32244873,0.223068237,0.168579102,-0.028030396,0.274765015
-1.647521973,-8.205001831,0.397750854,-0.008544922,0.175994873,-0.058135986
-1.762374878,-7.831726074,1.1849823,-0.008544922,0.175994873,-0.058135986
-2.03515625,-8.047073364,1.469741821,0.015258789,0.217529297,-0.337295532
-2.987503052,-8.207397461,1.869338989,0.015258789,0.217529297,-0.337295532
-3.698165894,-9.3152771,2.515396118,0.086120605,0.280456543,-0.374572754
-2.94442749,-11.20321655,2.276123047,0.282211304,0.555343628,-0.144882202
-0.381713867,-17.02494812,-0.693374634,0.255935669,0.935287476,-0.172363281
4.504425049,-21.89674377,-1.341827393,-0.375686646,0.916351318,-0.202911377
0.68309021,-7.003814697,0.419281006,-0.776412964,0.854660034,-0.140609741
0.403121948,-7.764724731,0.268539429,-0.577255249,0.770965576,-0.301269531
1.441604614,-8.796035767,0.0675354,-0.577255249,0.770965576,-0.301269531
2.812698364,-9.343994141,0.230255127,-0.201568604,0.120407104,-0.149154663
1.152084351,-8.915679932,0.962463379,-0.329864502,0.354354858,-0.218795776
-0.061080933,-7.987258911,1.180206299,-0.266326904,0.309783936,-0.189468384
0.68548584,-8.851074219,0.436035156,0.139877319,0.069702148,-0.049591064
1.391357422,-10.53800964,-0.676620483,0.108718872,0.369018555,-0.052032471
1.542114258,-10.00680542,-0.241134644,-0.290145874,0.471038818,-0.210861206
1.436828613,-9.56652832,0.445602417,-0.287719727,0.36781311,-0.206573486
1.386581421,-9.375091553,0.031646729,-0.287719727,0.36781311,-0.206573486
1.238220215,-9.911087036,-0.288986206,-0.201583862,0.282897949,-0.191314697
0.781188965,-10.45187378,0.263748169,-0.336578369,0.182113647,-0.151000977
1.027648926,-10.40640259,0.646606445,-0.3775177,-0.073852539,-0.072189331
1.362640381,-10.28675842,0.507827759,-0.394607544,-0.308410645,-0.135101318
1.003723145,-10.27001953,0.507827759,-0.27671814,-0.614456177,-0.178466797
0.642410278,-10.26283264,0.957672119,-0.10383606,-1.019454956,-0.089904785
0.039413452,-10.95196533,0.876312256,-0.10383606,-1.019454956,-0.089904785
-0.283615112,-11.46643066,-0.126281738,0.136825562,-0.954711914,-0.096618652
0.558654785,-10.55236816,-0.920700073,0.582138062,-0.84475708,0.087844849
1.520568848,-9.33203125,-1.231765747,0.698806763,-0.79649353,0.398162842
1.269332886,-7.558944702,-1.416015625,0.933380127,-0.97668457,0.611358643
1.099441528,-9.080780029,-2.064468384,0.933380127,-0.97668457,0.611358643
0.113601685,-10.89692688,-1.717498779,1.021972656,-1.240585327,0.708480835
-0.826782227,-11.08117676,-0.38230896,0.580917358,-1.009078979,0.567993164
-0.664077759,-10.81558228,-0.202850342,0.489898682,-0.60345459,0.619293213
-0.92010498,-9.528244019,0.012512207,0.334121704,-0.612625122,0.541717529
-1.424987793,-9.10710144,0.328353882,0.334121704,-0.612625122,0.541717529
-1.731277466,-9.159744263,0.687286377,0.012817383,-0.254058838,0.13243103
-1.774337769,-8.671600342,0.888275146,-0.142929077,-0.098266602,-0.237731934
-1.982513428,-8.212188721,1.618087769,-0.142929077,-0.098266602,-0.237731934
-3.126281738,-7.994430542,2.33833313,-0.181427002,0.14666748,-0.602416992
-4.478225708,-8.458648682,2.546508789,-0.120330811,0.245010376,-0.568206787
-4.29637146,-9.597625732,3.185394287,0.290771484,0.354980469,-0.142425537
-2.559188843,-12.6628418,0.567642212,0.290771484,0.354980469,-0.142425537
2.542312622,-22.47579956,0.129760742,0.323745728,0.763031006,-0.033111572
0.797943115,-6.958343506,0.555679321,-0.760513306,0.926132202,-0.025772095
0.501235962,-9.253067017,0.51499939,-0.781906128,1.246841431,-0.390441895
1.884277344,-9.119064331,-0.114318848,-0.15637207,0.429489136,-0.344024658
2.95866394,-8.39881897,0.342712402,-0.251068115,0.639633179,-0.430160522
0.977401733,-8.606994629,1.778411865,-0.347579956,0.551681519,-0.405715942
0.398345947,-8.049468994,1.44342041,-0.347579956,0.551681519,-0.405715942
1.003723145,-9.207595825,0.115402222,0.062301636,0.271896362,-0.132049561
1.298034668,-10.33940125,-0.152603149,0.044586182,0.372085571,-0.090515137
0.922363281,-9.729232788,0.445602417,-0.072692871,0.508911133,-0.156478882
0.790756226,-9.77947998,0.565246582,-0.191207886,0.496688843,-0.104568481
1.266937256,-9.774703979,0.443222046,-0.189361572,0.43927002,-0.106399536
1.171218872,-10.432724,0.670532227,-0.278549194,0.387359619,-0.10395813
1.429641724,-10.62414551,0.883499146,-0.331695557,0.105743408,-0.082580566
1.405715942,-10.2293396,1.115600586,-0.36529541,-0.298034668,-0.194976807
0.422271729,-10.1192627,0.804534912,-0.312759399,-0.560699463,-0.184585571
-0.537246704,-10.22215271,0.479110718,-0.312759399,-0.560699463,-0.184585571
-0.219009399,-10.44468689,0.577209473,-0.356735229,-0.762893677,-0.077697754
1.042007446,-11.19364929,0.079498291,-0.108734131,-1.068328857,0.330978394
2.513595581,-11.21038818,-0.810623169,0.574203491,-1.305343628,0.600372314
1.743103027,-9.791442871,-1.083404541,0.943161011,-1.101928711,0.473907471
0.096847534,-9.221954346,-1.06427002,1.270584106,-1.006622314,0.611968994
-1.436950684,-10.21975708,-1.669647217,1.270584106,-1.006622314,0.611968994
-1.082809448,-10.27719116,-0.121490479,0.654220581,-0.666992188,0.732910156
-0.321899414,-9.903915405,0.51020813,0.393386841,-0.320022583,0.707870483
-0.733459473,-8.800827026,0.09147644,0.452026367,-0.261367798,0.522766113
-1.305343628,-8.64050293,0.354675293,0.221725464,-0.127593994,0.404266357
-1.283813477,-8.930038452,0.847595215,-0.047042847,-0.110488892,0.158706665
-1.14024353,-9.006607056,0.854782104,-0.195465088,-0.029251099,-0.217575073
-1.336456299,-8.805603027,1.067733765,-0.36895752,0.053207397,-0.562713623
-2.126083374,-8.757751465,1.649200439,-0.36895752,0.053207397,-0.562713623
-3.566574097,-9.461242676,2.010513306,-0.36895752,0.053207397,-0.562713623
-4.360977173,-9.233917236,2.79296875,-0.367736816,0.152770996,-0.658615112
-3.066467285,-10.50212097,2.584793091,0.486236572,0.524185181,0.158096313
-1.755203247,-15.71128845,0.199142456,0.486236572,0.524185181,0.158096313
0.783584595,-18.45108032,-1.267654419,0.413543701,0.725784302,0.163589478
0.44140625,-6.37449646,1.058166504,-0.53817749,1.344589233,-0.089889526
-0.199859619,-8.592636108,1.043807983,-0.460586548,1.566314697,-0.474136353
1.223861694,-10.32504272,1.397949219,0.163696289,0.962173462,-0.430770874
1.898635864,-9.600021362,0.29246521,-0.05619812,1.296310425,-0.564544678
0.257156372,-9.08795166,1.704238892,-0.05619812,1.296310425,-0.564544678
1.444000244,-9.236312866,1.484085083,-0.03175354,1.138702393,-0.3409729
2.094848633,-9.994842529,0.51260376,-0.03175354,1.138702393,-0.3409729
1.735931396,-10.3944397,0.285293579,-0.083068848,1.084350586,-0.419158936
1.228652954,-9.76512146,0.593963623,-0.262054443,1.16619873,-0.420379639
1.585174561,-9.745986938,0.948104858,-0.420883179,1.017150879,-0.391052246
1.697647095,-10.0307312,0.852386475,-0.36895752,0.850997925,-0.418548584
1.223861694,-10.04508972,1.046203613,-0.552825928,0.623153687,-0.474746704
0.561050415,-9.77947998,1.108413696,-0.552825928,0.623153687,-0.474746704
-0.108932495,-9.76991272,0.725570679,-0.668273926,0.265792847,-0.345245361
0.573013306,-9.731628418,0.787780762,-0.749526978,-0.026199341,-0.11555481
2.221664429,-10.83950806,0.522171021,-0.729370117,-0.516113281,0.067687988
1.999145508,-12.32305908,-0.099960327,-0.16859436,-0.757400513,0.005386353
1.956069946,-11.36352539,-0.970947266,-0.16859436,-0.757400513,0.005386353
1.874710083,-9.004211426,-1.27722168,0.591918945,-0.649261475,0.158706665
1.317184448,-7.826934814,-1.169540405,0.729354858,-0.736633301,0.46963501
1.128158569,-8.138000488,-1.315505981,0.853973389,-0.865524292,0.823318481
1.204727173,-9.791442871,-1.74382019,0.840530396,-1.07321167,0.864242554
0.924758911,-11.59564209,-1.808425903,0.649337769,-1.00479126,0.604629517
-0.041946411,-10.16711426,-0.40145874,0.649337769,-1.00479126,0.604629517
-0.592285156,-9.836914063,0.139328003,0.362243652,-0.560699463,0.575927734
-1.094787598,-9.956558228,0.120178223,0.226623535,-0.605285645,0.546615601
-1.133071899,-9.954162598,-0.030563354,0.099563599,-0.55581665,0.326080322
-1.207244873,-9.10710144,0.017288208,0.099563599,-0.55581665,0.326080322
-1.506347656,-8.307891846,0.373825073,-0.102615356,-0.295578003,-0.026992798
-2.023193359,-7.755157471,1.601333618,-0.142318726,-0.220428467,-0.373962402
-3.439743042,-8.219360352,1.737731934,-0.003662109,-0.180130005,-0.524841309
-4.109741211,-8.977890015,3.163848877,0.098327637,0.012908936,-0.256668091
-3.037750244,-10.32504272,2.618286133,0.631011963,0.260299683,-0.008056641
-0.281219482,-16.98426819,-0.533050537,0.24067688,0.561447144,-0.155258179
1.82925415,-16.61816406,-0.432556152,-0.28894043,0.650634766,-0.092346191
1.099441528,-8.281570435,-0.171737671,-0.726913452,0.832672119,-0.234085083
0.982192993,-7.901123047,0.445602417,-0.726913452,0.832672119,-0.234085083
2.001525879,-9.032928467,0.129760742,-0.345748901,0.387954712,-0.207199097
1.271713257,-9.906311035,0.481506348,-0.138046265,0.259078979,-0.154663086
0.625656128,-9.31048584,0.98878479,-0.372619629,0.458831787,-0.114334106
0.778793335,-8.616577148,0.995956421,-0.16003418,0.119796753,-0.130828857
1.278900146,-9.159744263,0.266143799,-0.047637939,0.18637085,-0.133270264
1.219085693,-10.00440979,-0.389480591,-0.253509521,0.216918945,-0.161987305
0.6615448,-9.777084351,-0.090377808,-0.253509521,0.216918945,-0.161987305
0.766830444,-9.664627075,0.282897949,-0.476470947,0.169265747,-0.262786865
0.800338745,-9.497131348,0.591567993,-0.323150635,-0.000549316,-0.216964722
0.494049072,-9.061630249,1.067733765,-0.323150635,-0.000549316,-0.216964722
0.108810425,-8.968322754,1.362060547,-0.167984009,-0.029876709,-0.142440796
0.4581604,-9.681381226,1.433837891,0.017089844,-0.377426147,0.031646729
0.994155884,-10.35855103,1.024673462,0.017089844,-0.377426147,0.031646729
0.326553345,-10.85147095,1.170639038,-0.050704956,-0.792221069,0.068908691
0.194946289,-11.44010925,0.541320801,0.069625854,-1.026779175,0.081130981
-0.422393799,-13.1031189,-0.712524414,0.069625854,-1.026779175,0.081130981
-0.21421814,-13.7348175,-2.097961426,0.238845825,-1.147125244,0.14465332
0.702224731,-11.22235107,-1.399261475,0.44468689,-0.483734131,0.213088989
0.943908691,-7.685760498,-0.623977661,0.208892822,-0.509384155,0.489807129
1.030044556,-6.850662231,-0.82258606,0.380554199,-0.935150146,0.626617432
0.22605896,-10.26522827,-1.978317261,0.824661255,-1.050613403,0.613189697
-0.527679443,-12.7394104,-1.655288696,0.821609497,-1.094589233,0.50201416
-0.975143433,-9.013778687,-0.190887451,0.130722046,-0.70791626,0.319976807
-1.874847412,-9.434921265,0.122573853,0.104446411,-0.620559692,0.410369873
-2.157196045,-10.21258545,0.416900635,0.2162323,-0.669418335,0.330963135
-2.03994751,-9.525848389,0.148895264,0.089172363,-0.385986328,0.125717163
-1.960983276,-8.133224487,0.53414917,0.089172363,-0.385986328,0.125717163
-2.111724854,-8.18107605,1.41947937,-0.237014771,-0.255874634,-0.188873291
-3.42300415,-7.850875854,2.091873169,-0.184463501,-0.08972168,-0.535217285
-4.028381348,-7.293334961,2.477111816,-0.152099609,0.088027954,-0.538894653
-3.434967041,-8.468215942,3.113601685,0.335968018,0.312820435,-0.33241272
-3.310531616,-10.97111511,2.130157471,0.574813843,0.437438965,-0.147323608
0.075302124,-22.05705261,-0.746017456,-0.238235474,0.719665527,0.147705078
0.056167603,-10.60261536,0.383392334,-0.775802612,1.022033691,-0.188247681
0.22605896,-9.55456543,0.445602417,-0.775802612,1.022033691,-0.188247681
1.288467407,-10.02833557,0.201538086,-0.452026367,0.753250122,-0.430770874
1.881896973,-8.65725708,0.369033813,-0.401947021,0.634140015,-0.329971313
0.321777344,-8.896530151,1.376419067,-0.447769165,0.742874146,-0.18031311
0.46055603,-8.528030396,0.725570679,-0.158203125,0.554733276,-0.110061646
1.202331543,-9.406204224,-0.066452026,-0.166763306,0.613372803,-0.2084198
1.245407104,-9.54258728,0.108215332,-0.218688965,0.764251709,-0.240783691
0.439025879,-9.360733032,0.541320801,-0.315200806,0.657348633,-0.222457886
1.034835815,-9.300918579,0.895462036,-0.255325317,0.5962677,-0.249954224
1.719177246,-9.406204224,0.565246582,-0.219909668,0.482025146,-0.305541992
0.67590332,-9.276992798,0.613098145,-0.219909668,0.482025146,-0.305541992
-0.195083618,-8.942001343,1.113204956,-0.280990601,0.289611816,-0.295761108
-0.288406372,-9.320068359,1.268737793,-0.280990601,0.289611816,-0.295761108
1.566040039,-10.20779419,0.610717773,-0.226638794,-0.65965271,0.219787598
2.343704224,-11.1864624,-0.001846313,-0.104446411,-0.982208252,0.150146484
1.326751709,-14.19902039,-0.420593262,-0.104446411,-0.982208252,0.150146484
1.862747192,-12.83033752,-1.703140259,1.015853882,-0.789764404,-0.116165161
0.305023193,-9.351165771,-2.090789795,0.929733276,-0.334686279,-0.086242676
-0.771743774,-7.975296021,-1.707931519,0.599243164,-0.311462402,0.276596069
-0.66885376,-10.152771,-1.408828735,0.535110474,-0.789154053,0.71887207
-0.039550781,-12.36611938,-0.769943237,0.229675293,-0.677383423,0.627243042
0.259552002,-10.30351257,-0.473236084,0.229675293,-0.677383423,0.627243042
-0.336257935,-8.42276001,-0.468444824,0.13621521,-0.184402466,0.443984985
-0.929672241,-8.221755981,0.132141113,0.036651611,-0.332244873,0.368850708
-1.020599365,-8.693145752,0.550888062,0.039093018,-0.32673645,0.248504639
-1.355606079,-8.298324585,0.335540771,0.037857056,-0.129425049,0.011489868
-1.573348999,-7.999221802,0.555679321,0.037857056,-0.129425049,0.011489868
-1.463272095,-8.394042969,0.98878479,-0.010391235,-0.096435547,-0.199249268
-2.075836182,-8.609390259,1.400344849,0.014663696,-0.035980225,-0.359298706
-3.109542847,-9.013778687,2.11100769,0.211959839,0.325653076,-0.370895386
-3.906341553,-9.98526001,2.852783203,0.211959839,0.325653076,-0.370895386
-3.961380005,-11.24389648,2.848007202,0.522277832,0.59992981,-0.245666504
-2.178726196,-15.30212402,0.873916626,0.406219482,0.912078857,-0.154647827
0.386383057,-16.64448547,-0.123886108,-0.280395508,1.310974121,-0.053253174
1.508605957,-9.650268555,0.160858154,-0.622467041,1.224838257,-0.13999939
2.50402832,-8.65246582,-0.016204834,-0.622467041,1.224838257,-0.13999939
2.862945557,-9.635910034,-0.478027344,-0.519226074,0.872375488,-0.458877563
2.319778442,-9.152557373,-0.013809204,-0.338409424,0.323822021,-0.292098999
0.951080322,-8.281570435,0.948104858,-0.453262329,0.464324951,-0.118011475
1.216690063,-8.4347229,1.242416382,-0.209533691,0.232803345,-0.055084229
1.57081604,-9.226745605,0.995956421,0.073303223,0.012893677,-0.191925049
1.147293091,-10.17909241,0.237426758,-0.047042847,0.149719238,-0.213897705
0.381591797,-9.839309692,0.168045044,-0.326812744,0.14239502,-0.092956543
1.195144653,-9.257843018,0.450393677,-0.358566284,0.102081299,-0.182754517
1.429641724,-9.425338745,0.565246582,-0.227859497,0.113067627,-0.251174927
0.927154541,-9.619171143,0.704025269,-0.227859497,0.113067627,-0.251174927
0.343307495,-9.78187561,0.792572021,-0.319473267,0.042205811,-0.203536987
0.144699097,-9.262634277,0.668136597,-0.357345581,-0.026809692,-0.081970215
-0.041946411,-9.442092896,0.806930542,-0.346969604,-0.129425049,0.021881104
-0.144836426,-10.58108521,0.962463379,-0.346969604,-0.129425049,0.021881104
0.714187622,-11.08117676,1.003128052,-0.287109375,-0.816650391,0.138549805
2.322174072,-12.67480469,0.390579224,-0.287109375,-0.816650391,0.138549805
1.405715942,-12.21777344,-0.60723877,0.130722046,-1.180725098,0.130615234
0.845794678,-10.23890686,-1.236541748,0.799606323,-0.784881592,0.046310425
-0.415222168,-7.750366211,-1.526077271,0.937667847,-0.620559692,0.276596069
-0.314727783,-8.571105957,-1.53326416,1.070220947,-0.998077393,0.779342651
-0.089797974,-11.19602966,-1.535644531,0.849090576,-0.944320679,0.818450928
-0.185501099,-11.98327637,-1.145614624,0.849090576,-0.944320679,0.818450928
-0.939254761,-9.262634277,-0.207626343,0.400115967,-0.38659668,0.439086914
-0.329071045,-10.16950989,0.452789307,0.341461182,-0.366439819,0.526443481
-0.893783569,-10.04508972,0.244613647,0.289535522,-0.381713867,0.462310791
-1.355606079,-9.449279785,0.278106689,0.164321899,-0.155090332,0.28515625
-1.489593506,-8.717071533,0.98638916,-0.14050293,-0.078735352,0.149536133
-1.302963257,-8.190643311,1.144317627,-0.201583862,0.013504028,-0.085632324
-1.724090576,-8.015975952,1.213699341,-0.150268555,0.108184814,-0.464355469
-2.549621582,-8.240905762,1.539123535,-0.165542603,0.213256836,-0.692214966
-3.540252686,-8.623748779,1.943511963,-0.083068848,0.446594238,-0.516891479
-4.092987061,-10.00920105,2.603927612,-0.083068848,0.446594238,-0.516891479
-3.133468628,-11.05245972,2.273727417,0.283432007,0.721496582,-0.165039063
-1.415420532,-14.53163147,1.070129395,0.283432007,0.721496582,-0.165039063
0.793151855,-16.52485657,-0.552200317,0.332901001,0.871765137,-0.187637329
0.625656128,-10.47579956,0.861953735,-0.22052002,0.941390991,-0.176651001
1.030044556,-9.10710144,0.397750854,-0.533889771,0.876647949,-0.202301025
1.678497314,-9.662231445,-0.238739014,-0.646896362,0.686676025,-0.345855713
2.640411377,-8.810394287,0.213500977,-0.430664063,0.369628906,-0.180923462
0.44859314,-8.566329956,0.943313599,-0.339019775,0.491210938,-0.155258179
-0.029968262,-8.724243164,1.096450806,-0.123397827,0.278610229,-0.045913696
0.508407593,-9.729232788,0.146499634,-0.123397827,0.278610229,-0.045913696
1.034835815,-9.927841187,-0.573730469,0.022003174,0.362915039,-0.062423706
0.967834473,-9.54737854,-0.466064453,-0.16859436,0.604202271,-0.172363281
0.690261841,-9.432525635,0.007720947,-0.316421509,0.513793945,-0.256668091
0.544296265,-9.628738403,0.541320801,-0.280380249,0.375732422,-0.248733521
0.771621704,-9.652664185,0.914596558,-0.318252563,0.369018555,-0.196807861
0.527557373,-9.020965576,0.945709229,-0.373245239,0.34336853,-0.199249268
0.281097412,-9.126251221,1.414703369,-0.312759399,0.044036865,-0.118606567
0.386383057,-10.14079285,1.716201782,-0.313980103,-0.38293457,0.005981445
0.879302979,-11.50949097,1.524765015,-0.51739502,-0.700592041,-0.108840942
1.525360107,-12.51208496,0.278106689,-0.51739502,-0.700592041,-0.108840942
1.5756073,-13.63432312,-0.899154663,-0.353683472,-0.982208252,-0.197418213
1.410507202,-12.21298218,-1.669647217,-0.353683472,-0.982208252,-0.197418213
1.010910034,-9.935012817,-1.550003052,0.424545288,-0.554580688,-0.187637329
0.848190308,-8.214584351,-1.676834106,0.527160645,-0.403701782,0.054260254
1.171218872,-7.125839233,-1.51171875,0.723861694,-0.767776489,0.431762695
0.769226074,-8.305511475,-1.619400024,0.89491272,-0.809326172,0.58203125
0.307418823,-11.06921387,-1.693572998,0.877807617,-0.920501709,0.564926147
0.273910522,-10.99981689,-0.887191772,0.695770264,-0.845352173,0.469650269
-0.618606567,-9.253067017,-0.181304932,0.695770264,-0.845352173,0.469650269
-1.487197876,-9.982879639,0.124969482,0.575424194,-0.552154541,0.555160522
-2.066268921,-10.707901,0.29486084,0.438598633,-0.507553101,0.480636597
-1.903549194,-9.647872925,0.51739502,0.123382568,-0.20274353,0.312026978
-1.726486206,-8.226547241,0.582000732,-0.122772217,-0.027404785,0.065246582
-1.491989136,-7.585266113,1.311813354,-0.122772217,-0.027404785,0.065246582
-2.231369019,-7.73840332,2.11579895,-0.113006592,0.02633667,-0.260955811
-4.169555664,-8.549575806,2.453186035,0.003662109,0.171707153,-0.481460571
-4.480621338,-10.20062256,2.09664917,0.171020508,0.332366943,-0.35256958
-3.071258545,-12.61976624,1.098846436,0.489898682,0.42767334,0.013931274
0.355270386,-14.69433594,0.845214844,0.203414917,0.796020508,0.260116577
0.561050415,-12.01916504,0.27571106,-0.405609131,1.040969849,0.062805176
0.4581604,-11.05964661,-0.128677368,-0.405609131,1.040969849,0.062805176
2.561447144,-10.30351257,-0.238739014,-0.478302002,0.544342041,-0.082580566
2.590164185,-9.403808594,0.869140625,-0.483184814,0.337265015,-0.166870117
0.589767456,-9.317672729,1.682693481,-0.419052124,0.404449463,-0.418548584
-0.049118042,-9.004211426,1.460159302,-0.123382568,0.073364258,-0.330581665
0.66633606,-9.489959717,0.493469238,-0.045196533,-0.007873535,-0.386779785
1.192764282,-9.523452759,0.203933716,-0.213806152,0.12651062,-0.468643188
0.781188965,-9.32963562,0.546112061,-0.213806152,0.12651062,-0.468643188
0.575408936,-9.298522949,0.479110718,-0.342697144,0.106964111,-0.345855713
0.829055786,-9.382278442,0.493469238,-0.304214478,0.056259155,-0.350128174
0.774017334,-9.54977417,0.785385132,-0.220535278,0.062988281,-0.389221191
0.087280273,-9.966125488,0.713607788,-0.249847412,0.085586548,-0.36479187
-0.075439453,-9.774703979,0.416900635,-0.249847412,0.085586548,-0.36479187
0.532333374,-9.418167114,0.627456665,-0.423934937,0.057479858,-0.257888794
1.001327515,-9.588058472,0.778213501,-0.439819336,-0.072006226,-0.156494141
0.474914551,-9.949371338,0.838027954,-0.357971191,-0.340774536,-0.102737427
-0.080230713,-10.38247681,1.019882202,-0.357971191,-0.340774536,-0.102737427
0.2212677,-10.58586121,1.517593384,-0.293212891,-0.779373169,0.001113892
1.231048584,-10.70550537,1.225662231,-0.128890991,-1.217987061,0.214904785
1.068328857,-11.68417358,0.036437988,0.285247803,-1.453170776,0.471466064
0.654373169,-9.860839844,-1.705535889,1.205215454,-1.023742676,0.302261353
-0.477432251,-8.372497559,-2.054885864,1.205215454,-1.023742676,0.302261353
-1.281417847,-10.60978699,-1.667251587,1.469116211,-0.956542969,0.646789551
-1.061279297,-13.19404602,-1.322692871,1.09588623,-0.886901855,1.013916016
-1.185714722,-10.97828674,-0.609634399,0.411712646,0.136901855,0.624786377
-0.771743774,-9.817764282,-0.061676025,0.25227356,0.389175415,0.509963989
-0.762176514,-9.121459961,0.900238037,0.342071533,0.124069214,0.519729614
-0.443939209,-8.882171631,0.897857666,0.342071533,0.124069214,0.519729614
-0.460678101,-8.441894531,0.352279663,0.244338989,0.375137329,0.359069824
-0.384109497,-7.903503418,0.687286377,-0.084915161,0.398345947,0.068908691
-0.573150635,-7.204803467,1.374023438,-0.122787476,0.256637573,-0.312255859
-0.822006226,-7.300521851,1.539123535,-0.122787476,0.256637573,-0.312255859
-1.960983276,-7.771911621,1.65397644,-0.016494751,0.168670654,-0.640899658
-3.585708618,-9.413375854,2.221084595,-0.045211792,0.110015869,-0.610351563
-4.191101074,-11.6602478,2.252182007,0.267547607,0.308547974,-0.228561401
-3.908737183,-12.12445068,2.517791748,0.267547607,0.308547974,-0.228561401
-2.896575928,-11.99523926,1.974624634,0.178985596,0.770980835,-0.130828857
-1.417816162,-12.85665894,1.740127563,-0.216842651,1.069076538,-0.402679443
0.893661499,-14.58187866,-1.241333008,-0.34513855,1.048309326,-0.321426392
1.704818726,-13.91427612,-0.494766235,-0.34513855,1.048309326,-0.321426392
1.893859863,-7.176086426,0.364257813,-0.671951294,1.080062866,0.101287842
2.303024292,-7.767120361,0.452789307,-0.825271606,1.282867432,-0.107620239
1.889068604,-9.54258728,0.498245239,0.02381897,0.643920898,-0.422225952
1.259750366,-9.233917236,0.488677979,-0.04826355,0.686676025,-0.342803955
0.415084839,-9.31288147,0.735137939,-0.04826355,0.686676025,-0.342803955
1.240615845,-8.994644165,1.077316284,-0.234573364,0.556564331,-0.194976807
1.659362793,-8.970703125,0.421676636,-0.078796387,0.582214355,-0.268280029
1.049194336,-9.580886841,0.416900635,-0.078796387,0.582214355,-0.268280029
0.66633606,-9.33203125,1.261566162,-0.176544189,0.495483398,-0.343414307
0.994155884,-9.140594482,1.64440918,-0.13621521,0.313430786,-0.362350464
0.656768799,-9.678985596,0.792572021,0.003051758,0.293273926,-0.397766113
-0.300369263,-10.28915405,0.141723633,-0.120330811,0.321990967,-0.371505737
-0.132873535,-10.21258545,0.835632324,-0.510681152,0.369628906,-0.179077148
0.783584595,-9.466018677,1.235244751,-0.600479126,0.012893677,0.023101807
0.623260498,-9.439697266,1.017486572,-0.386062622,-0.33039856,0.152603149
1.410507202,-10.40640259,0.421676636,-0.386062622,-0.33039856,0.152603149
2.094848633,-11.49035645,-0.274627686,0.552215576,-0.9009552,0.42137146
2.102035522,-9.846481323,-1.408828735,1.217437744,-0.860015869,0.373123169
0.474914551,-10.14558411,-1.667251587,1.5131073,-1.276641846,0.626022339
-0.051513672,-12.09333801,-1.870651245,1.5131073,-1.276641846,0.626022339
-0.750213623,-11.96891785,-0.659881592,0.640182495,-0.761062622,0.611953735
-0.496582031,-10.56433105,0.266143799,0.640182495,-0.761062622,0.611953735
-0.723892212,-8.982681274,0.373825073,0.24005127,-0.523422241,0.522781372
-0.996673584,-8.63571167,0.684890747,0.24005127,-0.523422241,0.522781372
-1.075637817,-8.807998657,0.952880859,0.177139282,-0.417144775,0.381057739
-1.286209106,-8.504104614,0.443222046,-0.060470581,-0.126983643,0.133666992
-1.307739258,-7.848480225,0.823669434,-0.27305603,-0.153869629,-0.215133667
-2.087799072,-7.709686279,1.960266113,-0.27305603,-0.153869629,-0.215133667
-3.688598633,-8.465820313,2.017684937,-0.189361572,-0.034744263,-0.475357056
-4.128875732,-9.293746948,2.613510132,0.025650024,-0.04574585,-0.487579346
-3.107147217,-10.58586121,2.314407349,0.258392334,0.257247925,-0.160766602
-0.601852417,-17.58486938,0.09147644,-0.004898071,0.569396973,-0.00378418
1.199935913,-11.52145386,0.371429443,-0.004898071,0.569396973,-0.00378418
0.364837646,-8.315078735,0.519790649,-0.620635986,0.638412476,-0.062423706
0.960647583,-8.757751465,0.220687866,-0.204650879,0.428268433,-0.149765015
2.319778442,-9.209991455,0.392959595,-0.204650879,0.428268433,-0.149765015
2.360458374,-8.932418823,0.742324829,-0.119110107,0.522964478,-0.441772461
1.001327515,-9.489959717,1.240020752,-0.119110107,0.522964478,-0.441772461
0.22845459,-8.740997314,1.070129395,-0.230300903,0.41116333,-0.34463501
1.319580078,-8.602218628,0.52456665,-0.146606445,0.21446228,-0.158935547
1.661743164,-9.717269897,-0.049713135,-0.10383606,0.321380615,-0.229797363
1.405715942,-9.686157227,0.07472229,-0.147827148,0.224868774,-0.274993896
0.998931885,-9.774703979,0.29725647,-0.24130249,0.108795166,-0.248123169
0.936721802,-10.14797974,0.031646729,-0.334747314,-0.004821777,-0.296386719
0.570617676,-9.918273926,0.378601074,-0.334747314,-0.004821777,-0.296386719
-0.099365234,-9.604812622,1.027069092,-0.483184814,0.025115967,-0.262786865
-0.68081665,-9.399017334,1.1849823,-0.483184814,0.025115967,-0.262786865
-0.838745117,-9.77230835,1.010314941,-0.460586548,-0.203948975,-0.077697754
0.350479126,-10.5930481,0.98878479,-0.510070801,-0.315139771,0.093963623
0.843399048,-10.41596985,1.354873657,-0.468536377,-0.459289551,0.089065552
0.90562439,-11.09313965,0.459960938,-0.053161621,-0.670654297,0.164810181
1.259750366,-10.47819519,-1.267654419,0.773956299,-0.679824829,0.257659912
0.508407593,-8.934814453,-2.574142456,1.040298462,-0.588806152,0.355407715
0.508407593,-10.86343384,-2.543029785,1.128860474,-0.781219482,0.683441162
-1.051712036,-12.70350647,-0.899154663,0.660949707,-0.481903076,0.610122681
-0.979919434,-10.57868958,0.139328003,0.37689209,0.039779663,0.577148438
-0.857894897,-9.023345947,0.182403564,0.234558105,-0.187454224,0.512390137
-0.92010498,-8.841491699,1.024673462,0.234558105,-0.187454224,0.512390137
-1.353210449,-8.18107605,0.720779419,0.225402832,0.011688232,0.301040649
-1.202453613,-7.666625977,0.713607788,0.120330811,0.140563965,0.025543213
-1.391494751,-7.762329102,1.460159302,-0.061080933,0.114303589,-0.336700439
-2.085403442,-7.72164917,2.048797607,-0.024429321,0.210800171,-0.69770813
-3.549819946,-8.511291504,2.400543213,-0.004272461,0.259063721,-0.636627197
-4.404052734,-9.200424194,3.405532837,-0.004272461,0.259063721,-0.636627197
-2.767364502,-10.3944397,2.510620117,0.312759399,0.666503906,-0.18031311
-0.893783569,-16.08695984,-0.372741699,0.312759399,0.666503906,-0.18031311
2.085281372,-25.65586853,-2.275039673,-0.185089111,0.687896729,-0.196807861
1.365036011,-5.91986084,0.75189209,-0.99937439,1.119781494,0.274154663
1.097045898,-7.06842041,0.644210815,-0.709213257,1.195526123,0.031661987
1.601928711,-11.14100647,0.249389648,-0.018936157,0.280456543,-0.324478149
1.654571533,-9.78666687,0.194366455,-0.419662476,0.779525757,-0.438095093
0.651977539,-6.987060547,0.931350708,-0.485015869,0.651855469,-0.165039063
1.530151367,-6.6065979,0.570037842,-0.485015869,0.651855469,-0.165039063
2.27192688,-10.41357422,-0.667053223,-0.106903076,0.256622314,-0.08807373
1.314788818,-10.41357422,0.038833618,-0.007949829,0.206542969,-0.209014893
0.884078979,-9.607208252,0.450393677,-0.208312988,0.164993286,-0.295761108
1.293258667,-9.930236816,-0.109527588,-0.183868408,-0.078109741,-0.255447388
0.88168335,-10.01158142,0.002929688,-0.233352661,-0.089111328,-0.32875061
0.367233276,-9.812988281,0.759063721,-0.368347168,-0.115371704,-0.307373047
-0.326690674,-9.320068359,1.295059204,-0.349411011,-0.360336304,-0.146713257
-0.515716553,-10.34896851,0.639419556,-0.349411011,-0.360336304,-0.146713257
0.67350769,-11.20082092,0.701644897,-0.337188721,-0.703643799,-0.026992798
